PROJID,gse,SAMID,sample_name,organism,gsm,author_tissue,tissueOntologyName,tissueOntologyID,isOrganoid,isCellLine,author_cellline,cellLineOntologyName,cellLineOntologyID,author_celltype,cellOntologyName,cellOntologyID,author_disease,diseaseOntologyName,diseaseOntologyID,treatment,genotype,donor,sex,age,age_group,group
PROJ001,GSE158013,SAM0001,X066-MP0C1W1_leukopak_nuclei_multiome_200M,Homo sapiens,GSM5123949,Peripheral blood,blood,UBERON:0000178,0,0,notAvailable,notAvailable,notAvailable,PBMC,peripheral blood mononuclear cell,CL:2000001,healthy,normal,PATO:0000461,notAvailable,notAvailable,HMN200910,notAvailable,notAvailable,notAvailable,isolated nuclei
PROJ001,GSE158013,SAM0002,X066-MP0C1W2_leukopak_perm-cells_multiome_200M,Homo sapiens,GSM5123950,Peripheral blood,blood,UBERON:0000178,0,0,notAvailable,notAvailable,notAvailable,PBMC,peripheral blood mononuclear cell,CL:2000001,healthy,normal,PATO:0000461,notAvailable,notAvailable,HMN200910,notAvailable,notAvailable,notAvailable,0.01% digitonin perm
PROJ002,GSE163323,SAM0003,SN_MULTI_2942,Homo sapiens,GSM6157294,substantia nigra,substantia nigra,UBERON:0002038,0,0,notAvailable,notAvailable,notAvailable,notAvailable,notAvailable,notAvailable,notAvailable,notAvailable,notAvailable,notAvailable,notAvailable,S2942,notAvailable,notAvailable,notAvailable,notAvailable
PROJ002,GSE163323,SAM0004,SN_MULTI_2960,Homo sapiens,GSM6157290,substantia nigra,substantia nigra,UBERON:0002038,0,0,notAvailable,notAvailable,notAvailable,notAvailable,notAvailable,notAvailable,notAvailable,notAvailable,notAvailable,notAvailable,notAvailable,S2960,notAvailable,notAvailable,notAvailable,notAvailable
PROJ002,GSE163323,SAM0005,SN_MULTI_2972,Homo sapiens,GSM6157292,substantia nigra,substantia nigra,UBERON:0002038,0,0,notAvailable,notAvailable,notAvailable,notAvailable,notAvailable,notAvailable,notAvailable,notAvailable,notAvailable,notAvailable,notAvailable,S2972,notAvailable,notAvailable,notAvailable,notAvailable
PROJ003,GSE165114,SAM0006,E13_MGE_multi,Mus musculus,GSM5026377,MGE,medial ganglionic eminence,UBERON:0004024,0,0,notAvailable,notAvailable,notAvailable,MGE cells,medial ganglionic eminence cell,CL:0002625,healthy,normal,PATO:0000461,notAvailable,CD1_WT,notAvailable,notAvailable,13_day,embryonic,notAvailable
PROJ004,GSE166188,SAM0007,LLL_STIM,Homo sapiens,GSM5065527,Peripheral blood,blood,UBERON:0000178,0,0,notAvailable,notAvailable,notAvailable,PBMC,peripheral blood mononuclear cell,CL:2000001,healthy,normal,PATO:0000461,IL2_antiCD3_antiCD28_stimulation_16h,notAvailable,notAvailable,notAvailable,notAvailable,notAvailable,notAvailable
PROJ004,GSE166188,SAM0008,LLL_CTRL,Homo sapiens,GSM5065524,Peripheral blood,blood,UBERON:0000178,0,0,notAvailable,notAvailable,notAvailable,PBMC,peripheral blood mononuclear cell,CL:2000001,healthy,normal,PATO:0000461,IL2_stimulation_16h,notAvailable,notAvailable,notAvailable,notAvailable,notAvailable,notAvailable
PROJ004,GSE166188,SAM0009,DIG_STIM,Homo sapiens,GSM5065533,Peripheral blood,blood,UBERON:0000178,0,0,notAvailable,notAvailable,notAvailable,PBMC,peripheral blood mononuclear cell,CL:2000001,healthy,normal,PATO:0000461,IL2_antiCD3_antiCD28_stimulation_16h,notAvailable,notAvailable,notAvailable,notAvailable,notAvailable,notAvailable
PROJ004,GSE166188,SAM0010,DIG_CTRL,Homo sapiens,GSM5065530,Peripheral blood,blood,UBERON:0000178,0,0,notAvailable,notAvailable,notAvailable,PBMC,peripheral blood mononuclear cell,CL:2000001,healthy,normal,PATO:0000461,IL2_stimulation_16h,notAvailable,notAvailable,notAvailable,notAvailable,notAvailable,notAvailable
PROJ005,GSE166797,SAM0011,GM12878_rep2,Homo sapiens,GSM5085812,GM12878,blood,UBERON:0000178,0,1,GM12878,GM12878,CVCL_7526,notAvailable,notAvailable,notAvailable,healthy,normal,PATO:0000461,notAvailable,notAvailable,notAvailable,notAvailable,notAvailable,notAvailable,notAvailable
PROJ005,GSE166797,SAM0012,GM12878_rep1,Homo sapiens,GSM5085810,GM12878,blood,UBERON:0000178,0,1,GM12878,GM12878,CVCL_7526,notAvailable,notAvailable,notAvailable,healthy,normal,PATO:0000461,notAvailable,notAvailable,notAvailable,notAvailable,notAvailable,notAvailable,notAvailable
PROJ006,GSE169519,SAM0013,Control_Multi,Mus musculus,GSM7247423,retina,retina,UBERON:0000966,0,0,notAvailable,notAvailable,notAvailable,Muller glia,Mueller cell,CL:0000636,normal,normal,PATO:0000461,notAvailable,IKZF1_IKZF4_control,notAvailable,notAvailable,notAvailable,notAvailable,notAvailable
PROJ006,GSE169519,SAM0014,Ikzf14_Multi,Mus musculus,GSM7247425,retina,retina,UBERON:0000966,0,0,notAvailable,notAvailable,notAvailable,10x Multiome - Ikzf1/4,Mueller cell,CL:0000636,normal,normal,PATO:0000461,notAvailable,IKZF1_IKZF4_OE,notAvailable,notAvailable,notAvailable,notAvailable,notAvailable
PROJ007,GSE178453,SAM0015,HF1M-Cryo,Homo sapiens,GSM5391776,frozen post-mortem pituitary,pituitary gland,UBERON:0000007,0,0,notAvailable,notAvailable,notAvailable,notAvailable,notAvailable,notAvailable,normal,normal,PATO:0000461,notAvailable,notAvailable,notAvailable,female,2_year,pediatric,notAvailable
PROJ008,GSE178707,SAM0016,Standard_Multiome_GM12878,Homo sapiens,GSM5916383,GM12878,blood,UBERON:0000178,0,1,GM12878,GM12878,CVCL_7526,notAvailable,notAvailable,notAvailable,healthy,normal,PATO:0000461,notAvailable,notAvailable,notAvailable,notAvailable,notAvailable,notAvailable,notAvailable
PROJ009,GSE180900,SAM0017,P2 whole kidneys,Mus musculus,GSM5808110,whole kidneys,kidney,UBERON:0002113,0,0,notAvailable,notAvailable,notAvailable,notAvailable,notAvailable,notAvailable,healthy,normal,PATO:0000461,notAvailable,WT,notAvailable,notAvailable,2_day,postnatal,notAvailable
PROJ009,GSE180900,SAM0018,E16.5 whole kidneys,Mus musculus,GSM5474448,whole kidneys,kidney,UBERON:0002113,0,0,notAvailable,notAvailable,notAvailable,notAvailable,notAvailable,notAvailable,healthy,normal,PATO:0000461,notAvailable,WT,notAvailable,notAvailable,16.5_day,embryonic,notAvailable
PROJ010,GSE182202,SAM0019,P1_cochlea_wildtype_10x_scRNA_scATAC_filtered_feature_bc_matrix,Mus musculus,GSM6883295,Inner ear cochlea,cochlea,UBERON:0001844,0,0,notAvailable,notAvailable,notAvailable,notAvailable,notAvailable,notAvailable,healthy,normal,PATO:0000461,notAvailable,WT,notAvailable,notAvailable,1_day,postnatal,notAvailable
PROJ010,GSE182202,SAM0020,P8_cochlea_wildtype_10x_scRNA_scATAC_filtered_feature_bc_matrix,Mus musculus,GSM6883297,Inner ear cochlea,cochlea,UBERON:0001844,0,0,notAvailable,notAvailable,notAvailable,notAvailable,notAvailable,notAvailable,healthy,normal,PATO:0000461,notAvailable,WT,notAvailable,notAvailable,8_day,postnatal,notAvailable
PROJ011,GSE185789,SAM0021,GSE185789,Mus musculus,GSM5623772,bone marrow,bone marrow,UBERON:0002371,0,0,notAvailable,notAvailable,notAvailable,tdTomato+ stromal cells,stromal cell,CL:0000499,healthy,normal,PATO:0000461,notAvailable,Prrx1_Cre_ROSA26_tdTomato_reporter,notAvailable,notAvailable,21_day,postnatal,notAvailable
PROJ012,GSE192780,SAM0022,042718M-TRM,Homo sapiens,GSM5765326,ovary,ovary,UBERON:0000992,0,0,notAvailable,notAvailable,notAvailable,CD8 TILs; TRM CD8+ TILs,"CD8-positive, alpha-beta T cell",CL:0000625,hgsoc,ovarian serous carcinoma,DOID:0050933,notAvailable,notAvailable,042718M,female,notAvailable,notAvailable,notAvailable
PROJ012,GSE192780,SAM0023,041218M-TRM,Homo sapiens,GSM5765330,ovary,ovary,UBERON:0000992,0,0,notAvailable,notAvailable,notAvailable,CD8 TILs; TRM CD8+ TILs,"CD8-positive, alpha-beta T cell",CL:0000625,hgsoc,ovarian serous carcinoma,DOID:0050933,notAvailable,notAvailable,041218M,female,notAvailable,notAvailable,notAvailable
PROJ012,GSE192780,SAM0024,042718M-ReCir,Homo sapiens,GSM5765328,ovary,ovary,UBERON:0000992,0,0,notAvailable,notAvailable,notAvailable,CD8 TILs; Re-circulating CD8+ TILs,"CD8-positive, alpha-beta T cell",CL:0000625,hgsoc,ovarian serous carcinoma,DOID:0050933,notAvailable,notAvailable,042718M,female,notAvailable,notAvailable,notAvailable
PROJ012,GSE192780,SAM0025,100809M-TRM,Homo sapiens,GSM5765322,ovary,ovary,UBERON:0000992,0,0,notAvailable,notAvailable,notAvailable,CD8 TILs; TRM CD8+ TILs,"CD8-positive, alpha-beta T cell",CL:0000625,hgsoc,ovarian serous carcinoma,DOID:0050933,notAvailable,notAvailable,100809M,female,notAvailable,notAvailable,notAvailable
PROJ012,GSE192780,SAM0026,100809M-ReCir,Homo sapiens,GSM5765324,ovary,ovary,UBERON:0000992,0,0,notAvailable,notAvailable,notAvailable,CD8 TILs; Re-circulating CD8+ TILs,"CD8-positive, alpha-beta T cell",CL:0000625,hgsoc,ovarian serous carcinoma,DOID:0050933,notAvailable,notAvailable,100809M,female,notAvailable,notAvailable,notAvailable
PROJ012,GSE192780,SAM0027,012320M-TRM,Homo sapiens,GSM5765318,ovary,ovary,UBERON:0000992,0,0,notAvailable,notAvailable,notAvailable,CD8 TILs; TRM CD8+ TILs,"CD8-positive, alpha-beta T cell",CL:0000625,hgsoc,ovarian serous carcinoma,DOID:0050933,notAvailable,notAvailable,012320M,female,notAvailable,notAvailable,notAvailable
PROJ012,GSE192780,SAM0028,012320M-ReCir,Homo sapiens,GSM5765320,ovary,ovary,UBERON:0000992,0,0,notAvailable,notAvailable,notAvailable,CD8 TILs; Re-circulating CD8+ TILs,"CD8-positive, alpha-beta T cell",CL:0000625,hgsoc,ovarian serous carcinoma,DOID:0050933,notAvailable,notAvailable,012320M,female,notAvailable,notAvailable,notAvailable
PROJ012,GSE192780,SAM0029,041218M-ReCir,Homo sapiens,GSM5765332,ovary,ovary,UBERON:0000992,0,0,notAvailable,notAvailable,notAvailable,CD8 TILs; Re-circulating CD8+ TILs,"CD8-positive, alpha-beta T cell",CL:0000625,hgsoc,ovarian serous carcinoma,DOID:0050933,notAvailable,notAvailable,041218M,female,c,notAvailable,notAvailable
PROJ013,GSE193238,SAM0030,P21208_1004,Mus musculus,GSM5777132,spinal cord,spinal cord,UBERON:0002240,0,0,notAvailable,notAvailable,notAvailable,notAvailable,notAvailable,notAvailable,control,normal,PATO:0000461,CFA_control,WT,notAvailable,notAvailable,notAvailable,notAvailable,notAvailable
PROJ013,GSE193238,SAM0031,P21208_1005,Mus musculus,GSM5777133,spinal cord,spinal cord,UBERON:0002240,0,0,notAvailable,notAvailable,notAvailable,notAvailable,notAvailable,notAvailable,eae_disease_peak,experimental autoimmune encephalomyelitis,MONDO:0005134,EAE_induction_MOG35_55_CFA_pertussis_toxin,WT,notAvailable,notAvailable,notAvailable,notAvailable,notAvailable
PROJ014,GSE193240,SAM0032,PD004,Homo sapiens,GSM5777209,Grey matter,brain gray matter,UBERON:0003528,0,0,notAvailable,notAvailable,notAvailable,notAvailable,notAvailable,notAvailable,healthy,normal,PATO:0000461,notAvailable,notAvailable,PD004,notAvailable,notAvailable,notAvailable,notAvailable
PROJ014,GSE193240,SAM0033,PD003,Homo sapiens,GSM5777208,Grey matter,brain gray matter,UBERON:0003528,0,0,notAvailable,notAvailable,notAvailable,notAvailable,notAvailable,notAvailable,healthy,normal,PATO:0000461,notAvailable,notAvailable,PD003,notAvailable,notAvailable,notAvailable,notAvailable
PROJ015,GSE193688,SAM0034,P4653,Homo sapiens,GSM5818661,Human post-mortem midbrain,substantia nigra,UBERON:0002038,0,0,notAvailable,notAvailable,notAvailable,notAvailable,notAvailable,notAvailable,parkinson's disease,Parkinson's disease,DOID:14330,notAvailable,notAvailable,P4653,male,87 year,adult,PD
PROJ015,GSE193688,SAM0035,P02284,Homo sapiens,GSM5818658,Human post-mortem midbrain,substantia nigra,UBERON:0002038,0,0,notAvailable,notAvailable,notAvailable,notAvailable,notAvailable,notAvailable,parkinson's disease,Parkinson's disease,DOID:14330,notAvailable,notAvailable,P02284,male,89 year,adult,PD
PROJ015,GSE193688,SAM0036,P4884,Homo sapiens,GSM5818663,Human post-mortem midbrain,substantia nigra,UBERON:0002038,0,0,notAvailable,notAvailable,notAvailable,notAvailable,notAvailable,notAvailable,parkinson's disease,Parkinson's disease,DOID:14330,notAvailable,notAvailable,P4884,male,79 year,adult,PD
PROJ015,GSE193688,SAM0037,P5626,Homo sapiens,GSM5818667,Human post-mortem midbrain,substantia nigra,UBERON:0002038,0,0,notAvailable,notAvailable,notAvailable,notAvailable,notAvailable,notAvailable,parkinson's disease,Parkinson's disease,DOID:14330,notAvailable,notAvailable,P5626,male,74 year,adult,PD
PROJ015,GSE193688,SAM0038,YC5442,Homo sapiens,GSM5818676,Human post-mortem midbrain,substantia nigra,UBERON:0002038,0,0,notAvailable,notAvailable,notAvailable,notAvailable,notAvailable,notAvailable,healthy,normal,PATO:0000461,notAvailable,notAvailable,YC5442,male,27 year,adult,Young
PROJ015,GSE193688,SAM0039,YC5813,Homo sapiens,GSM5818679,Human post-mortem midbrain,substantia nigra,UBERON:0002038,0,0,notAvailable,notAvailable,notAvailable,notAvailable,notAvailable,notAvailable,healthy,normal,PATO:0000461,notAvailable,notAvailable,YC5813,male,20 year,adult,Young
PROJ015,GSE193688,SAM0040,C16007,Homo sapiens,GSM5818649,Human post-mortem midbrain,substantia nigra,UBERON:0002038,0,0,notAvailable,notAvailable,notAvailable,notAvailable,notAvailable,notAvailable,healthy,normal,PATO:0000461,notAvailable,notAvailable,C16007,male,55 year,adult,Aged
PROJ015,GSE193688,SAM0041,P5331,Homo sapiens,GSM5818666,Human post-mortem midbrain,substantia nigra,UBERON:0002038,0,0,notAvailable,notAvailable,notAvailable,notAvailable,notAvailable,notAvailable,parkinson's disease,Parkinson's disease,DOID:14330,notAvailable,notAvailable,P5331,male,81 year,adult,PD
PROJ015,GSE193688,SAM0042,C4361,Homo sapiens,GSM5818652,Human post-mortem midbrain,substantia nigra,UBERON:0002038,0,0,notAvailable,notAvailable,notAvailable,notAvailable,notAvailable,notAvailable,healthy,normal,PATO:0000461,notAvailable,notAvailable,C4361,female,77 year,adult,Aged
PROJ015,GSE193688,SAM0043,C4660,Homo sapiens,GSM5818654,Human post-mortem midbrain,substantia nigra,UBERON:0002038,0,0,notAvailable,notAvailable,notAvailable,notAvailable,notAvailable,notAvailable,healthy,normal,PATO:0000461,notAvailable,notAvailable,C4660,female,73 year,adult,Aged
PROJ015,GSE193688,SAM0044,P4560,Homo sapiens,GSM5818660,Human post-mortem midbrain,substantia nigra,UBERON:0002038,0,0,notAvailable,notAvailable,notAvailable,notAvailable,notAvailable,notAvailable,parkinson's disease,Parkinson's disease,DOID:14330,notAvailable,notAvailable,P4560,female,83 year,adult,PD
PROJ015,GSE193688,SAM0045,P6320,Homo sapiens,GSM5818670,Human post-mortem midbrain,substantia nigra,UBERON:0002038,0,0,notAvailable,notAvailable,notAvailable,notAvailable,notAvailable,notAvailable,parkinson's disease,Parkinson's disease,DOID:14330,notAvailable,notAvailable,P6320,male,88 year,adult,PD
PROJ015,GSE193688,SAM0046,P5662,Homo sapiens,GSM5818668,Human post-mortem midbrain,substantia nigra,UBERON:0002038,0,0,notAvailable,notAvailable,notAvailable,notAvailable,notAvailable,notAvailable,parkinson's disease,Parkinson's disease,DOID:14330,notAvailable,notAvailable,P5662,male,78 year,adult,PD
PROJ015,GSE193688,SAM0047,YC5751,Homo sapiens,GSM5818678,Human post-mortem midbrain,substantia nigra,UBERON:0002038,0,0,notAvailable,notAvailable,notAvailable,notAvailable,notAvailable,notAvailable,healthy,normal,PATO:0000461,notAvailable,notAvailable,YC5751,female,25 year,adult,Young
PROJ015,GSE193688,SAM0048,YC5928,Homo sapiens,GSM5818680,Human post-mortem midbrain,substantia nigra,UBERON:0002038,0,0,notAvailable,notAvailable,notAvailable,notAvailable,notAvailable,notAvailable,healthy,normal,PATO:0000461,notAvailable,notAvailable,YC5928,female,27 year,adult,Young
PROJ015,GSE193688,SAM0049,C4176,Homo sapiens,GSM5818650,Human post-mortem midbrain,substantia nigra,UBERON:0002038,0,0,notAvailable,notAvailable,notAvailable,notAvailable,notAvailable,notAvailable,healthy,normal,PATO:0000461,notAvailable,notAvailable,C4176,female,85 year,adult,Aged
PROJ015,GSE193688,SAM0050,C4634,Homo sapiens,GSM5818653,Human post-mortem midbrain,substantia nigra,UBERON:0002038,0,0,notAvailable,notAvailable,notAvailable,notAvailable,notAvailable,notAvailable,healthy,normal,PATO:0000461,notAvailable,notAvailable,C4634,male,70 year,adult,Aged
PROJ015,GSE193688,SAM0051,P6259,Homo sapiens,GSM5818669,Human post-mortem midbrain,substantia nigra,UBERON:0002038,0,0,notAvailable,notAvailable,notAvailable,notAvailable,notAvailable,notAvailable,parkinson's disease,Parkinson's disease,DOID:14330,notAvailable,notAvailable,P6259,male,72 year,adult,PD
PROJ015,GSE193688,SAM0052,C4322,Homo sapiens,GSM5818651,Human post-mortem midbrain,substantia nigra,UBERON:0002038,0,0,notAvailable,notAvailable,notAvailable,notAvailable,notAvailable,notAvailable,healthy,normal,PATO:0000461,notAvailable,notAvailable,C4322,male,88 year,adult,Aged
PROJ015,GSE193688,SAM0053,P6326,Homo sapiens,GSM5818672,Human post-mortem midbrain,substantia nigra,UBERON:0002038,0,0,notAvailable,notAvailable,notAvailable,notAvailable,notAvailable,notAvailable,parkinson's disease,Parkinson's disease,DOID:14330,notAvailable,notAvailable,P6326,male,84 year,adult,PD
PROJ015,GSE193688,SAM0054,P6323,Homo sapiens,GSM5818671,Human post-mortem midbrain,substantia nigra,UBERON:0002038,0,0,notAvailable,notAvailable,notAvailable,notAvailable,notAvailable,notAvailable,parkinson's disease,Parkinson's disease,DOID:14330,notAvailable,notAvailable,P6323,male,81 year,adult,PD
PROJ015,GSE193688,SAM0055,YC5626,Homo sapiens,GSM5818677,Human post-mortem midbrain,substantia nigra,UBERON:0002038,0,0,notAvailable,notAvailable,notAvailable,notAvailable,notAvailable,notAvailable,healthy,normal,PATO:0000461,notAvailable,notAvailable,YC5626,male,27 year,adult,Young
PROJ015,GSE193688,SAM0056,C4814,Homo sapiens,GSM5818656,Human post-mortem midbrain,substantia nigra,UBERON:0002038,0,0,notAvailable,notAvailable,notAvailable,notAvailable,notAvailable,notAvailable,healthy,normal,PATO:0000461,notAvailable,notAvailable,C4814,female,70 year,adult,Aged
PROJ015,GSE193688,SAM0057,C4691,Homo sapiens,GSM5818655,Human post-mortem midbrain,substantia nigra,UBERON:0002038,0,0,notAvailable,notAvailable,notAvailable,notAvailable,notAvailable,notAvailable,healthy,normal,PATO:0000461,notAvailable,notAvailable,C4691,male,74 year,adult,Aged
PROJ015,GSE193688,SAM0058,C5410,Homo sapiens,GSM5818657,Human post-mortem midbrain,substantia nigra,UBERON:0002038,0,0,notAvailable,notAvailable,notAvailable,notAvailable,notAvailable,notAvailable,healthy,normal,PATO:0000461,notAvailable,notAvailable,C5410,female,81 year,adult,Aged
PROJ015,GSE193688,SAM0059,P4919,Homo sapiens,GSM5818664,Human post-mortem midbrain,substantia nigra,UBERON:0002038,0,0,notAvailable,notAvailable,notAvailable,notAvailable,notAvailable,notAvailable,parkinson's disease,Parkinson's disease,DOID:14330,notAvailable,notAvailable,P4919,male,83 year,adult,PD
PROJ015,GSE193688,SAM0060,P4772,Homo sapiens,GSM5818662,Human post-mortem midbrain,substantia nigra,UBERON:0002038,0,0,notAvailable,notAvailable,notAvailable,notAvailable,notAvailable,notAvailable,parkinson's disease,Parkinson's disease,DOID:14330,notAvailable,notAvailable,P4772,male,81 year,adult,PD
PROJ015,GSE193688,SAM0061,YC5276,Homo sapiens,GSM5818674,Human post-mortem midbrain,substantia nigra,UBERON:0002038,0,0,notAvailable,notAvailable,notAvailable,notAvailable,notAvailable,notAvailable,healthy,normal,PATO:0000461,notAvailable,notAvailable,YC5276,male,22 year,adult,Young
PROJ015,GSE193688,SAM0062,YC4345,Homo sapiens,GSM5818673,Human post-mortem midbrain,substantia nigra,UBERON:0002038,0,0,notAvailable,notAvailable,notAvailable,notAvailable,notAvailable,notAvailable,healthy,normal,PATO:0000461,notAvailable,notAvailable,YC4345,female,27 year,adult,Young
PROJ015,GSE193688,SAM0063,YC6235,Homo sapiens,GSM5818681,Human post-mortem midbrain,substantia nigra,UBERON:0002038,0,0,notAvailable,notAvailable,notAvailable,notAvailable,notAvailable,notAvailable,healthy,normal,PATO:0000461,notAvailable,notAvailable,YC6235,female,21 year,adult,Young
PROJ015,GSE193688,SAM0064,P4205,Homo sapiens,GSM5818659,Human post-mortem midbrain,substantia nigra,UBERON:0002038,0,0,notAvailable,notAvailable,notAvailable,notAvailable,notAvailable,notAvailable,parkinson's disease,Parkinson's disease,DOID:14330,notAvailable,notAvailable,P4205,male,74 year,adult,PD
PROJ015,GSE193688,SAM0065,YC5346,Homo sapiens,GSM5818675,Human post-mortem midbrain,substantia nigra,UBERON:0002038,0,0,notAvailable,notAvailable,notAvailable,notAvailable,notAvailable,notAvailable,healthy,normal,PATO:0000461,notAvailable,notAvailable,YC5346,female,24 year,adult,Young
PROJ015,GSE193688,SAM0066,P5318,Homo sapiens,GSM5818665,Human post-mortem midbrain,substantia nigra,UBERON:0002038,0,0,notAvailable,notAvailable,notAvailable,notAvailable,notAvailable,notAvailable,parkinson's disease,Parkinson's disease,DOID:14330,notAvailable,notAvailable,P5318,male,87 year,adult,PD
PROJ015,GSE193688,SAM0067,YC914,Homo sapiens,GSM5818682,Human post-mortem midbrain,substantia nigra,UBERON:0002038,0,0,notAvailable,notAvailable,notAvailable,notAvailable,notAvailable,notAvailable,healthy,normal,PATO:0000461,notAvailable,notAvailable,YC914,male,20 year,adult,Young
PROJ016,GSE196990,SAM0068,bmmc,Homo sapiens,GSM7493830,Bone Marrow,bone marrow,UBERON:0002371,0,0,notAvailable,notAvailable,notAvailable,mononuclear cell,mononuclear cell of bone marrow,CL:0010004,long COVID,long COVID,DOID:0080848,notAvailable,notAvailable,pie1,notAvailable,notAvailable,notAvailable,notAvailable
PROJ016,GSE196990,SAM0069,pbmc,Homo sapiens,GSM7493831,Peripheral blood,blood,UBERON:0000178,0,0,notAvailable,notAvailable,notAvailable,PBMC,peripheral blood mononuclear cell,CL:2000001,long COVID,long COVID,DOID:0080848,notAvailable,notAvailable,pie1,notAvailable,notAvailable,notAvailable,notAvailable
PROJ017,GSE197912,SAM0070,H9d7_GRHL2_KO,Homo sapiens,GSM5932295,H9,embryo,UBERON:0000922,1,1,H9,WA09,CVCL_9773,hESC,embryonic stem cell,CL:0002322,healthy,normal,PATO:0000461,notAvailable,GRHL2_KO,notAvailable,notAvailable,notAvailable,notAvailable,notAvailable
PROJ017,GSE197912,SAM0071,H9d7_WT,Homo sapiens,GSM5932294,H9,embryo,UBERON:0000922,1,1,H9,WA09,CVCL_9773,hESC,embryonic stem cell,CL:0002322,healthy,normal,PATO:0000461,notAvailable,GRHL2_WT,notAvailable,notAvailable,notAvailable,notAvailable,notAvailable
PROJ018,GSE199636,SAM0072,txpscislet1,Homo sapiens,GSM5979682,scislet,islet of Langerhans,UBERON:0000006,1,1,HUES 8,HUES 8,CVCL_B207,ES-Derived Islet,embryonic stem cell,CL:0002322,healthy,normal,PATO:0000461,notAvailable,notAvailable,notAvailable,notAvailable,notAvailable,Transplanted Week 27,notAvailable
PROJ018,GSE199636,SAM0073,humanislet2,Homo sapiens,GSM5979680,humanislet,islet of Langerhans,UBERON:0000006,0,0,notAvailable,notAvailable,notAvailable,Primary,notAvailable,notAvailable,normal,normal,PATO:0000461,notAvailable,notAvailable,Primary Human islet 2,male,18_year,adolescent,notAvailable
PROJ018,GSE199636,SAM0074,CTCFDox,Homo sapiens,GSM5979690,scislet,islet of Langerhans,UBERON:0000006,1,1,H1,WA01,CVCL_9771,ES-Derived Islet,embryonic stem cell,CL:0002322,healthy,normal,PATO:0000461,doxycycline_treatment,CTCF_OE,notAvailable,notAvailable,notAvailable,Stage 6 Week 0,notAvailable
PROJ018,GSE199636,SAM0075,shGFPCtrl,Homo sapiens,GSM5979692,scislet,islet of Langerhans,UBERON:0000006,1,1,pluripotent_stem_cell,HUES 8,CVCL_B207,ES-Derived Islet,embryonic stem cell,CL:0002322,healthy,normal,PATO:0000461,notAvailable,ARID1B_WT,notAvailable,notAvailable,notAvailable,Stage 6 Week 2,notAvailable
PROJ018,GSE199636,SAM0076,scislet2,Homo sapiens,GSM5979666,scislet,islet of Langerhans,UBERON:0000006,1,1,HUES 8,HUES 8,CVCL_B207,ES-Derived Islet,embryonic stem cell,CL:0002322,healthy,normal,PATO:0000461,notAvailable,notAvailable,notAvailable,notAvailable,notAvailable,Stage 6 Week 2,notAvailable
PROJ018,GSE199636,SAM0077,week4,Homo sapiens,GSM5979676,scislet,islet of Langerhans,UBERON:0000006,1,1,HUES 8,HUES 8,CVCL_B207,ES-Derived Islet,embryonic stem cell,CL:0002322,healthy,normal,PATO:0000461,notAvailable,notAvailable,notAvailable,notAvailable,notAvailable,Stage 6 Week 4,notAvailable
PROJ018,GSE199636,SAM0078,humanislet3,Homo sapiens,GSM7096627,humanislet,islet of Langerhans,UBERON:0000006,0,0,notAvailable,notAvailable,notAvailable,Primary,notAvailable,notAvailable,normal,normal,PATO:0000461,notAvailable,notAvailable,Primary Human islet 3,male,68_year,adult,notAvailable
PROJ018,GSE199636,SAM0079,txpscislet3,Homo sapiens,GSM5979686,scislet,islet of Langerhans,UBERON:0000006,1,1,HUES 8,HUES 8,CVCL_B207,ES-Derived Islet,embryonic stem cell,CL:0002322,healthy,normal,PATO:0000461,notAvailable,notAvailable,notAvailable,notAvailable,notAvailable,Transplanted Week 27,notAvailable
PROJ018,GSE199636,SAM0080,month6,Homo sapiens,GSM6571151,scislet,islet of Langerhans,UBERON:0000006,1,1,pluripotent_stem_cell,HUES 8,CVCL_B207,ES-Derived Islet,embryonic stem cell,CL:0002322,healthy,normal,PATO:0000461,notAvailable,notAvailable,notAvailable,notAvailable,notAvailable,Stage 6 Week 27,notAvailable
PROJ018,GSE199636,SAM0081,week2,Homo sapiens,GSM5979672,scislet,islet of Langerhans,UBERON:0000006,1,1,HUES 8,HUES 8,CVCL_B207,ES-Derived Islet,embryonic stem cell,CL:0002322,healthy,normal,PATO:0000461,notAvailable,notAvailable,notAvailable,notAvailable,notAvailable,Stage 6 Week 2,notAvailable
PROJ018,GSE199636,SAM0082,scislet1,Homo sapiens,GSM5979664,scislet,islet of Langerhans,UBERON:0000006,1,1,HUES 8,HUES 8,CVCL_B207,ES-Derived Islet,embryonic stem cell,CL:0002322,healthy,normal,PATO:0000461,notAvailable,notAvailable,notAvailable,notAvailable,notAvailable,Stage 6 Week 2,notAvailable
PROJ018,GSE199636,SAM0083,week3,Homo sapiens,GSM5979674,scislet,islet of Langerhans,UBERON:0000006,1,1,HUES 8,HUES 8,CVCL_B207,ES-Derived Islet,embryonic stem cell,CL:0002322,healthy,normal,PATO:0000461,notAvailable,notAvailable,notAvailable,notAvailable,notAvailable,Stage 6 Week 3,notAvailable
PROJ018,GSE199636,SAM0084,CTCFCtrl,Homo sapiens,GSM5979688,scislet,islet of Langerhans,UBERON:0000006,1,1,H1,WA01,CVCL_9771,ES-Derived Islet,embryonic stem cell,CL:0002322,healthy,normal,PATO:0000461,untreated_control,CTCF_WT,notAvailable,notAvailable,notAvailable,Stage 6 Week 0,notAvailable
PROJ018,GSE199636,SAM0085,shARID1B,Homo sapiens,GSM5979694,scislet,islet of Langerhans,UBERON:0000006,1,1,pluripotent_stem_cell,HUES 8,CVCL_B207,ES-Derived Islet,embryonic stem cell,CL:0002322,healthy,normal,PATO:0000461,notAvailable,ARID1B_KD,notAvailable,notAvailable,notAvailable,Stage 6 Week 2,notAvailable
PROJ018,GSE199636,SAM0086,humanislet4,Homo sapiens,GSM7096629,humanislet,islet of Langerhans,UBERON:0000006,0,0,notAvailable,notAvailable,notAvailable,Primary,notAvailable,notAvailable,normal,normal,PATO:0000461,notAvailable,notAvailable,Primary Human islet 4,male,30_year,adult,notAvailable
PROJ018,GSE199636,SAM0087,txpscislet2,Homo sapiens,GSM5979684,scislet,islet of Langerhans,UBERON:0000006,1,1,HUES 8,HUES 8,CVCL_B207,ES-Derived Islet,embryonic stem cell,CL:0002322,healthy,normal,PATO:0000461,notAvailable,notAvailable,notAvailable,notAvailable,notAvailable,Transplanted Week 27,notAvailable
PROJ018,GSE199636,SAM0088,month12,Homo sapiens,GSM6571153,scislet,islet of Langerhans,UBERON:0000006,1,1,pluripotent_stem_cell,HUES 8,CVCL_B207,ES-Derived Islet,embryonic stem cell,CL:0002322,healthy,normal,PATO:0000461,notAvailable,notAvailable,notAvailable,notAvailable,notAvailable,Stage 6 Week 53,notAvailable
PROJ018,GSE199636,SAM0089,humanislet1,Homo sapiens,GSM5979678,humanislet,islet of Langerhans,UBERON:0000006,0,0,notAvailable,notAvailable,notAvailable,Primary,notAvailable,notAvailable,normal,normal,PATO:0000461,notAvailable,notAvailable,Primary Human islet 1,female,36_year,adult,notAvailable
PROJ019,GSE199994,SAM0090,HD1,Homo sapiens,GSM6018261,Peripheral blood,blood,UBERON:0000178,0,0,notAvailable,notAvailable,notAvailable,PBMC,peripheral blood mononuclear cell,CL:2000001,healthy,normal,PATO:0000461,notAvailable,notAvailable,HD1,notAvailable,notAvailable,notAvailable,healthy
PROJ019,GSE199994,SAM0091,P1,Homo sapiens,GSM6018264,Peripheral blood,blood,UBERON:0000178,0,0,notAvailable,notAvailable,notAvailable,PBMC,peripheral blood mononuclear cell,CL:2000001,melanoma,melanoma,DOID:1909,notAvailable,notAvailable,P1,notAvailable,notAvailable,notAvailable,high IFN-I response capacity
PROJ019,GSE199994,SAM0092,P2,Homo sapiens,GSM6018266,Peripheral blood,blood,UBERON:0000178,0,0,notAvailable,notAvailable,notAvailable,PBMC,peripheral blood mononuclear cell,CL:2000001,melanoma,melanoma,DOID:1909,notAvailable,notAvailable,P2,notAvailable,notAvailable,notAvailable,high IFN-I response capacity
PROJ019,GSE199994,SAM0093,P4,Homo sapiens,GSM6018269,Peripheral blood,blood,UBERON:0000178,0,0,notAvailable,notAvailable,notAvailable,PBMC,peripheral blood mononuclear cell,CL:2000001,melanoma,melanoma,DOID:1909,notAvailable,notAvailable,P4,notAvailable,notAvailable,notAvailable,high IFN-I response capacity
PROJ019,GSE199994,SAM0094,P5,Homo sapiens,GSM6018271,Peripheral blood,blood,UBERON:0000178,0,0,notAvailable,notAvailable,notAvailable,PBMC,peripheral blood mononuclear cell,CL:2000001,melanoma,melanoma,DOID:1909,notAvailable,notAvailable,P5,notAvailable,notAvailable,notAvailable,low IFN-I response capacity
PROJ019,GSE199994,SAM0095,P6,Homo sapiens,GSM6018272,Peripheral blood,blood,UBERON:0000178,0,0,notAvailable,notAvailable,notAvailable,PBMC,peripheral blood mononuclear cell,CL:2000001,melanoma,melanoma,DOID:1909,notAvailable,notAvailable,P6,notAvailable,notAvailable,notAvailable,low IFN-I response capacity
PROJ019,GSE199994,SAM0096,P7,Homo sapiens,GSM6018274,Peripheral blood,blood,UBERON:0000178,0,0,notAvailable,notAvailable,notAvailable,PBMC,peripheral blood mononuclear cell,CL:2000001,melanoma,melanoma,DOID:1909,notAvailable,notAvailable,P7,notAvailable,notAvailable,notAvailable,low IFN-I response capacity
PROJ019,GSE199994,SAM0097,P8,Homo sapiens,GSM6018275,Peripheral blood,blood,UBERON:0000178,0,0,notAvailable,notAvailable,notAvailable,PBMC,peripheral blood mononuclear cell,CL:2000001,melanoma,melanoma,DOID:1909,notAvailable,notAvailable,P8,notAvailable,notAvailable,notAvailable,low IFN-I response capacity
PROJ019,GSE199994,SAM0098,HD2,Homo sapiens,GSM6018263,Peripheral blood,blood,UBERON:0000178,0,0,notAvailable,notAvailable,notAvailable,PBMC,peripheral blood mononuclear cell,CL:2000001,healthy,normal,PATO:0000461,notAvailable,notAvailable,HD2,notAvailable,notAvailable,notAvailable,healthy
PROJ019,GSE199994,SAM0099,P3,Homo sapiens,GSM6018267,Peripheral blood,blood,UBERON:0000178,0,0,notAvailable,notAvailable,notAvailable,PBMC,peripheral blood mononuclear cell,CL:2000001,melanoma,melanoma,DOID:1909,notAvailable,notAvailable,P3,notAvailable,notAvailable,notAvailable,high IFN-I response capacity
PROJ020,GSE200046,SAM0100,BM_CD34_Rep2,Homo sapiens,GSM6005304,Bone marrow,bone marrow,UBERON:0002371,0,0,notAvailable,notAvailable,notAvailable,CD34+,bone marrow cell,CL:0002092,healthy,normal,PATO:0000461,notAvailable,notAvailable,healthy donor,notAvailable,notAvailable,notAvailable,CD34+
PROJ020,GSE200046,SAM0101,BM_Tcelldep_Rep1,Homo sapiens,GSM6005306,Bone marrow,bone marrow,UBERON:0002371,0,0,notAvailable,notAvailable,notAvailable,CD3-,bone marrow cell,CL:0002092,healthy,normal,PATO:0000461,notAvailable,notAvailable,healthy donor,notAvailable,notAvailable,notAvailable,CD3-
PROJ020,GSE200046,SAM0102,BM_Tcelldep_Rep2,Homo sapiens,GSM6005308,Bone marrow,bone marrow,UBERON:0002371,0,0,notAvailable,notAvailable,notAvailable,CD3-,bone marrow cell,CL:0002092,healthy,normal,PATO:0000461,notAvailable,notAvailable,healthy donor,notAvailable,notAvailable,notAvailable,CD3-
PROJ020,GSE200046,SAM0103,BM_CD34_Rep1,Homo sapiens,GSM6005302,Bone marrow,bone marrow,UBERON:0002371,0,0,notAvailable,notAvailable,notAvailable,CD34+,bone marrow cell,CL:0002092,healthy,normal,PATO:0000461,notAvailable,notAvailable,healthy donor,notAvailable,notAvailable,notAvailable,CD34+
PROJ021,GSE202543,SAM0104,Multiome_E2APBX1_CAR_T_D7_Spleen,Mus musculus,GSM6124207,Spleen,spleen,UBERON:0002106,0,0,notAvailable,notAvailable,notAvailable,CAR T cells,T cell,CL:0000084,B-cell ALL,B-cell acute lymphoblastic leukemia,DOID:0080638,notAvailable,WT,notAvailable,notAvailable,notAvailable,notAvailable,notAvailable
PROJ021,GSE202543,SAM0105,Multiome_B16_CAR_T_D7_Tumor,Mus musculus,GSM6124213,Tumor,skin of body,UBERON:0002097,0,0,notAvailable,notAvailable,notAvailable,CAR T cells,T cell,CL:0000084,Tumor,melanoma,DOID:1909,notAvailable,WT,notAvailable,notAvailable,notAvailable,notAvailable,notAvailable
PROJ021,GSE202543,SAM0106,Multiome_E2APBX1_CAR_T_D7_Spleen_Ctrl,Mus musculus,GSM6909382,Spleen,spleen,UBERON:0002106,0,0,notAvailable,notAvailable,notAvailable,CAR T cells,T cell,CL:0000084,B-cell ALL,B-cell acute lymphoblastic leukemia,DOID:0080638,notAvailable,WT,notAvailable,notAvailable,notAvailable,notAvailable,notAvailable
PROJ021,GSE202543,SAM0107,Multiome_E2APBX1_CAR_T_D7_Spleen_Foxp1KO,Mus musculus,GSM6909384,Spleen,spleen,UBERON:0002106,0,0,notAvailable,notAvailable,notAvailable,CAR T cells,T cell,CL:0000084,B-cell ALL,B-cell acute lymphoblastic leukemia,DOID:0080638,notAvailable,FOXP1_KO,notAvailable,notAvailable,notAvailable,notAvailable,notAvailable
PROJ021,GSE202543,SAM0108,Multiome_E2APBX1_CAR_T_D7_Spleen_Klf2KO,Mus musculus,GSM6909386,Spleen,spleen,UBERON:0002106,0,0,notAvailable,notAvailable,notAvailable,CAR T cells,T cell,CL:0000084,B-cell ALL,B-cell acute lymphoblastic leukemia,DOID:0080638,notAvailable,KLF2_KO,notAvailable,notAvailable,notAvailable,notAvailable,notAvailable
PROJ022,GSE205117,SAM0109,E7.5_rep1,Mus musculus,GSM6205416,embryo,embryo,UBERON:0000922,0,0,notAvailable,notAvailable,notAvailable,notAvailable,notAvailable,notAvailable,normal,normal,PATO:0000461,notAvailable,WT,notAvailable,notAvailable,7.5_days,embryonic,notAvailable
PROJ022,GSE205117,SAM0110,E7.5_rep2,Mus musculus,GSM6205417,embryo,embryo,UBERON:0000922,0,0,notAvailable,notAvailable,notAvailable,notAvailable,notAvailable,notAvailable,normal,normal,PATO:0000461,notAvailable,WT,notAvailable,notAvailable,7.5_days,embryonic,notAvailable
PROJ022,GSE205117,SAM0111,E7.75_rep1,Mus musculus,GSM6205418,embryo,embryo,UBERON:0000922,0,0,notAvailable,notAvailable,notAvailable,notAvailable,notAvailable,notAvailable,normal,normal,PATO:0000461,notAvailable,WT,notAvailable,notAvailable,7.75_days,embryonic,notAvailable
PROJ022,GSE205117,SAM0112,E8.0_rep1,Mus musculus,GSM6205419,embryo,embryo,UBERON:0000922,0,0,notAvailable,notAvailable,notAvailable,notAvailable,notAvailable,notAvailable,normal,normal,PATO:0000461,notAvailable,WT,notAvailable,notAvailable,8_days,embryonic,notAvailable
PROJ022,GSE205117,SAM0113,E8.0_rep2,Mus musculus,GSM6205420,embryo,embryo,UBERON:0000922,0,0,notAvailable,notAvailable,notAvailable,notAvailable,notAvailable,notAvailable,normal,normal,PATO:0000461,notAvailable,WT,notAvailable,notAvailable,8_days,embryonic,notAvailable
PROJ022,GSE205117,SAM0114,E8.5_CRISPR_T_KO,Mus musculus,GSM6205421,embryo,embryo,UBERON:0000922,0,0,notAvailable,notAvailable,notAvailable,notAvailable,notAvailable,notAvailable,normal,normal,PATO:0000461,notAvailable,Brachyury_KO,notAvailable,notAvailable,8.5_day,embryonic,notAvailable
PROJ022,GSE205117,SAM0115,E8.5_CRISPR_T_WT,Mus musculus,GSM6205422,embryo,embryo,UBERON:0000922,0,0,notAvailable,notAvailable,notAvailable,notAvailable,notAvailable,notAvailable,normal,normal,PATO:0000461,notAvailable,WT,notAvailable,notAvailable,8.5_day,embryonic,notAvailable
PROJ022,GSE205117,SAM0116,E8.5_rep1,Mus musculus,GSM6205423,embryo,embryo,UBERON:0000922,0,0,notAvailable,notAvailable,notAvailable,notAvailable,notAvailable,notAvailable,normal,normal,PATO:0000461,notAvailable,WT,notAvailable,notAvailable,8.5_day,embryonic,notAvailable
PROJ022,GSE205117,SAM0117,E8.5_rep2,Mus musculus,GSM6205424,embryo,embryo,UBERON:0000922,0,0,notAvailable,notAvailable,notAvailable,notAvailable,notAvailable,notAvailable,normal,normal,PATO:0000461,notAvailable,WT,notAvailable,notAvailable,8.5_day,embryonic,notAvailable
PROJ022,GSE205117,SAM0118,E8.75_rep1,Mus musculus,GSM6205425,embryo,embryo,UBERON:0000922,0,0,notAvailable,notAvailable,notAvailable,notAvailable,notAvailable,notAvailable,normal,normal,PATO:0000461,notAvailable,WT,notAvailable,notAvailable,8.75_day,embryonic,notAvailable
PROJ022,GSE205117,SAM0119,E8.75_rep2,Mus musculus,GSM6205426,embryo,embryo,UBERON:0000922,0,0,notAvailable,notAvailable,notAvailable,notAvailable,notAvailable,notAvailable,normal,normal,PATO:0000461,notAvailable,WT,notAvailable,notAvailable,8.75_day,embryonic,notAvailable
PROJ023,GSE205229,SAM0120,multiome,Mus musculus,GSM6208867,intestinal crypt,intestine,UBERON:0000160,0,0,notAvailable,notAvailable,notAvailable,epithelial cells,intestinal epithelial cell,CL:0002563,healthy,normal,PATO:0000461,notAvailable,WT,notAvailable,male,8_week,adult,notAvailable
PROJ024,GSE205387,SAM0121,REW__51c215__7eeed7__Dros_rotundGAL4_GAL80ts_eiger_10x_multi_s1,Drosophila melanogaster,GSM6211244,wing imaginal disc,imaginal disc-derived wing,UBERON:0000984,0,0,notAvailable,notAvailable,notAvailable,notAvailable,notAvailable,notAvailable,healthy,normal,PATO:0000461,notAvailable,rn_Gal4_UASeiger_tub_Gal80ts,notAvailable,notAvailable,notAvailable,third instar larva,wounded
PROJ024,GSE205387,SAM0122,REW__454c70__69c6c8__Dros_rotundGAL4_GAL80ts_eiger_10x_multi_s3,Drosophila melanogaster,GSM6211246,wing imaginal disc,imaginal disc-derived wing,UBERON:0000984,0,0,notAvailable,notAvailable,notAvailable,notAvailable,notAvailable,notAvailable,healthy,normal,PATO:0000461,notAvailable,rn_Gal4_UASeiger_tub_Gal80ts,notAvailable,notAvailable,notAvailable,third instar larva,wounded
PROJ024,GSE205387,SAM0123,REW__e37570__709b79__Dros_rotundGAL4_GAL80ts_ctrl_10x_multi_s2,Drosophila melanogaster,GSM6211242,wing imaginal disc,imaginal disc-derived wing,UBERON:0000984,0,0,notAvailable,notAvailable,notAvailable,notAvailable,notAvailable,notAvailable,healthy,normal,PATO:0000461,notAvailable,rn_Gal4_UASeiger_tub_Gal80ts,notAvailable,notAvailable,notAvailable,third instar larva,control
PROJ025,GSE205560,SAM0124,neonateWT,Mus musculus,GSM6214665,thymus,thymus,UBERON:0002370,0,0,notAvailable,notAvailable,notAvailable,epitherial cells,epithelial cell of thymus,CL:0002293,healthy,normal,PATO:0000461,notAvailable,WT,notAvailable,mixed,3_day,neonatal,notAvailable
PROJ025,GSE205560,SAM0125,adultWT,Mus musculus,GSM6214663,thymus,thymus,UBERON:0002370,0,0,notAvailable,notAvailable,notAvailable,epitherial cells,epithelial cell of thymus,CL:0002293,healthy,normal,PATO:0000461,notAvailable,WT,notAvailable,mixed,5_week,adult,notAvailable
PROJ025,GSE205560,SAM0126,neonateKO,Mus musculus,GSM6214666,thymus,thymus,UBERON:0002370,0,0,notAvailable,notAvailable,notAvailable,epitherial cells,epithelial cell of thymus,CL:0002293,healthy,normal,PATO:0000461,notAvailable,Aire_KO,notAvailable,mixed,3_day,neonatal,notAvailable
PROJ025,GSE205560,SAM0127,adultKO,Mus musculus,GSM6214664,thymus,thymus,UBERON:0002370,0,0,notAvailable,notAvailable,notAvailable,epitherial cells,epithelial cell of thymus,CL:0002293,healthy,normal,PATO:0000461,notAvailable,Aire_KO,notAvailable,mixed,5_week,adult,notAvailable
PROJ026,GSE205570,SAM0128,Multiome_BM_vehicle,Mus musculus,GSM6706476,BM,bone marrow,UBERON:0002371,0,0,notAvailable,notAvailable,notAvailable,Bone marrow cells,bone marrow cell,CL:0002092,healthy,normal,PATO:0000461,vehicle_control,WT,notAvailable,notAvailable,notAvailable,notAvailable,notAvailable
PROJ026,GSE205570,SAM0129,Multiome_BM_BRM014,Mus musculus,GSM6706475,BM,bone marrow,UBERON:0002371,0,0,notAvailable,notAvailable,notAvailable,Bone marrow cells,bone marrow cell,CL:0002092,healthy,normal,PATO:0000461,BRM014_20mg_per_kg_14d,WT,notAvailable,notAvailable,notAvailable,notAvailable,notAvailable
PROJ026,GSE205570,SAM0130,Multiome_PB_BRM014,Mus musculus,GSM6214860,Peripheral blood,blood,UBERON:0000178,0,0,notAvailable,notAvailable,notAvailable,Peripheral blood cells,blood cell,CL:0000081,healthy,normal,PATO:0000461,BRM014_20mg_per_kg_14d,WT,notAvailable,notAvailable,notAvailable,notAvailable,notAvailable
PROJ026,GSE205570,SAM0131,Multiome_PB_vehicle,Mus musculus,GSM6214861,Peripheral blood,blood,UBERON:0000178,0,0,notAvailable,notAvailable,notAvailable,Peripheral blood cells,blood cell,CL:0000081,healthy,normal,PATO:0000461,vehicle_control,WT,notAvailable,notAvailable,notAvailable,notAvailable,notAvailable
PROJ027,GSE207335,SAM0132,S2,Homo sapiens,GSM6284670,Healthy epidermis,skin epidermis,UBERON:0001003,0,0,notAvailable,notAvailable,notAvailable,epidermis,epidermal cell,CL:0000362,Healthy,normal,PATO:0000461,notAvailable,notAvailable,S2,male,55_year,adult,notAvailable
PROJ027,GSE207335,SAM0133,S1,Homo sapiens,GSM6284669,Healthy epidermis,skin epidermis,UBERON:0001003,0,0,notAvailable,notAvailable,notAvailable,epidermis,epidermal cell,CL:0000362,Healthy,normal,PATO:0000461,notAvailable,notAvailable,S1,male,72_year,adult,notAvailable
PROJ028,GSE208039,SAM0134,GSE208039,Mus musculus,GSM6333377,Bone marrow (BM),bone marrow,UBERON:0002371,0,0,notAvailable,notAvailable,notAvailable,SLAM LSK HSPCs,hematopoietic stem cell,CL:0000037,healthy,normal,PATO:0000461,notAvailable,notAvailable,notAvailable,notAvailable,2-4_month,notAvailable,notAvailable
PROJ029,GSE208742,SAM0135,Multiome_GFP,Mus musculus,GSM6368706,Brain,brain,UBERON:0000955,0,0,notAvailable,notAvailable,notAvailable,primary mouse cortical astrocytes,astrocyte,CL:0000127,healthy,normal,PATO:0000461,notAvailable,GFP_control,notAvailable,notAvailable,5.5_day,postnatal,notAvailable
PROJ029,GSE208742,SAM0136,Multiome_PmutNgn2,Mus musculus,GSM6368708,Brain,brain,UBERON:0000955,0,0,notAvailable,notAvailable,notAvailable,primary mouse cortical astrocytes,astrocyte,CL:0000127,healthy,normal,PATO:0000461,notAvailable,PmutNGN2_OE,notAvailable,notAvailable,5.5_day,postnatal,notAvailable
PROJ029,GSE208742,SAM0137,Multiome_Ngn2,Mus musculus,GSM6368707,Brain,brain,UBERON:0000955,0,0,notAvailable,notAvailable,notAvailable,primary mouse cortical astrocytes,astrocyte,CL:0000127,healthy,normal,PATO:0000461,notAvailable,NGN2_OE,notAvailable,notAvailable,5.5_day,postnatal,notAvailable
PROJ029,GSE208742,SAM0138,Multiome_Astro,Mus musculus,GSM6368705,Brain,brain,UBERON:0000955,0,0,notAvailable,notAvailable,notAvailable,primary mouse cortical astrocytes,astrocyte,CL:0000127,healthy,normal,PATO:0000461,notAvailable,NGN2_WT,notAvailable,notAvailable,5.5_day,postnatal,notAvailable
PROJ030,GSE209610,SAM0139,AKI_GFP+_4weeks_1,Mus musculus,GSM6380587,Kidney tissue,kidney,UBERON:0002113,0,0,notAvailable,notAvailable,notAvailable,Kidney cells,kidney cell,CL:1000497,AKI,acute kidney failure,DOID:3021,tamoxifen_4w,Ki67_CreERT2_ROSA26_Sun1_sfGFP_reporter,notAvailable,notAvailable,notAvailable,notAvailable,notAvailable
PROJ030,GSE209610,SAM0140,AKI_GFP+_4weeks_2,Mus musculus,GSM6380589,Kidney tissue,kidney,UBERON:0002113,0,0,notAvailable,notAvailable,notAvailable,Kidney cells,kidney cell,CL:1000497,AKI,acute kidney failure,DOID:3021,tamoxifen_4w,Ki67_CreERT2_ROSA26_Sun1_sfGFP_reporter,notAvailable,notAvailable,notAvailable,notAvailable,notAvailable
PROJ030,GSE209610,SAM0141,AKI_GFP+_4weeks_3,Mus musculus,GSM6380591,Kidney tissue,kidney,UBERON:0002113,0,0,notAvailable,notAvailable,notAvailable,Kidney cells,kidney cell,CL:1000497,AKI,acute kidney failure,DOID:3021,tamoxifen_4w,Ki67_CreERT2_ROSA26_Sun1_sfGFP_reporter,notAvailable,notAvailable,notAvailable,notAvailable,notAvailable
PROJ030,GSE209610,SAM0142,AKI_GFP+_6months_1,Mus musculus,GSM6380597,Kidney tissue,kidney,UBERON:0002113,0,0,notAvailable,notAvailable,notAvailable,Kidney cells,kidney cell,CL:1000497,AKI,acute kidney failure,DOID:3021,tamoxifen_6mo,Ki67_CreERT2_ROSA26_Sun1_sfGFP_reporter,notAvailable,notAvailable,notAvailable,notAvailable,notAvailable
PROJ030,GSE209610,SAM0143,AKI_GFP+_6months_2,Mus musculus,GSM6380599,Kidney tissue,kidney,UBERON:0002113,0,0,notAvailable,notAvailable,notAvailable,Kidney cells,kidney cell,CL:1000497,AKI,acute kidney failure,DOID:3021,tamoxifen_6mo,Ki67_CreERT2_ROSA26_Sun1_sfGFP_reporter,notAvailable,notAvailable,notAvailable,notAvailable,notAvailable
PROJ030,GSE209610,SAM0144,AKI_GFP+_6months_3,Mus musculus,GSM6380601,Kidney tissue,kidney,UBERON:0002113,0,0,notAvailable,notAvailable,notAvailable,Kidney cells,kidney cell,CL:1000497,AKI,acute kidney failure,DOID:3021,tamoxifen_6mo,Ki67_CreERT2_ROSA26_Sun1_sfGFP_reporter,notAvailable,notAvailable,notAvailable,notAvailable,notAvailable
PROJ030,GSE209610,SAM0145,AKI_GFP+_6months_4,Mus musculus,GSM6380603,Kidney tissue,kidney,UBERON:0002113,0,0,notAvailable,notAvailable,notAvailable,Kidney cells,kidney cell,CL:1000497,AKI,acute kidney failure,DOID:3021,tamoxifen_6mo,Ki67_CreERT2_ROSA26_Sun1_sfGFP_reporter,notAvailable,notAvailable,notAvailable,notAvailable,notAvailable
PROJ030,GSE209610,SAM0146,AKI_GFP-_4weeks,Mus musculus,GSM6380593,Kidney tissue,kidney,UBERON:0002113,0,0,notAvailable,notAvailable,notAvailable,Kidney cells,kidney cell,CL:1000497,AKI,acute kidney failure,DOID:3021,tamoxifen_4w,Ki67_CreERT2_ROSA26_Sun1_sfGFP_reporter,notAvailable,notAvailable,notAvailable,notAvailable,notAvailable
PROJ030,GSE209610,SAM0147,AKI_GFP-_6months,Mus musculus,GSM6380605,Kidney tissue,kidney,UBERON:0002113,0,0,notAvailable,notAvailable,notAvailable,Kidney cells,kidney cell,CL:1000497,AKI,acute kidney failure,DOID:3021,tamoxifen_6mo,Ki67_CreERT2_ROSA26_Sun1_sfGFP_reporter,notAvailable,notAvailable,notAvailable,notAvailable,notAvailable
PROJ030,GSE209610,SAM0148,Ctrl_4weeks_1,Mus musculus,GSM6380583,Kidney tissue,kidney,UBERON:0002113,0,0,notAvailable,notAvailable,notAvailable,Kidney cells,kidney cell,CL:1000497,healthy,normal,PATO:0000461,control_4w,Ki67_CreERT2_ROSA26_Sun1_sfGFP_reporter,notAvailable,notAvailable,notAvailable,notAvailable,notAvailable
PROJ030,GSE209610,SAM0149,Ctrl_4weeks_2,Mus musculus,GSM6380585,Kidney tissue,kidney,UBERON:0002113,0,0,notAvailable,notAvailable,notAvailable,Kidney cells,kidney cell,CL:1000497,healthy,normal,PATO:0000461,control_4w,Ki67_CreERT2_ROSA26_Sun1_sfGFP_reporter,notAvailable,notAvailable,notAvailable,notAvailable,notAvailable
PROJ030,GSE209610,SAM0150,Ctrl_6months_1,Mus musculus,GSM6380595,Kidney tissue,kidney,UBERON:0002113,0,0,notAvailable,notAvailable,notAvailable,Kidney cells,kidney cell,CL:1000497,healthy,normal,PATO:0000461,control_6mo,Ki67_CreERT2_ROSA26_Sun1_sfGFP_reporter,notAvailable,notAvailable,notAvailable,notAvailable,notAvailable
PROJ031,GSE210251,SAM0151,Multiome_mutant_nr5a2_GFP_2,Danio rerio,GSM6424704,Jaw mesenchyme,jaw mesenchyme,UBERON:0034995,0,0,notAvailable,notAvailable,notAvailable,notAvailable,notAvailable,notAvailable,healthy,normal,PATO:0000461,notAvailable,nr5a2_mGFP_DBD_del_oz3,notAvailable,notAvailable,notAvailable,notAvailable,2.5_dpf
PROJ031,GSE210251,SAM0152,Multiome_control_nr5a2_GFP_2,Danio rerio,GSM6424702,Jaw mesenchyme,jaw mesenchyme,UBERON:0034995,0,0,notAvailable,notAvailable,notAvailable,notAvailable,notAvailable,notAvailable,healthy,normal,PATO:0000461,notAvailable,nr5a2_mGFP_DBD_del_oz3_control,notAvailable,notAvailable,notAvailable,notAvailable,2.5_dpf
PROJ032,GSE210432,SAM0153,Multiome - GEX - Patient 1,Homo sapiens,GSM6430143,Peripheral blood,blood,UBERON:0000178,0,0,notAvailable,notAvailable,notAvailable,PBMC,peripheral blood mononuclear cell,CL:2000001,clonal hematopoiesis,cyclic hematopoiesis,DOID:5339,notAvailable,notAvailable,Patient 1,notAvailable,notAvailable,notAvailable,notAvailable
PROJ032,GSE210432,SAM0154,Multiome - GEX - Patient 4,Homo sapiens,GSM6430144,Peripheral blood,blood,UBERON:0000178,0,0,notAvailable,notAvailable,notAvailable,PBMC,peripheral blood mononuclear cell,CL:2000001,clonal hematopoiesis,cyclic hematopoiesis,DOID:5339,notAvailable,notAvailable,Patient 4,notAvailable,notAvailable,notAvailable,notAvailable
PROJ032,GSE210432,SAM0155,Multiome - GEX - Patient 12,Homo sapiens,GSM6430148,Peripheral blood,blood,UBERON:0000178,0,0,notAvailable,notAvailable,notAvailable,PBMC,peripheral blood mononuclear cell,CL:2000001,clonal hematopoiesis,cyclic hematopoiesis,DOID:5339,notAvailable,notAvailable,Patient 12,notAvailable,notAvailable,notAvailable,notAvailable
PROJ032,GSE210432,SAM0156,Multiome - GEX - Patient 15,Homo sapiens,GSM6430149,Peripheral blood,blood,UBERON:0000178,0,0,notAvailable,notAvailable,notAvailable,PBMC,peripheral blood mononuclear cell,CL:2000001,covid-19,COVID-19,DOID:0080600,notAvailable,notAvailable,Patient 15,notAvailable,notAvailable,notAvailable,notAvailable
PROJ032,GSE210432,SAM0157,Multiome - GEX - Patient 16,Homo sapiens,GSM6430150,Peripheral blood,blood,UBERON:0000178,0,0,notAvailable,notAvailable,notAvailable,PBMC,peripheral blood mononuclear cell,CL:2000001,covid-19,COVID-19,DOID:0080600,notAvailable,notAvailable,Patient 16,notAvailable,notAvailable,notAvailable,notAvailable
PROJ032,GSE210432,SAM0158,Multiome - GEX - Patient 18,Homo sapiens,GSM6430151,Peripheral blood,blood,UBERON:0000178,0,0,notAvailable,notAvailable,notAvailable,PBMC,peripheral blood mononuclear cell,CL:2000001,covid-19,COVID-19,DOID:0080600,notAvailable,notAvailable,Patient 18,notAvailable,notAvailable,notAvailable,notAvailable
PROJ032,GSE210432,SAM0159,Multiome - GEX - Patient 21,Homo sapiens,GSM6430152,Peripheral blood,blood,UBERON:0000178,0,0,notAvailable,notAvailable,notAvailable,PBMC,peripheral blood mononuclear cell,CL:2000001,covid-19,COVID-19,DOID:0080600,notAvailable,notAvailable,Patient 21,notAvailable,notAvailable,notAvailable,notAvailable
PROJ032,GSE210432,SAM0160,Multiome - GEX - Patient 24,Homo sapiens,GSM6430153,Peripheral blood,blood,UBERON:0000178,0,0,notAvailable,notAvailable,notAvailable,PBMC,peripheral blood mononuclear cell,CL:2000001,covid-19,COVID-19,DOID:0080600,notAvailable,notAvailable,Patient 24,notAvailable,notAvailable,notAvailable,notAvailable
PROJ032,GSE210432,SAM0161,Multiome - GEX - Patient 30,Homo sapiens,GSM6430154,Peripheral blood,blood,UBERON:0000178,0,0,notAvailable,notAvailable,notAvailable,PBMC,peripheral blood mononuclear cell,CL:2000001,covid-19,COVID-19,DOID:0080600,notAvailable,notAvailable,Patient 30,notAvailable,notAvailable,notAvailable,notAvailable
PROJ032,GSE210432,SAM0162,Multiome - GEX - Patient 35,Homo sapiens,GSM6430155,Peripheral blood,blood,UBERON:0000178,0,0,notAvailable,notAvailable,notAvailable,PBMC,peripheral blood mononuclear cell,CL:2000001,"clonal hematopoiesis, COVID-19","cyclic hematopoiesis, COVID-19","DOID:5339, DOID:0080600",notAvailable,notAvailable,Patient 35,notAvailable,notAvailable,notAvailable,notAvailable
PROJ032,GSE210432,SAM0163,Multiome - GEX - Patient 36,Homo sapiens,GSM6430156,Peripheral blood,blood,UBERON:0000178,0,0,notAvailable,notAvailable,notAvailable,PBMC,peripheral blood mononuclear cell,CL:2000001,"clonal hematopoiesis, COVID-19","cyclic hematopoiesis, COVID-19","DOID:5339, DOID:0080600",notAvailable,notAvailable,Patient 36,notAvailable,notAvailable,notAvailable,notAvailable
PROJ032,GSE210432,SAM0164,Multiome - GEX - Patient 38,Homo sapiens,GSM6430157,Peripheral blood,blood,UBERON:0000178,0,0,notAvailable,notAvailable,notAvailable,PBMC,peripheral blood mononuclear cell,CL:2000001,"clonal hematopoiesis, COVID-19","cyclic hematopoiesis, COVID-19","DOID:5339, DOID:0080600",notAvailable,notAvailable,Patient 38,notAvailable,notAvailable,notAvailable,notAvailable
PROJ032,GSE210432,SAM0165,Multiome - GEX - Patient 41,Homo sapiens,GSM6430158,Peripheral blood,blood,UBERON:0000178,0,0,notAvailable,notAvailable,notAvailable,PBMC,peripheral blood mononuclear cell,CL:2000001,"clonal hematopoiesis, COVID-19","cyclic hematopoiesis, COVID-19","DOID:5339, DOID:0080600",notAvailable,notAvailable,Patient 41,notAvailable,notAvailable,notAvailable,notAvailable
PROJ032,GSE210432,SAM0166,Multiome - GEX - Patient 42,Homo sapiens,GSM6430159,Peripheral blood,blood,UBERON:0000178,0,0,notAvailable,notAvailable,notAvailable,PBMC,peripheral blood mononuclear cell,CL:2000001,"clonal hematopoiesis, COVID-19","cyclic hematopoiesis, COVID-19","DOID:5339, DOID:0080600",notAvailable,notAvailable,Patient 42,notAvailable,notAvailable,notAvailable,notAvailable
PROJ032,GSE210432,SAM0167,Multiome - GEX - Patient 5,Homo sapiens,GSM6430145,Peripheral blood,blood,UBERON:0000178,0,0,notAvailable,notAvailable,notAvailable,PBMC,peripheral blood mononuclear cell,CL:2000001,clonal hematopoiesis,cyclic hematopoiesis,DOID:5339,notAvailable,notAvailable,Patient 5,notAvailable,notAvailable,notAvailable,notAvailable
PROJ032,GSE210432,SAM0168,Multiome - GEX - Patient 7,Homo sapiens,GSM6430146,Peripheral blood,blood,UBERON:0000178,0,0,notAvailable,notAvailable,notAvailable,PBMC,peripheral blood mononuclear cell,CL:2000001,clonal hematopoiesis,cyclic hematopoiesis,DOID:5339,notAvailable,notAvailable,Patient 7,notAvailable,notAvailable,notAvailable,notAvailable
PROJ032,GSE210432,SAM0169,Multiome - GEX - Patient 8,Homo sapiens,GSM6430147,Peripheral blood,blood,UBERON:0000178,0,0,notAvailable,notAvailable,notAvailable,PBMC,peripheral blood mononuclear cell,CL:2000001,clonal hematopoiesis,cyclic hematopoiesis,DOID:5339,notAvailable,notAvailable,Patient 8,notAvailable,notAvailable,notAvailable,notAvailable
PROJ033,GSE210566,SAM0170,P-6253,Homo sapiens,GSM6432689,tumor,brain,UBERON:0000955,0,0,notAvailable,notAvailable,notAvailable,notAvailable,notAvailable,notAvailable,high-grade glioma,high grade glioma,DOID:3070,notAvailable,H3K27M_MUT,P-6253,female,5.4_year,child,notAvailable
PROJ033,GSE210566,SAM0171,P-1694,Homo sapiens,GSM6432683,tumor,brain,UBERON:0000955,0,0,notAvailable,notAvailable,notAvailable,notAvailable,notAvailable,notAvailable,high-grade glioma,high grade glioma,DOID:3070,notAvailable,H3K27M_MUT,P-1694,male,8_year,adult,notAvailable
PROJ033,GSE210566,SAM0172,P-1764,Homo sapiens,GSM6432686,tumor,brain,UBERON:0000955,0,0,notAvailable,notAvailable,notAvailable,notAvailable,notAvailable,notAvailable,high-grade glioma,high grade glioma,DOID:3070,notAvailable,H3K27M_MUT,P-1764,female,11_year,child,notAvailable
PROJ033,GSE210566,SAM0173,P-6774,Homo sapiens,GSM6432692,tumor,brain,UBERON:0000955,0,0,notAvailable,notAvailable,notAvailable,notAvailable,notAvailable,notAvailable,high-grade glioma,high grade glioma,DOID:3070,notAvailable,H3K27M_MUT,P-6774,female,7_year,child,notAvailable
PROJ033,GSE210566,SAM0174,P-1779,Homo sapiens,GSM6432687,tumor,brain,UBERON:0000955,0,0,notAvailable,notAvailable,notAvailable,notAvailable,notAvailable,notAvailable,high-grade glioma,high grade glioma,DOID:3070,notAvailable,H3K27M_MUT,P-1779,male,notAvailable,notAvailable,notAvailable
PROJ033,GSE210566,SAM0175,P-6337,Homo sapiens,GSM6432690,tumor,brain,UBERON:0000955,0,0,notAvailable,notAvailable,notAvailable,notAvailable,notAvailable,notAvailable,high-grade glioma,high grade glioma,DOID:3070,notAvailable,H3K27M_MUT,P-6337,male,9_year,adult,notAvailable
PROJ033,GSE210566,SAM0176,P-1780,Homo sapiens,GSM6432688,tumor,brain,UBERON:0000955,0,0,notAvailable,notAvailable,notAvailable,notAvailable,notAvailable,notAvailable,high-grade glioma,high grade glioma,DOID:3070,notAvailable,H3K27M_MUT,P-1780,female,notAvailable,notAvailable,notAvailable
PROJ033,GSE210566,SAM0177,P-1701,Homo sapiens,GSM6432684,tumor,brain,UBERON:0000955,0,0,notAvailable,notAvailable,notAvailable,notAvailable,notAvailable,notAvailable,high-grade glioma,high grade glioma,DOID:3070,notAvailable,H3K27M_MUT,P-1701,female,5.5_year,child,notAvailable
PROJ033,GSE210566,SAM0178,P-6640,Homo sapiens,GSM6432691,tumor,brain,UBERON:0000955,0,0,notAvailable,notAvailable,notAvailable,notAvailable,notAvailable,notAvailable,high-grade glioma,high grade glioma,DOID:3070,notAvailable,H3K27M_MUT,P-6640,male,12_year,adolescent,notAvailable
PROJ033,GSE210566,SAM0179,P-1709,Homo sapiens,GSM6432685,tumor,brain,UBERON:0000955,0,0,notAvailable,notAvailable,notAvailable,notAvailable,notAvailable,notAvailable,high-grade glioma,high grade glioma,DOID:3070,notAvailable,H3K27M_MUT,P-1709,male,18_year,adolescent,notAvailable
PROJ034,GSE210736,SAM0180,9M_CO_3,Homo sapiens,GSM7869068,Cerebral Organoid,brain,UBERON:0000955,1,1,H1-ESCs,WA01,CVCL_9771,Cerebral Organoid,embryonic stem cell,CL:0002322,glioblastoma,glioblastoma,DOID:3068,notAvailable,notAvailable,notAvailable,notAvailable,9_month,notAvailable,notAvailable
PROJ034,GSE210736,SAM0181,9M_CO_2,Homo sapiens,GSM7869067,Cerebral Organoid,brain,UBERON:0000955,1,1,H1-ESCs,WA01,CVCL_9771,Cerebral Organoid,embryonic stem cell,CL:0002322,glioblastoma,glioblastoma,DOID:3068,notAvailable,notAvailable,notAvailable,notAvailable,9_month,notAvailable,notAvailable
PROJ034,GSE210736,SAM0182,12M_CO_3,Homo sapiens,GSM7869070,Cerebral Organoid,brain,UBERON:0000955,1,1,H1-ESCs,WA01,CVCL_9771,Cerebral Organoid,embryonic stem cell,CL:0002322,glioblastoma,glioblastoma,DOID:3068,notAvailable,notAvailable,notAvailable,notAvailable,12_month,notAvailable,notAvailable
PROJ034,GSE210736,SAM0183,5M_CO_2,Homo sapiens,GSM7869065,Cerebral Organoid,brain,UBERON:0000955,1,1,H1-ESCs,WA01,CVCL_9771,Cerebral Organoid,embryonic stem cell,CL:0002322,glioblastoma,glioblastoma,DOID:3068,notAvailable,notAvailable,notAvailable,notAvailable,5_month,notAvailable,notAvailable
PROJ034,GSE210736,SAM0184,12M_CO_2,Homo sapiens,GSM7869069,Cerebral Organoid,brain,UBERON:0000955,1,1,H1-ESCs,WA01,CVCL_9771,Cerebral Organoid,embryonic stem cell,CL:0002322,glioblastoma,glioblastoma,DOID:3068,notAvailable,notAvailable,notAvailable,notAvailable,12_month,notAvailable,notAvailable
PROJ034,GSE210736,SAM0185,5M_CO,Homo sapiens,GSM6436169,Cerebral Organoid,brain,UBERON:0000955,1,1,H1-ESCs,WA01,CVCL_9771,Cerebral Organoid,embryonic stem cell,CL:0002322,glioblastoma,glioblastoma,DOID:3068,notAvailable,notAvailable,notAvailable,notAvailable,5_month,notAvailable,notAvailable
PROJ034,GSE210736,SAM0186,8M_CO,Homo sapiens,GSM6436170,Cerebral Organoid,brain,UBERON:0000955,1,1,H1-ESCs,WA01,CVCL_9771,Cerebral Organoid,embryonic stem cell,CL:0002322,glioblastoma,glioblastoma,DOID:3068,notAvailable,notAvailable,notAvailable,notAvailable,8_month,notAvailable,notAvailable
PROJ034,GSE210736,SAM0187,12M_CO,Homo sapiens,GSM6436171,Cerebral Organoid,brain,UBERON:0000955,1,1,H1-ESCs,WA01,CVCL_9771,Cerebral Organoid,embryonic stem cell,CL:0002322,glioblastoma,glioblastoma,DOID:3068,notAvailable,notAvailable,notAvailable,notAvailable,12_month,notAvailable,notAvailable
PROJ034,GSE210736,SAM0188,5M_CO_3,Homo sapiens,GSM7869066,Cerebral Organoid,brain,UBERON:0000955,1,1,H1-ESCs,WA01,CVCL_9771,Cerebral Organoid,embryonic stem cell,CL:0002322,glioblastoma,glioblastoma,DOID:3068,notAvailable,notAvailable,notAvailable,notAvailable,5_month,notAvailable,notAvailable
PROJ035,GSE211140,SAM0189,C3,Mus musculus,GSM6454125,mixed glial differentiation,central nervous system,UBERON:0001017,1,1,A17iCre,mouse embryonic stem cell line cell,CLO:0037317,astrocyte,astrocyte,CL:0000127,healthy,normal,PATO:0000461,CNTF_treatment_D9,WT,notAvailable,notAvailable,notAvailable,notAvailable,notAvailable
PROJ035,GSE211140,SAM0190,C2,Mus musculus,GSM6454124,mixed glial differentiation,central nervous system,UBERON:0001017,1,1,A17iCre,mouse embryonic stem cell line cell,CLO:0037317,astrocyte,astrocyte,CL:0000127,healthy,normal,PATO:0000461,CNTF_treatment_D7,WT,notAvailable,notAvailable,notAvailable,notAvailable,notAvailable
PROJ035,GSE211140,SAM0191,C1,Mus musculus,GSM6454123,mixed glial differentiation,central nervous system,UBERON:0001017,1,1,A17iCre,mouse embryonic stem cell line cell,CLO:0037317,astrocyte,astrocyte,CL:0000127,healthy,normal,PATO:0000461,CNTF_treatment_D5,WT,notAvailable,notAvailable,notAvailable,notAvailable,notAvailable
PROJ035,GSE211140,SAM0192,Library9,Homo sapiens,GSM7673356,mixed glial differentiation,central nervous system,UBERON:0001017,1,1,iPSC_nyscf,human induced pluripotent stem cell line cell,CLO:0037308,nuclei,glial cell,CL:0000125,healthy,normal,PATO:0000461,notAvailable,notAvailable,notAvailable,notAvailable,notAvailable,notAvailable,notAvailable
PROJ035,GSE211140,SAM0193,Library2,Homo sapiens,GSM7673349,mixed glial differentiation,central nervous system,UBERON:0001017,1,1,iPSC_nyscf,human induced pluripotent stem cell line cell,CLO:0037308,nuclei,glial cell,CL:0000125,healthy,normal,PATO:0000461,notAvailable,notAvailable,notAvailable,notAvailable,notAvailable,notAvailable,notAvailable
PROJ035,GSE211140,SAM0194,Library7,Homo sapiens,GSM7673354,mixed glial differentiation,central nervous system,UBERON:0001017,1,1,iPSC_nyscf,human induced pluripotent stem cell line cell,CLO:0037308,nuclei,glial cell,CL:0000125,healthy,normal,PATO:0000461,notAvailable,notAvailable,notAvailable,notAvailable,notAvailable,notAvailable,notAvailable
PROJ035,GSE211140,SAM0195,Library3,Homo sapiens,GSM7673350,mixed glial differentiation,central nervous system,UBERON:0001017,1,1,iPSC_nyscf,human induced pluripotent stem cell line cell,CLO:0037308,nuclei,glial cell,CL:0000125,healthy,normal,PATO:0000461,notAvailable,notAvailable,notAvailable,notAvailable,notAvailable,notAvailable,notAvailable
PROJ035,GSE211140,SAM0196,Library8,Homo sapiens,GSM7673355,mixed glial differentiation,central nervous system,UBERON:0001017,1,1,iPSC_nyscf,human induced pluripotent stem cell line cell,CLO:0037308,nuclei,glial cell,CL:0000125,healthy,normal,PATO:0000461,notAvailable,notAvailable,notAvailable,notAvailable,notAvailable,notAvailable,notAvailable
PROJ035,GSE211140,SAM0197,Library6,Homo sapiens,GSM7673353,mixed glial differentiation,central nervous system,UBERON:0001017,1,1,iPSC_nyscf,human induced pluripotent stem cell line cell,CLO:0037308,nuclei,glial cell,CL:0000125,healthy,normal,PATO:0000461,notAvailable,notAvailable,notAvailable,notAvailable,notAvailable,notAvailable,notAvailable
PROJ035,GSE211140,SAM0198,BF1,Mus musculus,GSM6454120,mixed glial differentiation,central nervous system,UBERON:0001017,1,1,A17iCre,mouse embryonic stem cell line cell,CLO:0037317,astrocyte,astrocyte,CL:0000127,healthy,normal,PATO:0000461,BMP4_FGF_treatment_D5,WT,notAvailable,notAvailable,notAvailable,notAvailable,notAvailable
PROJ035,GSE211140,SAM0199,BF2,Mus musculus,GSM6454121,mixed glial differentiation,central nervous system,UBERON:0001017,1,1,A17iCre,mouse embryonic stem cell line cell,CLO:0037317,astrocyte,astrocyte,CL:0000127,healthy,normal,PATO:0000461,BMP4_FGF_treatment_D7,WT,notAvailable,notAvailable,notAvailable,notAvailable,notAvailable
PROJ035,GSE211140,SAM0200,Library5,Homo sapiens,GSM7673352,mixed glial differentiation,central nervous system,UBERON:0001017,1,1,iPSC_nyscf,human induced pluripotent stem cell line cell,CLO:0037308,nuclei,glial cell,CL:0000125,healthy,normal,PATO:0000461,notAvailable,notAvailable,notAvailable,notAvailable,notAvailable,notAvailable,notAvailable
PROJ035,GSE211140,SAM0201,Library4,Homo sapiens,GSM7673351,mixed glial differentiation,central nervous system,UBERON:0001017,1,1,iPSC_nyscf,human induced pluripotent stem cell line cell,CLO:0037308,nuclei,glial cell,CL:0000125,healthy,normal,PATO:0000461,notAvailable,notAvailable,notAvailable,notAvailable,notAvailable,notAvailable,notAvailable
PROJ035,GSE211140,SAM0202,Library1,Homo sapiens,GSM7673348,mixed glial differentiation,central nervous system,UBERON:0001017,1,1,iPSC_nyscf,human induced pluripotent stem cell line cell,CLO:0037308,nuclei,glial cell,CL:0000125,healthy,normal,PATO:0000461,notAvailable,notAvailable,notAvailable,notAvailable,notAvailable,notAvailable,notAvailable
PROJ035,GSE211140,SAM0203,BF3,Mus musculus,GSM6454122,mixed glial differentiation,central nervous system,UBERON:0001017,1,1,A17iCre,mouse embryonic stem cell line cell,CLO:0037317,astrocyte,astrocyte,CL:0000127,healthy,normal,PATO:0000461,BMP4_FGF_treatment_D9,WT,notAvailable,notAvailable,notAvailable,notAvailable,notAvailable
PROJ036,GSE211387,SAM0204,2329_WT_10W_cortex,Mus musculus,GSM6468345,cortex,cerebral cortex,UBERON:0000956,0,0,notAvailable,notAvailable,notAvailable,notAvailable,notAvailable,notAvailable,neurodegenerative disease,neurodegenerative disease,DOID:1289,notAvailable,H3F3A_WT,notAvailable,male,10_week,adult,notAvailable
PROJ036,GSE211387,SAM0205,2330_G34R_10W_cortex,Mus musculus,GSM6468347,cortex,cerebral cortex,UBERON:0000956,0,0,notAvailable,notAvailable,notAvailable,notAvailable,notAvailable,notAvailable,neurodegenerative disease,neurodegenerative disease,DOID:1289,notAvailable,H3F3A_HET_MUT,notAvailable,male,10_week,adult,notAvailable
PROJ036,GSE211387,SAM0206,2358_G34R_10W_cortex,Mus musculus,GSM6468348,cortex,cerebral cortex,UBERON:0000956,0,0,notAvailable,notAvailable,notAvailable,notAvailable,notAvailable,notAvailable,neurodegenerative disease,neurodegenerative disease,DOID:1289,notAvailable,H3F3A_HET_MUT,notAvailable,male,10_week,adult,notAvailable
PROJ036,GSE211387,SAM0207,2359_WT_10W_cortex,Mus musculus,GSM6468346,cortex,cerebral cortex,UBERON:0000956,0,0,notAvailable,notAvailable,notAvailable,notAvailable,notAvailable,notAvailable,neurodegenerative disease,neurodegenerative disease,DOID:1289,notAvailable,H3F3A_WT,notAvailable,male,10_week,adult,notAvailable
PROJ036,GSE211387,SAM0208,6_WT_P7_cortex,Mus musculus,GSM6468343,cortex,cerebral cortex,UBERON:0000956,0,0,notAvailable,notAvailable,notAvailable,notAvailable,notAvailable,notAvailable,healthy,normal,PATO:0000461,notAvailable,H3F3A_WT,notAvailable,male,7_day,postnatal,notAvailable
PROJ036,GSE211387,SAM0209,8_G34R_P7_cortex,Mus musculus,GSM6468344,cortex,cerebral cortex,UBERON:0000956,0,0,notAvailable,notAvailable,notAvailable,notAvailable,notAvailable,notAvailable,healthy,normal,PATO:0000461,notAvailable,H3F3A_HET_MUT,notAvailable,male,7_day,postnatal,notAvailable
PROJ037,GSE212707,SAM0210,C1,Mus musculus,GSM6543819,breast,breast,UBERON:0000310,0,0,notAvailable,notAvailable,notAvailable,all cells (unsorted),notAvailable,notAvailable,non-cancer,normal,PATO:0000461,notAvailable,WT,notAvailable,notAvailable,notAvailable,notAvailable,non-cancer
PROJ037,GSE212707,SAM0211,C2,Mus musculus,GSM6543820,breast,breast,UBERON:0000310,0,0,notAvailable,notAvailable,notAvailable,all cells (unsorted),notAvailable,notAvailable,non-cancer,normal,PATO:0000461,notAvailable,WT,notAvailable,notAvailable,notAvailable,notAvailable,non-cancer
PROJ037,GSE212707,SAM0212,C3,Mus musculus,GSM6543821,breast,breast,UBERON:0000310,0,0,notAvailable,notAvailable,notAvailable,all cells (unsorted),notAvailable,notAvailable,non-cancer,normal,PATO:0000461,notAvailable,WT,notAvailable,notAvailable,notAvailable,notAvailable,non-cancer
PROJ037,GSE212707,SAM0213,S1,Mus musculus,GSM6543822,breast,breast,UBERON:0000310,0,0,notAvailable,notAvailable,notAvailable,all cells (unsorted),notAvailable,notAvailable,breast tumor,breast cancer,DOID:1612,notAvailable,WT,notAvailable,notAvailable,notAvailable,notAvailable,early stage
PROJ037,GSE212707,SAM0214,S2,Mus musculus,GSM6543823,breast,breast,UBERON:0000310,0,0,notAvailable,notAvailable,notAvailable,all cells (unsorted),notAvailable,notAvailable,breast tumor,breast cancer,DOID:1612,notAvailable,WT,notAvailable,notAvailable,notAvailable,notAvailable,early stage
PROJ037,GSE212707,SAM0215,S3,Mus musculus,GSM6543824,breast,breast,UBERON:0000310,0,0,notAvailable,notAvailable,notAvailable,all cells (unsorted),notAvailable,notAvailable,breast tumor,breast cancer,DOID:1612,notAvailable,WT,notAvailable,notAvailable,notAvailable,notAvailable,early stage
PROJ037,GSE212707,SAM0216,HBr_15_A,Homo sapiens,GSM6543828,breast,breast,UBERON:0000310,0,0,notAvailable,notAvailable,notAvailable,all cells (unsorted),notAvailable,notAvailable,breast tumor,breast cancer,DOID:1612,notAvailable,notAvailable,notAvailable,notAvailable,notAvailable,notAvailable,notAvailable
PROJ037,GSE212707,SAM0217,HBr_15_B,Homo sapiens,GSM6543829,breast,breast,UBERON:0000310,0,0,notAvailable,notAvailable,notAvailable,all cells (unsorted),notAvailable,notAvailable,breast tumor,breast cancer,DOID:1612,notAvailable,notAvailable,notAvailable,notAvailable,notAvailable,notAvailable,notAvailable
PROJ037,GSE212707,SAM0218,HBr_15_C,Homo sapiens,GSM6543830,breast,breast,UBERON:0000310,0,0,notAvailable,notAvailable,notAvailable,all cells (unsorted),notAvailable,notAvailable,breast tumor,breast cancer,DOID:1612,notAvailable,notAvailable,notAvailable,notAvailable,notAvailable,notAvailable,notAvailable
PROJ037,GSE212707,SAM0219,L1,Mus musculus,GSM6543825,breast,breast,UBERON:0000310,0,0,notAvailable,notAvailable,notAvailable,all cells (unsorted),notAvailable,notAvailable,breast tumor,breast cancer,DOID:1612,notAvailable,WT,notAvailable,notAvailable,notAvailable,notAvailable,late stage
PROJ037,GSE212707,SAM0220,L2,Mus musculus,GSM6543826,breast,breast,UBERON:0000310,0,0,notAvailable,notAvailable,notAvailable,all cells (unsorted),notAvailable,notAvailable,breast tumor,breast cancer,DOID:1612,notAvailable,WT,notAvailable,notAvailable,notAvailable,notAvailable,late stage
PROJ037,GSE212707,SAM0221,L4,Mus musculus,GSM6543827,breast,breast,UBERON:0000310,0,0,notAvailable,notAvailable,notAvailable,all cells (unsorted),notAvailable,notAvailable,breast tumor,breast cancer,DOID:1612,notAvailable,WT,notAvailable,notAvailable,notAvailable,notAvailable,late stage
PROJ038,GSE213151,SAM0222,AN1-1_d26,Homo sapiens,GSM6573626,Kidney organoid,kidney,UBERON:0002113,1,1,AN1.1,AN1.1,CVCL_A9K3,pluripotent stem cell,pluripotent stem cell,CL:0002248,healthy,normal,PATO:0000461,notAvailable,notAvailable,notAvailable,notAvailable,26_day,notAvailable,notAvailable
PROJ038,GSE213151,SAM0223,H9_d16,Homo sapiens,GSM6573634,Kidney organoid,kidney,UBERON:0002113,1,1,H9 hESC,WA09,CVCL_9773,hESC,embryonic stem cell,CL:0002322,healthy,normal,PATO:0000461,notAvailable,notAvailable,notAvailable,notAvailable,16_day,notAvailable,notAvailable
PROJ038,GSE213151,SAM0224,BJFF6_d26,Homo sapiens,GSM6573624,Kidney organoid,kidney,UBERON:0002113,1,1,BJFF.6 hiPSC,BJFF.6,CVCL_VU02,pluripotent stem cell,pluripotent stem cell,CL:0002248,healthy,normal,PATO:0000461,notAvailable,notAvailable,notAvailable,notAvailable,26_day,notAvailable,notAvailable
PROJ038,GSE213151,SAM0225,H9_d12,Homo sapiens,GSM6573638,Kidney organoid,kidney,UBERON:0002113,1,1,H9 hESC,WA09,CVCL_9773,hESC,embryonic stem cell,CL:0002322,healthy,normal,PATO:0000461,notAvailable,notAvailable,notAvailable,notAvailable,12_day,notAvailable,notAvailable
PROJ038,GSE213151,SAM0226,H9_d19,Homo sapiens,GSM6573632,Kidney organoid,kidney,UBERON:0002113,1,1,H9 hESC,WA09,CVCL_9773,hESC,embryonic stem cell,CL:0002322,healthy,normal,PATO:0000461,notAvailable,notAvailable,notAvailable,notAvailable,19_day,notAvailable,notAvailable
PROJ038,GSE213151,SAM0227,H9_d26,Homo sapiens,GSM6573628,Kidney organoid,kidney,UBERON:0002113,1,1,H9 hESC,WA09,CVCL_9773,hESC,embryonic stem cell,CL:0002322,healthy,normal,PATO:0000461,notAvailable,notAvailable,notAvailable,notAvailable,26_day,notAvailable,notAvailable
PROJ038,GSE213151,SAM0228,H9_d7,Homo sapiens,GSM6573642,Kidney organoid,kidney,UBERON:0002113,1,1,H9 hESC,WA09,CVCL_9773,hESC,embryonic stem cell,CL:0002322,healthy,normal,PATO:0000461,notAvailable,notAvailable,notAvailable,notAvailable,7_day,notAvailable,notAvailable
PROJ038,GSE213151,SAM0229,AN1-1_d19,Homo sapiens,GSM6573630,Kidney organoid,kidney,UBERON:0002113,1,1,AN1.1,AN1.1,CVCL_A9K3,pluripotent stem cell,pluripotent stem cell,CL:0002248,healthy,normal,PATO:0000461,notAvailable,notAvailable,notAvailable,notAvailable,19_day,notAvailable,notAvailable
PROJ038,GSE213151,SAM0230,AN1-1_d12,Homo sapiens,GSM6573636,Kidney organoid,kidney,UBERON:0002113,1,1,AN1.1,AN1.1,CVCL_A9K3,pluripotent stem cell,pluripotent stem cell,CL:0002248,healthy,normal,PATO:0000461,notAvailable,notAvailable,notAvailable,notAvailable,12_day,notAvailable,notAvailable
PROJ038,GSE213151,SAM0231,AN1-1_d7,Homo sapiens,GSM6573640,Kidney organoid,kidney,UBERON:0002113,1,1,AN1.1,AN1.1,CVCL_A9K3,pluripotent stem cell,pluripotent stem cell,CL:0002248,healthy,normal,PATO:0000461,notAvailable,notAvailable,notAvailable,notAvailable,7_day,notAvailable,notAvailable
PROJ039,GSE217194,SAM0232,GSE217194,Mus musculus,GSM6706439,lung mesoderm,lung,UBERON:0002048,0,0,notAvailable,notAvailable,notAvailable,mesoderm derived cells,notAvailable,notAvailable,healthy,normal,PATO:0000461,notAvailable,WT,notAvailable,notAvailable,18.5_day,embryonic,notAvailable
PROJ040,GSE218576,SAM0233,B6E13-5-2,Mus musculus,GSM6752785,Palatal shelves,secondary palatal shelf,UBERON:0005619,0,0,notAvailable,notAvailable,notAvailable,notAvailable,notAvailable,notAvailable,healthy,normal,PATO:0000461,notAvailable,WT,notAvailable,notAvailable,13.5_day,embryonic,notAvailable
PROJ040,GSE218576,SAM0234,B6E14-5-1,Mus musculus,GSM6752793,Palatal shelves,secondary palatal shelf,UBERON:0005619,0,0,notAvailable,notAvailable,notAvailable,notAvailable,notAvailable,notAvailable,healthy,normal,PATO:0000461,notAvailable,WT,notAvailable,notAvailable,14.5_day,embryonic,notAvailable
PROJ040,GSE218576,SAM0235,B6E14-0-1,Mus musculus,GSM6752789,Palatal shelves,secondary palatal shelf,UBERON:0005619,0,0,notAvailable,notAvailable,notAvailable,notAvailable,notAvailable,notAvailable,healthy,normal,PATO:0000461,notAvailable,WT,notAvailable,notAvailable,14_day,embryonic,notAvailable
PROJ040,GSE218576,SAM0236,B6E12-5-1,Mus musculus,GSM6752779,Palatal shelves,secondary palatal shelf,UBERON:0005619,0,0,notAvailable,notAvailable,notAvailable,notAvailable,notAvailable,notAvailable,healthy,normal,PATO:0000461,notAvailable,WT,notAvailable,notAvailable,12.5_day,embryonic,notAvailable
PROJ040,GSE218576,SAM0237,B6E13-5-3,Mus musculus,GSM6752787,Palatal shelves,secondary palatal shelf,UBERON:0005619,0,0,notAvailable,notAvailable,notAvailable,notAvailable,notAvailable,notAvailable,healthy,normal,PATO:0000461,notAvailable,WT,notAvailable,notAvailable,13.5_day,embryonic,notAvailable
PROJ040,GSE218576,SAM0238,B6E12-5-2,Mus musculus,GSM6752781,Palatal shelves,secondary palatal shelf,UBERON:0005619,0,0,notAvailable,notAvailable,notAvailable,notAvailable,notAvailable,notAvailable,healthy,normal,PATO:0000461,notAvailable,WT,notAvailable,notAvailable,12.5_day,embryonic,notAvailable
PROJ040,GSE218576,SAM0239,B6E14-0-2,Mus musculus,GSM6752791,Palatal shelves,secondary palatal shelf,UBERON:0005619,0,0,notAvailable,notAvailable,notAvailable,notAvailable,notAvailable,notAvailable,healthy,normal,PATO:0000461,notAvailable,WT,notAvailable,notAvailable,14_day,embryonic,notAvailable
PROJ040,GSE218576,SAM0240,B6E14-5-2,Mus musculus,GSM6752795,Palatal shelves,secondary palatal shelf,UBERON:0005619,0,0,notAvailable,notAvailable,notAvailable,notAvailable,notAvailable,notAvailable,healthy,normal,PATO:0000461,notAvailable,WT,notAvailable,notAvailable,14.5_day,embryonic,notAvailable
PROJ040,GSE218576,SAM0241,B6E13-5-1,Mus musculus,GSM6752783,Palatal shelves,secondary palatal shelf,UBERON:0005619,0,0,notAvailable,notAvailable,notAvailable,notAvailable,notAvailable,notAvailable,healthy,normal,PATO:0000461,notAvailable,WT,notAvailable,notAvailable,13.5_day,embryonic,notAvailable
PROJ041,GSE220112,SAM0242,RS411_DMSO10h,Homo sapiens,GSM6788560,RS4;11,bone marrow,UBERON:0002371,0,1,RS4;11,RS4;11,CVCL_0093,precursor B cell,precursor B cell,CL:0000817,B-cell acute lymphoblastic leukemia,B-cell acute lymphoblastic leukemia,DOID:0080638,DMSO_vehicle,notAvailable,notAvailable,notAvailable,notAvailable,notAvailable,notAvailable
PROJ041,GSE220112,SAM0243,RS411_Wee1i10h,Homo sapiens,GSM6788561,RS4;11,bone marrow,UBERON:0002371,0,1,RS4;11,RS4;11,CVCL_0093,precursor B cell,precursor B cell,CL:0000817,B-cell acute lymphoblastic leukemia,B-cell acute lymphoblastic leukemia,DOID:0080638,AZD1775_treatment,notAvailable,notAvailable,notAvailable,notAvailable,notAvailable,notAvailable
PROJ042,GSE220848,SAM0244,snMultiome_Brain_7,Mus musculus,GSM6821409,Brain,brain,UBERON:0000955,0,0,notAvailable,notAvailable,notAvailable,notAvailable,notAvailable,notAvailable,healthy,normal,PATO:0000461,notAvailable,WT,notAvailable,female,14_month,notAvailable,notAvailable
PROJ042,GSE220848,SAM0245,snMultiome_Brain_8,Mus musculus,GSM6821410,Brain,brain,UBERON:0000955,0,0,notAvailable,notAvailable,notAvailable,notAvailable,notAvailable,notAvailable,MCMV Smith Strain Infected,cytomegalovirus infection,MONDO:0005132,notAvailable,WT,notAvailable,female,14_month,notAvailable,notAvailable
PROJ043,GSE222346,SAM0246,sgCtr,Mus musculus,GSM6921319,spleen,spleen,UBERON:0002106,0,0,notAvailable,notAvailable,notAvailable,P14 CD8 T cells,"CD8-positive, alpha-beta T cell",CL:0000625,LCMV-Cl13,lymphocytic choriomeningitis,MONDO:0001449,notAvailable,WT,notAvailable,notAvailable,notAvailable,notAvailable,notAvailable
PROJ043,GSE222346,SAM0247,sgPbrm1,Mus musculus,GSM6921322,spleen,spleen,UBERON:0002106,0,0,notAvailable,notAvailable,notAvailable,P14 CD8 T cells,"CD8-positive, alpha-beta T cell",CL:0000625,LCMV-Cl14,lymphocytic choriomeningitis,MONDO:0001449,notAvailable,PBRM1_KO,notAvailable,notAvailable,notAvailable,notAvailable,notAvailable
PROJ043,GSE222346,SAM0248,sgArid2,Mus musculus,GSM6921320,spleen,spleen,UBERON:0002106,0,0,notAvailable,notAvailable,notAvailable,P14 CD8 T cells,"CD8-positive, alpha-beta T cell",CL:0000625,LCMV-Cl15,lymphocytic choriomeningitis,MONDO:0001449,notAvailable,ARID2_KO,notAvailable,notAvailable,notAvailable,notAvailable,notAvailable
PROJ044,GSE222373,SAM0249,C2,Mus musculus,GSM6921761,Left Atrium,left cardiac atrium,UBERON:0002079,0,0,notAvailable,notAvailable,notAvailable,complex tissue,notAvailable,notAvailable,healthy,normal,PATO:0000461,notAvailable,TBX5_KO_control,notAvailable,notAvailable,notAvailable,notAvailable,notAvailable
PROJ044,GSE222373,SAM0250,C1,Mus musculus,GSM6921760,Left Atrium,left cardiac atrium,UBERON:0002079,0,0,notAvailable,notAvailable,notAvailable,complex tissue,notAvailable,notAvailable,healthy,normal,PATO:0000461,notAvailable,TBX5_KO_control,notAvailable,notAvailable,notAvailable,notAvailable,notAvailable
PROJ044,GSE222373,SAM0251,AF1,Mus musculus,GSM6921758,Left Atrium,left cardiac atrium,UBERON:0002079,0,0,notAvailable,notAvailable,notAvailable,complex tissue,notAvailable,notAvailable,healthy,normal,PATO:0000461,notAvailable,TBX5_KO,notAvailable,notAvailable,notAvailable,notAvailable,notAvailable
PROJ044,GSE222373,SAM0252,AF2,Mus musculus,GSM6921759,Left Atrium,left cardiac atrium,UBERON:0002079,0,0,notAvailable,notAvailable,notAvailable,complex tissue,notAvailable,notAvailable,healthy,normal,PATO:0000461,notAvailable,TBX5_KO,notAvailable,notAvailable,notAvailable,notAvailable,notAvailable
PROJ045,GSE222454,SAM0253,MULTIOME_Paris_Lib1,Mus musculus,GSM6923630,"Lung, Liver, Spleen, Skin, Lymph nodes, Small and Large Intestine","lung,liver,spleen,lymph node,small intestine,large intestine","UBERON:0002048,UBERON:0002107,UBERON:0002106,UBERON:0000029,UBERON:0002108,UBERON:0000059",0,0,notAvailable,notAvailable,notAvailable,gamma delta T cells,gamma-delta T cell,CL:0000798,healthy,normal,PATO:0000461,notAvailable,WT,notAvailable,notAvailable,notAvailable,notAvailable,notAvailable
PROJ045,GSE222454,SAM0254,MULTIOME_MPI,Mus musculus,GSM6923626,"Lung, Liver, Spleen, Skin, Lymph nodes, Small and Large Intestine","lung,liver,spleen,lymph node,small intestine,large intestine","UBERON:0002048,UBERON:0002107,UBERON:0002106,UBERON:0000029,UBERON:0002108,UBERON:0000059",0,0,notAvailable,notAvailable,notAvailable,gamma delta T cells,gamma-delta T cell,CL:0000798,healthy,normal,PATO:0000461,notAvailable,WT,notAvailable,notAvailable,notAvailable,notAvailable,notAvailable
PROJ045,GSE222454,SAM0255,MULTIOME_Paris_Lib2,Mus musculus,GSM6923631,"Lung, Liver, Spleen, Skin, Lymph nodes, Small and Large Intestine","lung,liver,spleen,lymph node,small intestine,large intestine","UBERON:0002048,UBERON:0002107,UBERON:0002106,UBERON:0000029,UBERON:0002108,UBERON:0000059",0,0,notAvailable,notAvailable,notAvailable,gamma delta T cells,gamma-delta T cell,CL:0000798,healthy,normal,PATO:0000461,notAvailable,WT,notAvailable,notAvailable,notAvailable,notAvailable,notAvailable
PROJ046,GSE223041,SAM0256,Day_2-2,Mus musculus,GSM6938492,blastocyst,blastocyst,UBERON:0000358,1,1,R1,ES-R1,CVCL_2167,Mouse embryonic stem cell,embryonic stem cell,CL:0002322,healthy,normal,PATO:0000461,notAvailable,WT,notAvailable,notAvailable,2_day,notAvailable,notAvailable
PROJ046,GSE223041,SAM0257,Day_2-3,Mus musculus,GSM6938493,blastocyst,blastocyst,UBERON:0000358,1,1,R1,ES-R1,CVCL_2167,Mouse embryonic stem cell,embryonic stem cell,CL:0002322,healthy,normal,PATO:0000461,notAvailable,WT,notAvailable,notAvailable,2_day,notAvailable,notAvailable
PROJ046,GSE223041,SAM0258,Day_6-1,Mus musculus,GSM6938496,blastocyst,blastocyst,UBERON:0000358,1,1,R1,ES-R1,CVCL_2167,Mouse embryonic stem cell,embryonic stem cell,CL:0002322,healthy,normal,PATO:0000461,notAvailable,WT,notAvailable,notAvailable,6_day,notAvailable,notAvailable
PROJ046,GSE223041,SAM0259,Day_4-2,Mus musculus,GSM6938495,blastocyst,blastocyst,UBERON:0000358,1,1,R1,ES-R1,CVCL_2167,Mouse embryonic stem cell,embryonic stem cell,CL:0002322,healthy,normal,PATO:0000461,notAvailable,WT,notAvailable,notAvailable,4_day,notAvailable,notAvailable
PROJ046,GSE223041,SAM0260,Day_4-1,Mus musculus,GSM6938494,blastocyst,blastocyst,UBERON:0000358,1,1,R1,ES-R1,CVCL_2167,Mouse embryonic stem cell,embryonic stem cell,CL:0002322,healthy,normal,PATO:0000461,notAvailable,WT,notAvailable,notAvailable,4_day,notAvailable,notAvailable
PROJ046,GSE223041,SAM0261,Day_6-2,Mus musculus,GSM6938497,blastocyst,blastocyst,UBERON:0000358,1,1,R1,ES-R1,CVCL_2167,Mouse embryonic stem cell,embryonic stem cell,CL:0002322,healthy,normal,PATO:0000461,notAvailable,WT,notAvailable,notAvailable,6_day,notAvailable,notAvailable
PROJ046,GSE223041,SAM0262,Day_2-1,Mus musculus,GSM6938491,blastocyst,blastocyst,UBERON:0000358,1,1,R1,ES-R1,CVCL_2167,Mouse embryonic stem cell,embryonic stem cell,CL:0002322,healthy,normal,PATO:0000461,notAvailable,WT,notAvailable,notAvailable,2_day,notAvailable,notAvailable
PROJ047,GSE224193,SAM0263,451_AAVS1,Homo sapiens,GSM7017257,blood,blood,UBERON:0000178,0,0,notAvailable,notAvailable,notAvailable,T-cell,T cell,CL:0000084,healthy,normal,PATO:0000461,notAvailable,AAVS1_KO,Normal donor 1,notAvailable,notAvailable,notAvailable,notAvailable
PROJ047,GSE224193,SAM0264,451_EGR2,Homo sapiens,GSM7017258,blood,blood,UBERON:0000178,0,0,notAvailable,notAvailable,notAvailable,T-cell,T cell,CL:0000084,healthy,normal,PATO:0000461,notAvailable,EGR2_KO,Normal donor 1,notAvailable,notAvailable,notAvailable,notAvailable
PROJ047,GSE224193,SAM0265,539_AAVS1,Homo sapiens,GSM7017259,blood,blood,UBERON:0000178,0,0,notAvailable,notAvailable,notAvailable,T-cell,T cell,CL:0000084,healthy,normal,PATO:0000461,notAvailable,AAVS1_KO,Normal donor 2,notAvailable,notAvailable,notAvailable,notAvailable
PROJ047,GSE224193,SAM0266,539_EGR2,Homo sapiens,GSM7017260,blood,blood,UBERON:0000178,0,0,notAvailable,notAvailable,notAvailable,T-cell,T cell,CL:0000084,healthy,normal,PATO:0000461,notAvailable,EGR2_KO,Normal donor 2,notAvailable,notAvailable,notAvailable,notAvailable
PROJ048,GSE224756,SAM0267,Multiome_P14_Cl13_D7_Spleen_pMig_Control,Mus musculus,GSM7304596,Spleen,spleen,UBERON:0002106,0,0,notAvailable,notAvailable,notAvailable,CD8 P14,"CD8-positive, alpha-beta T cell",CL:0000625,notAvailable,notAvailable,notAvailable,notAvailable,WT,notAvailable,notAvailable,notAvailable,notAvailable,notAvailable
PROJ048,GSE224756,SAM0268,Multiome_P14_Cl13_D7_Spleen_CA_NRF2,Mus musculus,GSM7304598,Spleen,spleen,UBERON:0002106,0,0,notAvailable,notAvailable,notAvailable,CD8 P14,"CD8-positive, alpha-beta T cell",CL:0000625,notAvailable,notAvailable,notAvailable,notAvailable,NRF2_constitutive_active,notAvailable,notAvailable,notAvailable,notAvailable,notAvailable
PROJ049,GSE225021,SAM0269,PRNBSN_R2,Homo sapiens,GSM7037224,PRNB,left supraclavicular lymph node,UBERON:8480056,0,1,C4-2B,C4-2B,CVCL_4784,prostate cancer cell line,epithelial cell of prostate,CL:0002231,prostate cancer,prostate cancer,DOID:10283,notAvailable,RB1_KD_TP53_R175H_DN_MYCN_OE_BCL2_OE_SRRM4_OE_NEUROD1_OE,notAvailable,notAvailable,notAvailable,notAvailable,notAvailable
PROJ049,GSE225021,SAM0270,PRNBSA_R1,Homo sapiens,GSM7037221,PRNB,left supraclavicular lymph node,UBERON:8480056,0,1,C4-2B,C4-2B,CVCL_4784,prostate cancer cell line,epithelial cell of prostate,CL:0002231,prostate cancer,prostate cancer,DOID:10283,notAvailable,RB1_KD_TP53_R175H_DN_MYCN_OE_BCL2_OE_SRRM4_OE_ASCL1_OE,notAvailable,notAvailable,notAvailable,notAvailable,notAvailable
PROJ049,GSE225021,SAM0271,PRNBS_R2,Homo sapiens,GSM7037220,PRNB,left supraclavicular lymph node,UBERON:8480056,0,1,C4-2B,C4-2B,CVCL_4784,prostate cancer cell line,epithelial cell of prostate,CL:0002231,prostate cancer,prostate cancer,DOID:10283,notAvailable,RB1_KD_TP53_R175H_DN_MYCN_OE_BCL2_OE_SRRM4_OE,notAvailable,notAvailable,notAvailable,notAvailable,notAvailable
PROJ049,GSE225021,SAM0272,PRNB_R2,Homo sapiens,GSM7037218,PRNB,left supraclavicular lymph node,UBERON:8480056,0,1,C4-2B,C4-2B,CVCL_4784,prostate cancer cell line,epithelial cell of prostate,CL:0002231,prostate cancer,prostate cancer,DOID:10283,notAvailable,RB1_KD_TP53_R175H_DN_MYCN_OE_BCL2_OE,notAvailable,notAvailable,notAvailable,notAvailable,notAvailable
PROJ049,GSE225021,SAM0273,PRNBSA_R2,Homo sapiens,GSM7037222,PRNB,left supraclavicular lymph node,UBERON:8480056,0,1,C4-2B,C4-2B,CVCL_4784,prostate cancer cell line,epithelial cell of prostate,CL:0002231,prostate cancer,prostate cancer,DOID:10283,notAvailable,RB1_KD_TP53_R175H_DN_MYCN_OE_BCL2_OE_SRRM4_OE_ASCL1_OE,notAvailable,notAvailable,notAvailable,notAvailable,notAvailable
PROJ049,GSE225021,SAM0274,PRNBS_R1,Homo sapiens,GSM7037219,PRNB,left supraclavicular lymph node,UBERON:8480056,0,1,C4-2B,C4-2B,CVCL_4784,prostate cancer cell line,epithelial cell of prostate,CL:0002231,prostate cancer,prostate cancer,DOID:10283,notAvailable,RB1_KD_TP53_R175H_DN_MYCN_OE_BCL2_OE_SRRM4_OE,notAvailable,notAvailable,notAvailable,notAvailable,notAvailable
PROJ049,GSE225021,SAM0275,PRNB_R1,Homo sapiens,GSM7037217,PRNB,left supraclavicular lymph node,UBERON:8480056,0,1,C4-2B,C4-2B,CVCL_4784,prostate cancer cell line,epithelial cell of prostate,CL:0002231,prostate cancer,prostate cancer,DOID:10283,notAvailable,RB1_KD_TP53_R175H_DN_MYCN_OE_BCL2_OE,notAvailable,notAvailable,notAvailable,notAvailable,notAvailable
PROJ049,GSE225021,SAM0276,PRNBSN_R1,Homo sapiens,GSM7037223,PRNB,left supraclavicular lymph node,UBERON:8480056,0,1,C4-2B,C4-2B,CVCL_4784,prostate cancer cell line,epithelial cell of prostate,CL:0002231,prostate cancer,prostate cancer,DOID:10283,notAvailable,RB1_KD_TP53_R175H_DN_MYCN_OE_BCL2_OE_SRRM4_OE_NEUROD1_OE,notAvailable,notAvailable,notAvailable,notAvailable,notAvailable
PROJ050,GSE225566,SAM0277,B3_180,Mus musculus,GSM7050386,Kidney,kidney,UBERON:0002113,0,0,notAvailable,notAvailable,notAvailable,Kidney cells,kidney cell,CL:1000497,healthy,normal,PATO:0000461,notAvailable,AR_flox,notAvailable,male,10_week,adult,notAvailable
PROJ050,GSE225566,SAM0278,B1_100,Mus musculus,GSM7050382,Kidney,kidney,UBERON:0002113,0,0,notAvailable,notAvailable,notAvailable,Kidney cells,kidney cell,CL:1000497,healthy,normal,PATO:0000461,notAvailable,AR_flox,notAvailable,male,10_week,adult,notAvailable
PROJ050,GSE225566,SAM0279,A3_395,Mus musculus,GSM7050398,Kidney,kidney,UBERON:0002113,0,0,notAvailable,notAvailable,notAvailable,Kidney cells,kidney cell,CL:1000497,healthy,normal,PATO:0000461,notAvailable,Six2_Cre_AR_flox,notAvailable,female,10_week,adult,notAvailable
PROJ050,GSE225566,SAM0280,A2_397,Mus musculus,GSM7050396,Kidney,kidney,UBERON:0002113,0,0,notAvailable,notAvailable,notAvailable,Kidney cells,kidney cell,CL:1000497,healthy,normal,PATO:0000461,notAvailable,AR_flox,notAvailable,female,10_week,adult,notAvailable
PROJ050,GSE225566,SAM0281,B5_197,Mus musculus,GSM7050390,Kidney,kidney,UBERON:0002113,0,0,notAvailable,notAvailable,notAvailable,Kidney cells,kidney cell,CL:1000497,healthy,normal,PATO:0000461,notAvailable,AR_flox,notAvailable,male,10_week,adult,notAvailable
PROJ050,GSE225566,SAM0282,A4_399,Mus musculus,GSM7050400,Kidney,kidney,UBERON:0002113,0,0,notAvailable,notAvailable,notAvailable,Kidney cells,kidney cell,CL:1000497,healthy,normal,PATO:0000461,notAvailable,Six2_Cre_AR_flox,notAvailable,female,10_week,adult,notAvailable
PROJ050,GSE225566,SAM0283,B2_179,Mus musculus,GSM7050384,Kidney,kidney,UBERON:0002113,0,0,notAvailable,notAvailable,notAvailable,Kidney cells,kidney cell,CL:1000497,healthy,normal,PATO:0000461,notAvailable,Six2_Cre_AR_flox,notAvailable,male,10_week,adult,notAvailable
PROJ050,GSE225566,SAM0284,B4_198,Mus musculus,GSM7050388,Kidney,kidney,UBERON:0002113,0,0,notAvailable,notAvailable,notAvailable,Kidney cells,kidney cell,CL:1000497,healthy,normal,PATO:0000461,notAvailable,Six2_Cre_AR_flox,notAvailable,male,10_week,adult,notAvailable
PROJ050,GSE225566,SAM0285,B6_199,Mus musculus,GSM7050392,Kidney,kidney,UBERON:0002113,0,0,notAvailable,notAvailable,notAvailable,Kidney cells,kidney cell,CL:1000497,healthy,normal,PATO:0000461,notAvailable,Six2_Cre_AR_flox,notAvailable,male,10_week,adult,notAvailable
PROJ050,GSE225566,SAM0286,A1_396,Mus musculus,GSM7050394,Kidney,kidney,UBERON:0002113,0,0,notAvailable,notAvailable,notAvailable,Kidney cells,kidney cell,CL:1000497,healthy,normal,PATO:0000461,notAvailable,AR_flox,notAvailable,female,10_week,adult,notAvailable
PROJ051,GSE226277,SAM0287,CTXAH1,Mus musculus,GSM7070461,Cortex,cerebral cortex,UBERON:0000956,0,0,notAvailable,notAvailable,notAvailable,Brain cells,notAvailable,notAvailable,diabetic,diabetes mellitus,DOID:9351,acute_hypoglycemia,WT,notAvailable,male,18_week,notAvailable,notAvailable
PROJ051,GSE226277,SAM0288,HypoRH,Mus musculus,GSM7070456,Hypothalamus,hypothalamus,UBERON:0001898,0,0,notAvailable,notAvailable,notAvailable,Brain cells,hypothalamus cell,CL:2000030,diabetic,diabetes mellitus,DOID:9351,recurrent_hypoglycemia,WT,notAvailable,male,18_week,notAvailable,notAvailable
PROJ051,GSE226277,SAM0289,HypoRH2,Mus musculus,GSM7070458,Hypothalamus,hypothalamus,UBERON:0001898,0,0,notAvailable,notAvailable,notAvailable,Brain cells,hypothalamus cell,CL:2000030,diabetic,diabetes mellitus,DOID:9351,recurrent_hypoglycemia,WT,notAvailable,male,18_week,notAvailable,notAvailable
PROJ051,GSE226277,SAM0290,CTXRH1,Mus musculus,GSM7070460,Cortex,cerebral cortex,UBERON:0000956,0,0,notAvailable,notAvailable,notAvailable,Brain cells,notAvailable,notAvailable,diabetic,diabetes mellitus,DOID:9351,recurrent_hypoglycemia,WT,notAvailable,male,18_week,notAvailable,notAvailable
PROJ051,GSE226277,SAM0291,HypoAH,Mus musculus,GSM7070457,Hypothalamus,hypothalamus,UBERON:0001898,0,0,notAvailable,notAvailable,notAvailable,Brain cells,hypothalamus cell,CL:2000030,diabetic,diabetes mellitus,DOID:9351,acute_hypoglycemia,WT,notAvailable,male,18_week,notAvailable,notAvailable
PROJ051,GSE226277,SAM0292,HypoAH2,Mus musculus,GSM7070459,Hypothalamus,hypothalamus,UBERON:0001898,0,0,notAvailable,notAvailable,notAvailable,Brain cells,hypothalamus cell,CL:2000030,diabetic,diabetes mellitus,DOID:9351,acute_hypoglycemia,WT,notAvailable,male,18_week,notAvailable,notAvailable
PROJ052,GSE227280,SAM0293,COVID,Homo sapiens,GSM7094289,heart,heart,UBERON:0000948,1,1,iPSC,human induced pluripotent stem cell line cell,CLO:0037308,iPSC,pluripotent stem cell,CL:0002248,long COVID,long COVID,DOID:0080848,notAvailable,notAvailable,notAvailable,notAvailable,notAvailable,notAvailable,notAvailable
PROJ052,GSE227280,SAM0294,noCOVID,Homo sapiens,GSM7094288,heart,heart,UBERON:0000948,1,1,iPSC,human induced pluripotent stem cell line cell,CLO:0037308,iPSC,pluripotent stem cell,CL:0002248,healthy,normal,PATO:0000461,notAvailable,notAvailable,notAvailable,notAvailable,notAvailable,notAvailable,notAvailable
PROJ053,GSE227555,SAM0295,50_filtered,Homo sapiens,GSM7102675,pleural effusion,pleural effusion,UBERON:0000175,0,1,MCF7,MCF-7,CVCL_0031,"Breast epithelia, adenocarcinoma",epithelial cell,CL:0000066,breast cancer,breast cancer,DOID:1612,H2O2_50uM,notAvailable,notAvailable,notAvailable,notAvailable,notAvailable,notAvailable
PROJ053,GSE227555,SAM0296,75_filtered,Homo sapiens,GSM7102676,pleural effusion,pleural effusion,UBERON:0000175,0,1,MCF7,MCF-7,CVCL_0031,"Breast epithelia, adenocarcinoma",epithelial cell,CL:0000066,breast cancer,breast cancer,DOID:1612,H2O2_75uM,notAvailable,notAvailable,notAvailable,notAvailable,notAvailable,notAvailable
PROJ053,GSE227555,SAM0297,UT_filtered,Homo sapiens,GSM7102674,pleural effusion,pleural effusion,UBERON:0000175,0,1,MCF7,MCF-7,CVCL_0031,"Breast epithelia, adenocarcinoma",epithelial cell,CL:0000066,breast cancer,breast cancer,DOID:1612,PBS_control,notAvailable,notAvailable,notAvailable,notAvailable,notAvailable,notAvailable
PROJ054,GSE228551,SAM0298,6d_brains_Mut_AGN002628_AGN002629,Danio rerio,GSM7123891,brain,brain,UBERON:0000955,0,0,notAvailable,notAvailable,notAvailable,notAvailable,notAvailable,notAvailable,healthy,normal,PATO:0000461,notAvailable,linc_mipep_MUT,notAvailable,notAvailable,6_day,larva,notAvailable
PROJ054,GSE228551,SAM0299,6d_brains_WT_AGN002630_AGN002631,Danio rerio,GSM7123893,brain,brain,UBERON:0000955,0,0,notAvailable,notAvailable,notAvailable,notAvailable,notAvailable,notAvailable,healthy,normal,PATO:0000461,notAvailable,linc_mipep_WT,notAvailable,notAvailable,6_day,larva,notAvailable
PROJ055,GSE228669,SAM0300,MSC,Homo sapiens,GSM7134771,Mesenchymal,mesenchyme,UBERON:0003104,0,0,notAvailable,notAvailable,notAvailable,Mesenchymal stem cells,mesenchymal stem cell,CL:0000134,healthy,normal,PATO:0000461,notAvailable,notAvailable,notAvailable,notAvailable,notAvailable,notAvailable,notAvailable
PROJ056,GSE229513,SAM0301,48h,Mus musculus,GSM7164730,Gastruloids,gastrula,UBERON:0004734,1,1,SBR (Sox1/Brachyury reporter)/CGR8,mouse embryonic stem cell line cell,CLO:0037317,embryonic stem cells,embryonic stem cell,CL:0002322,healthy,normal,PATO:0000461,notAvailable,WT,notAvailable,notAvailable,48_hour,notAvailable,notAvailable
PROJ056,GSE229513,SAM0302,52h,Mus musculus,GSM7164731,Gastruloids,gastrula,UBERON:0004734,1,1,SBR (Sox1/Brachyury reporter)/CGR8,mouse embryonic stem cell line cell,CLO:0037317,embryonic stem cells,embryonic stem cell,CL:0002322,healthy,normal,PATO:0000461,notAvailable,WT,notAvailable,notAvailable,52_hour,notAvailable,notAvailable
PROJ057,GSE230389,SAM0303,GBML181,Homo sapiens,GSM7221332,GBM,brain,UBERON:0000955,0,0,notAvailable,notAvailable,notAvailable,neural/tumor,neuron,CL:0000540,GBM,glioblastoma,DOID:3068,notAvailable,IDH_WT,notAvailable,notAvailable,notAvailable,notAvailable,notAvailable
PROJ057,GSE230389,SAM0304,IDHm,Homo sapiens,GSM7221334,astrocytoma,brain,UBERON:0000955,0,0,notAvailable,notAvailable,notAvailable,neural/tumor,neuron,CL:0000540,IDH MUT astrocytoma,IDH-MUT anaplastic astrocytoma,DOID:0080875,notAvailable,IDH_MUT,notAvailable,notAvailable,notAvailable,notAvailable,notAvailable
PROJ058,GSE230766,SAM0305,A11C3,Mus musculus,GSM7234010,Small intestine,small intestine,UBERON:0002108,0,0,notAvailable,notAvailable,notAvailable,notAvailable,notAvailable,notAvailable,healthy,normal,PATO:0000461,irradiation_12Gy_48h,WT,notAvailable,notAvailable,notAvailable,notAvailable,2dpi
PROJ058,GSE230766,SAM0306,A9C1,Mus musculus,GSM7234008,Small intestine,small intestine,UBERON:0002108,0,0,notAvailable,notAvailable,notAvailable,notAvailable,notAvailable,notAvailable,healthy,normal,PATO:0000461,no_irradiation_control,WT,notAvailable,notAvailable,notAvailable,notAvailable,0dpi
PROJ059,GSE231681,SAM0307,KT,Mus musculus,GSM7295720,lung,lung,UBERON:0002048,0,0,notAvailable,notAvailable,notAvailable,notAvailable,notAvailable,notAvailable,lung cancer,lung cancer,DOID:1324,notAvailable,KRAS_G12D_AT2_Cre,notAvailable,notAvailable,notAvailable,notAvailable,KT
PROJ059,GSE231681,SAM0308,KT_2,Mus musculus,GSM7295721,lung,lung,UBERON:0002048,0,0,notAvailable,notAvailable,notAvailable,notAvailable,notAvailable,notAvailable,lung cancer,lung cancer,DOID:1324,notAvailable,KRAS_G12D_AT2_Cre,notAvailable,notAvailable,notAvailable,notAvailable,KT
PROJ059,GSE231681,SAM0309,KPT,Mus musculus,GSM7295722,lung,lung,UBERON:0002048,0,0,notAvailable,notAvailable,notAvailable,notAvailable,notAvailable,notAvailable,lung cancer,lung cancer,DOID:1324,notAvailable,KRAS_G12D_TP53_KO_AT2_Cre,notAvailable,notAvailable,notAvailable,notAvailable,KPT
PROJ059,GSE231681,SAM0310,KFT,Mus musculus,GSM7295724,lung,lung,UBERON:0002048,0,0,notAvailable,notAvailable,notAvailable,notAvailable,notAvailable,notAvailable,lung cancer,lung cancer,DOID:1324,notAvailable,KRAS_G12D_TP53_hypermorphic_AT2_Cre,notAvailable,notAvailable,notAvailable,notAvailable,KFT
PROJ059,GSE231681,SAM0311,KPT_2,Mus musculus,GSM7295723,lung,lung,UBERON:0002048,0,0,notAvailable,notAvailable,notAvailable,notAvailable,notAvailable,notAvailable,lung cancer,lung cancer,DOID:1324,notAvailable,KRAS_G12D_TP53_KO_AT2_Cre,notAvailable,notAvailable,notAvailable,notAvailable,KPT
PROJ059,GSE231681,SAM0312,KFT_2,Mus musculus,GSM7295725,lung,lung,UBERON:0002048,0,0,notAvailable,notAvailable,notAvailable,notAvailable,notAvailable,notAvailable,lung cancer,lung cancer,DOID:1324,notAvailable,KRAS_G12D_TP53_hypermorphic_AT2_Cre,notAvailable,notAvailable,notAvailable,notAvailable,KFT
PROJ060,GSE232001,SAM0313,ilc2_pre-transplant_rep2,Mus musculus,GSM7308294,mesenteric lymph nodes and peritoneum,mesenteric lymph node,UBERON:0002509,0,0,notAvailable,notAvailable,notAvailable,ilc2,group 2 innate lymphoid cell,CL:0001069,healthy,normal,PATO:0000461,notAvailable,WT,notAvailable,notAvailable,8-20_week,notAvailable,pre-transplant
PROJ060,GSE232001,SAM0314,ILC2_post-transplant_rep1,Mus musculus,GSM7308296,lamina propria,lamina propria of small intestine,UBERON:0001238,0,0,notAvailable,notAvailable,notAvailable,ILC2,group 2 innate lymphoid cell,CL:0001069,healthy,normal,PATO:0000461,notAvailable,WT,notAvailable,notAvailable,8-16_week,notAvailable,post-transplant
PROJ060,GSE232001,SAM0315,pcILC2_rep1,Mus musculus,GSM7308301,mesenteric lymph nodes and peritoneum,mesenteric lymph node,UBERON:0002509,0,0,notAvailable,notAvailable,notAvailable,pcILC2,group 2 innate lymphoid cell,CL:0001069,healthy,normal,PATO:0000461,notAvailable,WT,notAvailable,notAvailable,8-20_week,notAvailable,cytokine treated
PROJ060,GSE232001,SAM0316,ilc2_pre-transplant_rep1,Mus musculus,GSM7308292,mesenteric lymph nodes and peritoneum,mesenteric lymph node,UBERON:0002509,0,0,notAvailable,notAvailable,notAvailable,ilc2,group 2 innate lymphoid cell,CL:0001069,healthy,normal,PATO:0000461,notAvailable,WT,notAvailable,notAvailable,8-20_week,notAvailable,pre-transplant
PROJ060,GSE232001,SAM0317,ILC2_post-transplant_rep2,Mus musculus,GSM7308298,lamina propria,lamina propria of small intestine,UBERON:0001238,0,0,notAvailable,notAvailable,notAvailable,ILC2,group 2 innate lymphoid cell,CL:0001069,healthy,normal,PATO:0000461,notAvailable,WT,notAvailable,notAvailable,8-16_week,notAvailable,post-transplant
PROJ060,GSE232001,SAM0318,pcILC2_rep2,Mus musculus,GSM7308303,mesenteric lymph nodes and peritoneum,mesenteric lymph node,UBERON:0002509,0,0,notAvailable,notAvailable,notAvailable,pcILC2,group 2 innate lymphoid cell,CL:0001069,healthy,normal,PATO:0000461,notAvailable,WT,notAvailable,notAvailable,8-20_week,notAvailable,cytokine treated
PROJ061,GSE232222,SAM0319,AIL5160,Homo sapiens,GSM7321080,Kidney cortex,cortex of kidney,UBERON:0001225,0,0,notAvailable,notAvailable,notAvailable,Kidney cells,kidney cell,CL:1000497,Control,normal,PATO:0000461,notAvailable,notAvailable,AIL5160,female,71_year,adult,notAvailable
PROJ061,GSE232222,SAM0320,AJDL105,Homo sapiens,GSM7321082,Kidney cortex,cortex of kidney,UBERON:0001225,0,0,notAvailable,notAvailable,notAvailable,Kidney cells,kidney cell,CL:1000497,Control,normal,PATO:0000461,notAvailable,notAvailable,AJDL105,female,78_year,adult,notAvailable
PROJ061,GSE232222,SAM0321,AIIM164,Homo sapiens,GSM7321078,Kidney cortex,cortex of kidney,UBERON:0001225,0,0,notAvailable,notAvailable,notAvailable,Kidney cells,kidney cell,CL:1000497,Control,normal,PATO:0000461,notAvailable,notAvailable,AIIM164,female,46_year,adult,notAvailable
PROJ061,GSE232222,SAM0322,090922Nx,Homo sapiens,GSM7321074,Kidney cortex,cortex of kidney,UBERON:0001225,0,0,notAvailable,notAvailable,notAvailable,Kidney cells,kidney cell,CL:1000497,Chronic Kidney Disease,chronic kidney disease,DOID:784,notAvailable,notAvailable,090922Nx,male,51_year,adult,notAvailable
PROJ061,GSE232222,SAM0323,AJDV174,Homo sapiens,GSM7321084,Kidney cortex,cortex of kidney,UBERON:0001225,0,0,notAvailable,notAvailable,notAvailable,Kidney cells,kidney cell,CL:1000497,Control,normal,PATO:0000461,notAvailable,notAvailable,AJDV174,male,58_year,adult,notAvailable
PROJ061,GSE232222,SAM0324,091422Nx,Homo sapiens,GSM7321076,Kidney cortex,cortex of kidney,UBERON:0001225,0,0,notAvailable,notAvailable,notAvailable,Kidney cells,kidney cell,CL:1000497,Chronic Kidney Disease,chronic kidney disease,DOID:784,notAvailable,notAvailable,091422Nx,male,91_year,adult,notAvailable
PROJ062,GSE232961,SAM0325,KO,Mus musculus,GSM7398596,heart,heart,UBERON:0000948,0,0,notAvailable,notAvailable,notAvailable,purified nuclei from heart,notAvailable,notAvailable,healthy,normal,PATO:0000461,notAvailable,NFYA_cKO,notAvailable,notAvailable,15.5_day,embryonic,notAvailable
PROJ062,GSE232961,SAM0326,WT,Mus musculus,GSM7398594,heart,heart,UBERON:0000948,0,0,notAvailable,notAvailable,notAvailable,purified nuclei from heart,notAvailable,notAvailable,healthy,normal,PATO:0000461,notAvailable,NFYA_WT,notAvailable,notAvailable,15.5_day,embryonic,notAvailable
PROJ063,GSE233151,SAM0327,e12_Het,Mus musculus,GSM7404729,MGE,medial ganglionic eminence,UBERON:0004024,0,0,notAvailable,notAvailable,notAvailable,MGE cells,medial ganglionic eminence cell,CL:0002625,healthy,normal,PATO:0000461,notAvailable,EZH2_HET,notAvailable,notAvailable,12.5_day,embryonic,notAvailable
PROJ063,GSE233151,SAM0328,e12_KO,Mus musculus,GSM7404730,MGE,medial ganglionic eminence,UBERON:0004024,0,0,notAvailable,notAvailable,notAvailable,MGE cells,medial ganglionic eminence cell,CL:0002625,healthy,normal,PATO:0000461,notAvailable,EZH2_KO,notAvailable,notAvailable,12.5_day,embryonic,notAvailable
PROJ063,GSE233151,SAM0329,e12_WT,Mus musculus,GSM7404728,MGE,medial ganglionic eminence,UBERON:0004024,0,0,notAvailable,notAvailable,notAvailable,MGE cells,medial ganglionic eminence cell,CL:0002625,healthy,normal,PATO:0000461,notAvailable,WT,notAvailable,notAvailable,12.5_day,embryonic,notAvailable
PROJ063,GSE233151,SAM0330,e15_Het,Mus musculus,GSM7404732,MGE,medial ganglionic eminence,UBERON:0004024,0,0,notAvailable,notAvailable,notAvailable,MGE cells,medial ganglionic eminence cell,CL:0002625,healthy,normal,PATO:0000461,notAvailable,EZH2_HET,notAvailable,notAvailable,15.5_day,embryonic,notAvailable
PROJ063,GSE233151,SAM0331,e15_KO,Mus musculus,GSM7404734,MGE,medial ganglionic eminence,UBERON:0004024,0,0,notAvailable,notAvailable,notAvailable,MGE cells,medial ganglionic eminence cell,CL:0002625,healthy,normal,PATO:0000461,notAvailable,EZH2_KO,notAvailable,notAvailable,15.5_day,embryonic,notAvailable
PROJ063,GSE233151,SAM0332,e15_WT,Mus musculus,GSM7404731,MGE,medial ganglionic eminence,UBERON:0004024,0,0,notAvailable,notAvailable,notAvailable,MGE cells,medial ganglionic eminence cell,CL:0002625,healthy,normal,PATO:0000461,notAvailable,WT,notAvailable,notAvailable,15.5_day,embryonic,notAvailable
PROJ064,GSE233706,SAM0333,E12_5_rep1,Mus musculus,GSM7432835,Cochlea,cochlea,UBERON:0001844,0,0,notAvailable,notAvailable,notAvailable,notAvailable,notAvailable,notAvailable,healthy,normal,PATO:0000461,notAvailable,C57BL6J_WT,notAvailable,notAvailable,12.5_day,embryonic,notAvailable
PROJ064,GSE233706,SAM0334,E12_5_rep2,Mus musculus,GSM7432838,Cochlea,cochlea,UBERON:0001844,0,0,notAvailable,notAvailable,notAvailable,notAvailable,notAvailable,notAvailable,healthy,normal,PATO:0000461,notAvailable,C57BL6J_WT,notAvailable,notAvailable,12.5_day,embryonic,notAvailable
PROJ065,GSE234906,SAM0335,EPCR,Mus musculus,GSM7476360,Bone marrow,bone marrow,UBERON:0002371,0,0,notAvailable,notAvailable,notAvailable,Hematopoietic stem cells,hematopoietic stem cell,CL:0000037,healthy,normal,PATO:0000461,notAvailable,WT,notAvailable,notAvailable,notAvailable,notAvailable,EPCR+ cells
PROJ065,GSE234906,SAM0336,Whole_culture,Mus musculus,GSM7476359,Bone marrow,bone marrow,UBERON:0002371,0,0,notAvailable,notAvailable,notAvailable,Hematopoietic stem cells,hematopoietic stem cell,CL:0000037,healthy,normal,PATO:0000461,notAvailable,WT,notAvailable,notAvailable,notAvailable,notAvailable,Whole culture
PROJ066,GSE234943,SAM0337,MM-WT22,Mus musculus,GSM7483739,frozen pituitary,pituitary gland,UBERON:0000007,0,0,notAvailable,notAvailable,notAvailable,notAvailable,notAvailable,notAvailable,normal,normal,PATO:0000461,notAvailable,WT,notAvailable,male,10_week,notAvailable,notAvailable
PROJ067,GSE235314,SAM0338,CEA,Rattus norvegicus,GSM7498809,Central amygdala,central amygdaloid nucleus,UBERON:0002883,0,0,notAvailable,notAvailable,notAvailable,notAvailable,notAvailable,notAvailable,cocaine addiction,cocaine dependence,DOID:9975,notAvailable,notAvailable,notAvailable,notAvailable,notAvailable,notAvailable,notAvailable
PROJ067,GSE235314,SAM0339,BLA,Rattus norvegicus,GSM7498810,Basolateral amygdala,basolateral amygdaloid nuclear complex,UBERON:0006107,0,0,notAvailable,notAvailable,notAvailable,notAvailable,notAvailable,notAvailable,cocaine addiction,cocaine dependence,DOID:9975,notAvailable,notAvailable,notAvailable,notAvailable,notAvailable,notAvailable,notAvailable
PROJ068,GSE235499,SAM0340,PBMC_Multiome_Tn5hc,Homo sapiens,GSM7504034,Peripheral blood,blood,UBERON:0000178,0,0,notAvailable,notAvailable,notAvailable,PBMC,peripheral blood mononuclear cell,CL:2000001,healthy,normal,PATO:0000461,Tn5hc_library_prep,notAvailable,notAvailable,notAvailable,notAvailable,notAvailable,notAvailable
PROJ068,GSE235499,SAM0341,PBMC_Multiome_10xTn5,Homo sapiens,GSM7504032,Peripheral blood,blood,UBERON:0000178,0,0,notAvailable,notAvailable,notAvailable,PBMC,peripheral blood mononuclear cell,CL:2000001,healthy,normal,PATO:0000461,Tn5_library_prep,notAvailable,notAvailable,notAvailable,notAvailable,notAvailable,notAvailable
PROJ068,GSE235499,SAM0342,PBMC_Multiome_Tn5hc_50perc,Homo sapiens,GSM7504033,Peripheral blood,blood,UBERON:0000178,0,0,notAvailable,notAvailable,notAvailable,PBMC,peripheral blood mononuclear cell,CL:2000001,healthy,normal,PATO:0000461,Tn5hc_50percent_library_prep,notAvailable,notAvailable,notAvailable,notAvailable,notAvailable,notAvailable
PROJ069,GSE235501,SAM0343,PBMC_Multiome_10xTn5,Homo sapiens,GSM7504069,Peripheral blood,blood,UBERON:0000178,0,0,notAvailable,notAvailable,notAvailable,PBMC,peripheral blood mononuclear cell,CL:2000001,healthy,normal,PATO:0000461,Tn5_library_prep,notAvailable,notAvailable,notAvailable,notAvailable,notAvailable,notAvailable
PROJ069,GSE235501,SAM0344,PBMC_Multiome_Tn5hc_50perc,Homo sapiens,GSM7504070,Peripheral blood,blood,UBERON:0000178,0,0,notAvailable,notAvailable,notAvailable,PBMC,peripheral blood mononuclear cell,CL:2000001,healthy,normal,PATO:0000461,Tn5hc_50percent_library_prep,notAvailable,notAvailable,notAvailable,notAvailable,notAvailable,notAvailable
PROJ069,GSE235501,SAM0345,PBMC_Multiome_Tn5hc,Homo sapiens,GSM7504071,Peripheral blood,blood,UBERON:0000178,0,0,notAvailable,notAvailable,notAvailable,PBMC,peripheral blood mononuclear cell,CL:2000001,healthy,normal,PATO:0000461,Tn5hc_library_prep,notAvailable,notAvailable,notAvailable,notAvailable,notAvailable,notAvailable
PROJ070,GSE235503,SAM0346,TF1_IDH2MUT,Homo sapiens,GSM7504075,Bone marrow,bone marrow,UBERON:0002371,0,1,TF1,TF-1,CVCL_0552,Erythroblasts,erythroblast,CL:0000765,erythroleukemia,erythroleukemia,DOID:0080916,notAvailable,IDH2_MUT,notAvailable,notAvailable,notAvailable,notAvailable,notAvailable
PROJ070,GSE235503,SAM0347,TF1_IDH2WT,Homo sapiens,GSM7504074,Bone marrow,bone marrow,UBERON:0002371,0,1,TF1,TF-1,CVCL_0552,Erythroblasts,erythroblast,CL:0000765,erythroleukemia,erythroleukemia,DOID:0080916,notAvailable,IDH2_WT,notAvailable,notAvailable,notAvailable,notAvailable,notAvailable
PROJ071,GSE236667,SAM0348,GSE236667,Mus musculus,GSM7567337,Thymic,thymus epithelium,UBERON:0003846,0,0,notAvailable,notAvailable,notAvailable,Thymic epithelial cells,epithelial cell of thymus,CL:0002293,healthy,normal,PATO:0000461,notAvailable,Aire_WT_or_unspecified,notAvailable,notAvailable,5_week,notAvailable,notAvailable
PROJ072,GSE237448,SAM0349,CM,Homo sapiens,GSM7618324,Islet of Langerhands,islet of Langerhans,UBERON:0000006,0,0,notAvailable,notAvailable,notAvailable,Primary,notAvailable,notAvailable,normal,normal,PATO:0000461,cytokine_mix_IFNg_TNFa_IL1b_48h,notAvailable,notAvailable,notAvailable,notAvailable,notAvailable,notAvailable
PROJ072,GSE237448,SAM0350,DMSO,Homo sapiens,GSM7618322,Islet of Langerhands,islet of Langerhans,UBERON:0000006,0,0,notAvailable,notAvailable,notAvailable,Primary,notAvailable,notAvailable,normal,normal,PATO:0000461,DMSO_24h,notAvailable,notAvailable,notAvailable,notAvailable,notAvailable,notAvailable
PROJ072,GSE237448,SAM0351,PBS,Homo sapiens,GSM7618327,Islet of Langerhands,islet of Langerhans,UBERON:0000006,0,0,notAvailable,notAvailable,notAvailable,Primary,notAvailable,notAvailable,normal,normal,PATO:0000461,PBS_BSA_0.1percent_48h,notAvailable,notAvailable,notAvailable,notAvailable,notAvailable,notAvailable
PROJ072,GSE237448,SAM0352,BFA,Homo sapiens,GSM7618319,Islet of Langerhands,islet of Langerhans,UBERON:0000006,0,0,notAvailable,notAvailable,notAvailable,Primary,notAvailable,notAvailable,normal,normal,PATO:0000461,Brefeldin_A_0.1ug_per_mL_24h,notAvailable,notAvailable,notAvailable,notAvailable,notAvailable,notAvailable
PROJ073,GSE238050,SAM0353,Foxr2_p53,Mus musculus,GSM7658050,brain,brain,UBERON:0000955,0,0,notAvailable,notAvailable,notAvailable,notAvailable,notAvailable,notAvailable,brain tumor,brain cancer,DOID:1319,notAvailable,FOXR2_OE_TP53_LoF,notAvailable,notAvailable,notAvailable,notAvailable,notAvailable
PROJ073,GSE238050,SAM0354,Foxr2_r1,Mus musculus,GSM7658051,brain,brain,UBERON:0000955,0,0,notAvailable,notAvailable,notAvailable,notAvailable,notAvailable,notAvailable,brain tumor,brain cancer,DOID:1319,notAvailable,FOXR2_OE,notAvailable,notAvailable,notAvailable,notAvailable,notAvailable
PROJ073,GSE238050,SAM0355,Foxr2_r2_,Mus musculus,GSM7658049,brain,brain,UBERON:0000955,0,0,notAvailable,notAvailable,notAvailable,notAvailable,notAvailable,notAvailable,brain tumor,brain cancer,DOID:1319,notAvailable,FOXR2_OE,notAvailable,notAvailable,notAvailable,notAvailable,notAvailable
PROJ074,GSE238276,SAM0356,PS1,Homo sapiens,GSM7661371,Ileum,ileum,UBERON:0002116,1,1,Line#2,human stem cell line cell,CLO:0037335,"D1, tam-inducible",intestinal enteroendocrine cell,CL:1001516,healthy,normal,PATO:0000461,notAvailable,WT,notAvailable,notAvailable,1_day,notAvailable,notAvailable
PROJ074,GSE238276,SAM0357,PS3,Homo sapiens,GSM7661372,Ileum,ileum,UBERON:0002116,1,1,Line#2,human stem cell line cell,CLO:0037335,"D3, tam-inducible",intestinal enteroendocrine cell,CL:1001516,healthy,normal,PATO:0000461,notAvailable,WT,notAvailable,notAvailable,3_day,notAvailable,notAvailable
PROJ074,GSE238276,SAM0358,PS5,Homo sapiens,GSM7661373,Ileum,ileum,UBERON:0002116,1,1,Line#2,human stem cell line cell,CLO:0037335,"D5, tam-inducible",intestinal enteroendocrine cell,CL:1001516,healthy,normal,PATO:0000461,notAvailable,WT,notAvailable,notAvailable,5_day,notAvailable,notAvailable
PROJ074,GSE238276,SAM0359,PS6,Homo sapiens,GSM7661374,Ileum,ileum,UBERON:0002116,1,1,Line#2,human stem cell line cell,CLO:0037335,"D6, tam-inducible",intestinal enteroendocrine cell,CL:1001516,healthy,normal,PATO:0000461,notAvailable,WT,notAvailable,notAvailable,6_day,notAvailable,notAvailable
PROJ074,GSE238276,SAM0360,PSD3AS,Homo sapiens,GSM7661387,Ileum,ileum,UBERON:0002116,1,1,Line#2,human stem cell line cell,CLO:0037335,"D3 ASCL1-KO, tam-inducible",intestinal enteroendocrine cell,CL:1001516,healthy,normal,PATO:0000461,notAvailable,ASCL1_KO,notAvailable,notAvailable,3_day,notAvailable,notAvailable
PROJ074,GSE238276,SAM0361,PSD3HES6,Homo sapiens,GSM7661395,Ileum,ileum,UBERON:0002116,1,1,Line#2,human stem cell line cell,CLO:0037335,"D3 HES6-KO, tam-inducible",intestinal enteroendocrine cell,CL:1001516,healthy,normal,PATO:0000461,notAvailable,HES6_KO,notAvailable,notAvailable,3_day,notAvailable,notAvailable
PROJ074,GSE238276,SAM0362,PSD3scram,Homo sapiens,GSM7661380,Ileum,ileum,UBERON:0002116,1,1,Line#2,human stem cell line cell,CLO:0037335,"D3 scrambled, tam-inducible",intestinal enteroendocrine cell,CL:1001516,healthy,normal,PATO:0000461,notAvailable,scrambled_control,notAvailable,notAvailable,3_day,notAvailable,notAvailable
PROJ074,GSE238276,SAM0363,PSD6AS,Homo sapiens,GSM7661388,Ileum,ileum,UBERON:0002116,1,1,Line#2,human stem cell line cell,CLO:0037335,"D6 ASCL1-KO, tam-inducible",intestinal enteroendocrine cell,CL:1001516,healthy,normal,PATO:0000461,notAvailable,ASCL1_KO,notAvailable,notAvailable,6_day,notAvailable,notAvailable
PROJ074,GSE238276,SAM0364,D3Ne,Homo sapiens,GSM7661379,Ileum,ileum,UBERON:0002116,1,1,Line#2,human stem cell line cell,CLO:0037335,"D3 scrambled, tam-inducible",intestinal enteroendocrine cell,CL:1001516,healthy,normal,PATO:0000461,notAvailable,scrambled_control,notAvailable,notAvailable,3_day,notAvailable,notAvailable
PROJ074,GSE238276,SAM0365,PSD6HES6,Homo sapiens,GSM7661396,Ileum,ileum,UBERON:0002116,1,1,Line#2,human stem cell line cell,CLO:0037335,"D6 HES6-KO, tam-inducible",intestinal enteroendocrine cell,CL:1001516,healthy,normal,PATO:0000461,notAvailable,HES6_KO,notAvailable,notAvailable,6_day,notAvailable,notAvailable
PROJ074,GSE238276,SAM0366,PSD6ND123,Homo sapiens,GSM7661391,Ileum,ileum,UBERON:0002116,1,1,Line#2,human stem cell line cell,CLO:0037335,"D6 NEUROD1-DBD-KO, tam-inducible",intestinal enteroendocrine cell,CL:1001516,healthy,normal,PATO:0000461,notAvailable,NEUROD1_DBD_KO,notAvailable,notAvailable,6_day,notAvailable,notAvailable
PROJ074,GSE238276,SAM0367,PSD6Ne,Homo sapiens,GSM7661381,Ileum,ileum,UBERON:0002116,1,1,Line#2,human stem cell line cell,CLO:0037335,"D6 scrambled, tam-inducible",intestinal enteroendocrine cell,CL:1001516,healthy,normal,PATO:0000461,notAvailable,scrambled_control,notAvailable,notAvailable,6_day,notAvailable,notAvailable
PROJ074,GSE238276,SAM0368,PSD6scram,Homo sapiens,GSM7661382,Ileum,ileum,UBERON:0002116,1,1,Line#2,human stem cell line cell,CLO:0037335,"D6 scrambled, tam-inducible",intestinal enteroendocrine cell,CL:1001516,healthy,normal,PATO:0000461,notAvailable,scrambled_control,notAvailable,notAvailable,6_day,notAvailable,notAvailable
PROJ075,GSE239276,SAM0369,d21,Homo sapiens,GSM7662482,Prostate,prostate gland,UBERON:0002367,1,1,LNCaP,LNCaP,CVCL_0395,Human Prostate Cancer Cells,epithelial cell of prostate,CL:0002231,prostate adenocarcinoma,prostate adenocarcinoma,DOID:2526,notAvailable,FOXA2_OE,notAvailable,notAvailable,21_day,notAvailable,notAvailable
PROJ075,GSE239276,SAM0370,d0,Homo sapiens,GSM7662478,Prostate,prostate gland,UBERON:0002367,1,1,LNCaP,LNCaP,CVCL_0395,Human Prostate Cancer Cells,epithelial cell of prostate,CL:0002231,prostate adenocarcinoma,prostate adenocarcinoma,DOID:2526,notAvailable,FOXA2_OE,notAvailable,notAvailable,0_day,notAvailable,notAvailable
PROJ075,GSE239276,SAM0371,d14,Homo sapiens,GSM7662479,Prostate,prostate gland,UBERON:0002367,1,1,LNCaP,LNCaP,CVCL_0395,Human Prostate Cancer Cells,epithelial cell of prostate,CL:0002231,prostate adenocarcinoma,prostate adenocarcinoma,DOID:2526,notAvailable,FOXA2_OE,notAvailable,notAvailable,14_day,notAvailable,notAvailable
PROJ076,GSE239477,SAM0372,T5,Mus musculus,GSM7665917,agranular insular cortex,agranular insular cortex,UBERON:0034893,0,0,notAvailable,notAvailable,notAvailable,notAvailable,notAvailable,notAvailable,healthy,normal,PATO:0000461,notAvailable,WT,notAvailable,notAvailable,notAvailable,notAvailable,notAvailable
PROJ076,GSE239477,SAM0373,A2,Mus musculus,GSM7665866,anterior piriform cortex,piriform cortex,UBERON:0004725,0,0,notAvailable,notAvailable,notAvailable,notAvailable,notAvailable,notAvailable,healthy,normal,PATO:0000461,notAvailable,WT,notAvailable,notAvailable,notAvailable,notAvailable,notAvailable
PROJ076,GSE239477,SAM0374,A9,Mus musculus,GSM7665874,anterior piriform cortex,piriform cortex,UBERON:0004725,0,0,notAvailable,notAvailable,notAvailable,notAvailable,notAvailable,notAvailable,healthy,normal,PATO:0000461,notAvailable,WT,notAvailable,notAvailable,notAvailable,notAvailable,notAvailable
PROJ076,GSE239477,SAM0375,A2W,Mus musculus,GSM7665882,anterior piriform cortex,piriform cortex,UBERON:0004725,0,0,notAvailable,notAvailable,notAvailable,notAvailable,notAvailable,notAvailable,healthy,normal,PATO:0000461,notAvailable,WT,notAvailable,notAvailable,notAvailable,notAvailable,notAvailable
PROJ076,GSE239477,SAM0376,N1,Mus musculus,GSM7665923,primary somatosensory cortex,primary somatosensory cortex,UBERON:0008933,0,0,notAvailable,notAvailable,notAvailable,notAvailable,notAvailable,notAvailable,healthy,normal,PATO:0000461,notAvailable,WT,notAvailable,notAvailable,notAvailable,notAvailable,notAvailable
PROJ076,GSE239477,SAM0377,A3,Mus musculus,GSM7665868,anterior piriform cortex,piriform cortex,UBERON:0004725,0,0,notAvailable,notAvailable,notAvailable,notAvailable,notAvailable,notAvailable,healthy,normal,PATO:0000461,notAvailable,WT,notAvailable,notAvailable,notAvailable,notAvailable,notAvailable
PROJ076,GSE239477,SAM0378,N4,Mus musculus,GSM7665925,primary somatosensory cortex,primary somatosensory cortex,UBERON:0008933,0,0,notAvailable,notAvailable,notAvailable,notAvailable,notAvailable,notAvailable,healthy,normal,PATO:0000461,notAvailable,WT,notAvailable,notAvailable,notAvailable,notAvailable,notAvailable
PROJ076,GSE239477,SAM0379,A6,Mus musculus,GSM7665872,anterior piriform cortex,piriform cortex,UBERON:0004725,0,0,notAvailable,notAvailable,notAvailable,notAvailable,notAvailable,notAvailable,healthy,normal,PATO:0000461,notAvailable,WT,notAvailable,notAvailable,notAvailable,notAvailable,notAvailable
PROJ076,GSE239477,SAM0380,T4,Mus musculus,GSM7665915,agranular insular cortex,agranular insular cortex,UBERON:0034893,0,0,notAvailable,notAvailable,notAvailable,notAvailable,notAvailable,notAvailable,healthy,normal,PATO:0000461,notAvailable,WT,notAvailable,notAvailable,notAvailable,notAvailable,notAvailable
PROJ076,GSE239477,SAM0381,T1,Mus musculus,GSM7665913,agranular insular cortex,agranular insular cortex,UBERON:0034893,0,0,notAvailable,notAvailable,notAvailable,notAvailable,notAvailable,notAvailable,healthy,normal,PATO:0000461,notAvailable,WT,notAvailable,notAvailable,notAvailable,notAvailable,notAvailable
PROJ076,GSE239477,SAM0382,A11,Mus musculus,GSM7665878,anterior piriform cortex,piriform cortex,UBERON:0004725,0,0,notAvailable,notAvailable,notAvailable,notAvailable,notAvailable,notAvailable,healthy,normal,PATO:0000461,notAvailable,WT,notAvailable,notAvailable,notAvailable,notAvailable,notAvailable
PROJ076,GSE239477,SAM0383,A1W,Mus musculus,GSM7665880,anterior piriform cortex,piriform cortex,UBERON:0004725,0,0,notAvailable,notAvailable,notAvailable,notAvailable,notAvailable,notAvailable,healthy,normal,PATO:0000461,notAvailable,WT,notAvailable,notAvailable,notAvailable,notAvailable,notAvailable
PROJ076,GSE239477,SAM0384,T7,Mus musculus,GSM7665921,agranular insular cortex,agranular insular cortex,UBERON:0034893,0,0,notAvailable,notAvailable,notAvailable,notAvailable,notAvailable,notAvailable,healthy,normal,PATO:0000461,notAvailable,WT,notAvailable,notAvailable,notAvailable,notAvailable,notAvailable
PROJ076,GSE239477,SAM0385,P9,Mus musculus,GSM7665902,posterior piriform cortex,piriform cortex,UBERON:0004725,0,0,notAvailable,notAvailable,notAvailable,notAvailable,notAvailable,notAvailable,healthy,normal,PATO:0000461,notAvailable,WT,notAvailable,notAvailable,notAvailable,notAvailable,notAvailable
PROJ076,GSE239477,SAM0386,N7,Mus musculus,GSM7665929,primary somatosensory cortex,primary somatosensory cortex,UBERON:0008933,0,0,notAvailable,notAvailable,notAvailable,notAvailable,notAvailable,notAvailable,healthy,normal,PATO:0000461,notAvailable,WT,notAvailable,notAvailable,notAvailable,notAvailable,notAvailable
PROJ076,GSE239477,SAM0387,P10,Mus musculus,GSM7665904,posterior piriform cortex,piriform cortex,UBERON:0004725,0,0,notAvailable,notAvailable,notAvailable,notAvailable,notAvailable,notAvailable,healthy,normal,PATO:0000461,notAvailable,WT,notAvailable,notAvailable,notAvailable,notAvailable,notAvailable
PROJ076,GSE239477,SAM0388,A0,Mus musculus,GSM7665862,anterior piriform cortex,piriform cortex,UBERON:0004725,0,0,notAvailable,notAvailable,notAvailable,notAvailable,notAvailable,notAvailable,healthy,normal,PATO:0000461,notAvailable,WT,notAvailable,notAvailable,notAvailable,notAvailable,notAvailable
PROJ076,GSE239477,SAM0389,N6,Mus musculus,GSM7665927,primary somatosensory cortex,primary somatosensory cortex,UBERON:0008933,0,0,notAvailable,notAvailable,notAvailable,notAvailable,notAvailable,notAvailable,healthy,normal,PATO:0000461,notAvailable,WT,notAvailable,notAvailable,notAvailable,notAvailable,notAvailable
PROJ076,GSE239477,SAM0390,A4,Mus musculus,GSM7665870,anterior piriform cortex,piriform cortex,UBERON:0004725,0,0,notAvailable,notAvailable,notAvailable,notAvailable,notAvailable,notAvailable,healthy,normal,PATO:0000461,notAvailable,WT,notAvailable,notAvailable,notAvailable,notAvailable,notAvailable
PROJ076,GSE239477,SAM0391,N2W,Mus musculus,GSM7665931,primary somatosensory cortex,primary somatosensory cortex,UBERON:0008933,0,0,notAvailable,notAvailable,notAvailable,notAvailable,notAvailable,notAvailable,healthy,normal,PATO:0000461,notAvailable,WT,notAvailable,notAvailable,notAvailable,notAvailable,notAvailable
PROJ076,GSE239477,SAM0392,P1W,Mus musculus,GSM7665908,posterior piriform cortex,piriform cortex,UBERON:0004725,0,0,notAvailable,notAvailable,notAvailable,notAvailable,notAvailable,notAvailable,healthy,normal,PATO:0000461,notAvailable,WT,notAvailable,notAvailable,notAvailable,notAvailable,notAvailable
PROJ076,GSE239477,SAM0393,A1,Mus musculus,GSM7665864,anterior piriform cortex,piriform cortex,UBERON:0004725,0,0,notAvailable,notAvailable,notAvailable,notAvailable,notAvailable,notAvailable,healthy,normal,PATO:0000461,notAvailable,WT,notAvailable,notAvailable,notAvailable,notAvailable,notAvailable
PROJ076,GSE239477,SAM0394,P11,Mus musculus,GSM7665906,posterior piriform cortex,piriform cortex,UBERON:0004725,0,0,notAvailable,notAvailable,notAvailable,notAvailable,notAvailable,notAvailable,healthy,normal,PATO:0000461,notAvailable,WT,notAvailable,notAvailable,notAvailable,notAvailable,notAvailable
PROJ076,GSE239477,SAM0395,A10,Mus musculus,GSM7665876,anterior piriform cortex,piriform cortex,UBERON:0004725,0,0,notAvailable,notAvailable,notAvailable,notAvailable,notAvailable,notAvailable,healthy,normal,PATO:0000461,notAvailable,WT,notAvailable,notAvailable,notAvailable,notAvailable,notAvailable
PROJ076,GSE239477,SAM0396,T6,Mus musculus,GSM7665919,agranular insular cortex,agranular insular cortex,UBERON:0034893,0,0,notAvailable,notAvailable,notAvailable,notAvailable,notAvailable,notAvailable,healthy,normal,PATO:0000461,notAvailable,WT,notAvailable,notAvailable,notAvailable,notAvailable,notAvailable
PROJ076,GSE239477,SAM0397,P5,Mus musculus,GSM7665894,posterior piriform cortex,piriform cortex,UBERON:0004725,0,0,notAvailable,notAvailable,notAvailable,notAvailable,notAvailable,notAvailable,healthy,normal,PATO:0000461,notAvailable,WT,notAvailable,notAvailable,notAvailable,notAvailable,notAvailable
PROJ076,GSE239477,SAM0398,P4,Mus musculus,GSM7665892,posterior piriform cortex,piriform cortex,UBERON:0004725,0,0,notAvailable,notAvailable,notAvailable,notAvailable,notAvailable,notAvailable,healthy,normal,PATO:0000461,notAvailable,WT,notAvailable,notAvailable,notAvailable,notAvailable,notAvailable
PROJ076,GSE239477,SAM0399,P1,Mus musculus,GSM7665888,posterior piriform cortex,piriform cortex,UBERON:0004725,0,0,notAvailable,notAvailable,notAvailable,notAvailable,notAvailable,notAvailable,healthy,normal,PATO:0000461,notAvailable,WT,notAvailable,notAvailable,notAvailable,notAvailable,notAvailable
PROJ076,GSE239477,SAM0400,P2,Mus musculus,GSM7665890,posterior piriform cortex,piriform cortex,UBERON:0004725,0,0,notAvailable,notAvailable,notAvailable,notAvailable,notAvailable,notAvailable,healthy,normal,PATO:0000461,notAvailable,WT,notAvailable,notAvailable,notAvailable,notAvailable,notAvailable
PROJ076,GSE239477,SAM0401,P7,Mus musculus,GSM7665898,posterior piriform cortex,piriform cortex,UBERON:0004725,0,0,notAvailable,notAvailable,notAvailable,notAvailable,notAvailable,notAvailable,healthy,normal,PATO:0000461,notAvailable,WT,notAvailable,notAvailable,notAvailable,notAvailable,notAvailable
PROJ076,GSE239477,SAM0402,P8,Mus musculus,GSM7665900,posterior piriform cortex,piriform cortex,UBERON:0004725,0,0,notAvailable,notAvailable,notAvailable,notAvailable,notAvailable,notAvailable,healthy,normal,PATO:0000461,notAvailable,WT,notAvailable,notAvailable,notAvailable,notAvailable,notAvailable
PROJ076,GSE239477,SAM0403,P6,Mus musculus,GSM7665896,posterior piriform cortex,piriform cortex,UBERON:0004725,0,0,notAvailable,notAvailable,notAvailable,notAvailable,notAvailable,notAvailable,healthy,normal,PATO:0000461,notAvailable,WT,notAvailable,notAvailable,notAvailable,notAvailable,notAvailable
PROJ077,GSE239480,SAM0404,2606_M,Mus musculus,GSM7665996,Liver,liver,UBERON:0002107,0,0,notAvailable,notAvailable,notAvailable,notAvailable,notAvailable,notAvailable,normal,normal,PATO:0000461,notAvailable,TCF7L2_cKO_Alb_Cre,notAvailable,notAvailable,notAvailable,notAvailable,notAvailable
PROJ077,GSE239480,SAM0405,2607_M,Mus musculus,GSM7665997,Liver,liver,UBERON:0002107,0,0,notAvailable,notAvailable,notAvailable,notAvailable,notAvailable,notAvailable,normal,normal,PATO:0000461,notAvailable,TCF7L2_cKO_Alb_Cre,notAvailable,notAvailable,notAvailable,notAvailable,notAvailable
PROJ077,GSE239480,SAM0406,2618_M,Mus musculus,GSM7665998,Liver,liver,UBERON:0002107,0,0,notAvailable,notAvailable,notAvailable,notAvailable,notAvailable,notAvailable,normal,normal,PATO:0000461,notAvailable,TCF7L2_cKO_Alb_Cre,notAvailable,notAvailable,notAvailable,notAvailable,notAvailable
PROJ077,GSE239480,SAM0407,2643_C,Mus musculus,GSM7665993,Liver,liver,UBERON:0002107,0,0,notAvailable,notAvailable,notAvailable,notAvailable,notAvailable,notAvailable,normal,normal,PATO:0000461,notAvailable,TCF7L2_flox,notAvailable,notAvailable,notAvailable,notAvailable,notAvailable
PROJ077,GSE239480,SAM0408,2645_C,Mus musculus,GSM7665994,Liver,liver,UBERON:0002107,0,0,notAvailable,notAvailable,notAvailable,notAvailable,notAvailable,notAvailable,normal,normal,PATO:0000461,notAvailable,TCF7L2_flox,notAvailable,notAvailable,notAvailable,notAvailable,Control
PROJ077,GSE239480,SAM0409,370_C,Mus musculus,GSM7665995,Liver,liver,UBERON:0002107,0,0,notAvailable,notAvailable,notAvailable,notAvailable,notAvailable,notAvailable,normal,normal,PATO:0000461,notAvailable,TCF7L2_flox,notAvailable,notAvailable,notAvailable,notAvailable,Control
PROJ078,GSE239799,SAM0410,30_CC0022,Homo sapiens,GSM7673474,Peripheral blood,blood,UBERON:0000178,0,0,notAvailable,notAvailable,notAvailable,PBMC,peripheral blood mononuclear cell,CL:2000001,healthy,normal,PATO:0000461,notAvailable,notAvailable,CC0022,female,7_month,infant,notAvailable
PROJ078,GSE239799,SAM0411,31_CC0022,Homo sapiens,GSM7673475,Peripheral blood,blood,UBERON:0000178,0,0,notAvailable,notAvailable,notAvailable,PBMC,peripheral blood mononuclear cell,CL:2000001,acute COVID,COVID-19,DOID:0080600,notAvailable,notAvailable,CC0022,female,12.8_month,infant,notAvailable
PROJ078,GSE239799,SAM0412,32_CC0022,Homo sapiens,GSM7673476,Peripheral blood,blood,UBERON:0000178,0,0,notAvailable,notAvailable,notAvailable,PBMC,peripheral blood mononuclear cell,CL:2000001,conv COVID,long COVID,DOID:0080848,notAvailable,notAvailable,CC0022,female,20.9_month,infant,notAvailable
PROJ078,GSE239799,SAM0413,33_CC0053,Homo sapiens,GSM7673477,Peripheral blood,blood,UBERON:0000178,0,0,notAvailable,notAvailable,notAvailable,PBMC,peripheral blood mononuclear cell,CL:2000001,healthy,normal,PATO:0000461,notAvailable,notAvailable,CC0053,female,23.75_month,infant,notAvailable
PROJ078,GSE239799,SAM0414,34_CC0061,Homo sapiens,GSM7673478,Peripheral blood,blood,UBERON:0000178,0,0,notAvailable,notAvailable,notAvailable,PBMC,peripheral blood mononuclear cell,CL:2000001,healthy,normal,PATO:0000461,notAvailable,notAvailable,CC0061,male,9.5_month,infant,notAvailable
PROJ078,GSE239799,SAM0415,35_CC0061,Homo sapiens,GSM7673479,Peripheral blood,blood,UBERON:0000178,0,0,notAvailable,notAvailable,notAvailable,PBMC,peripheral blood mononuclear cell,CL:2000001,acute COVID,COVID-19,DOID:0080600,notAvailable,notAvailable,CC0061,male,12_month,infant,notAvailable
PROJ078,GSE239799,SAM0416,36_CC0061,Homo sapiens,GSM7673480,Peripheral blood,blood,UBERON:0000178,0,0,notAvailable,notAvailable,notAvailable,PBMC,peripheral blood mononuclear cell,CL:2000001,conv COVID,long COVID,DOID:0080848,notAvailable,notAvailable,CC0061,male,17.6_month,infant,notAvailable
PROJ078,GSE239799,SAM0417,37_CC0120,Homo sapiens,GSM7673481,Peripheral blood,blood,UBERON:0000178,0,0,notAvailable,notAvailable,notAvailable,PBMC,peripheral blood mononuclear cell,CL:2000001,healthy,normal,PATO:0000461,notAvailable,notAvailable,CC0120,male,20.25_month,infant,notAvailable
PROJ078,GSE239799,SAM0418,38_CC0069,Homo sapiens,GSM7673482,Peripheral blood,blood,UBERON:0000178,0,0,notAvailable,notAvailable,notAvailable,PBMC,peripheral blood mononuclear cell,CL:2000001,healthy,normal,PATO:0000461,notAvailable,notAvailable,CC0069,male,5.4_month,infant,notAvailable
PROJ078,GSE239799,SAM0419,39_CC0069,Homo sapiens,GSM7673483,Peripheral blood,blood,UBERON:0000178,0,0,notAvailable,notAvailable,notAvailable,PBMC,peripheral blood mononuclear cell,CL:2000001,acute COVID,COVID-19,DOID:0080600,notAvailable,notAvailable,CC0069,male,12.9_month,infant,notAvailable
PROJ078,GSE239799,SAM0420,40_CC0069,Homo sapiens,GSM7673484,Peripheral blood,blood,UBERON:0000178,0,0,notAvailable,notAvailable,notAvailable,PBMC,peripheral blood mononuclear cell,CL:2000001,conv COVID,long COVID,DOID:0080848,notAvailable,notAvailable,CC0069,male,16.8_month,infant,notAvailable
PROJ078,GSE239799,SAM0421,41_CC0107,Homo sapiens,GSM7673485,Peripheral blood,blood,UBERON:0000178,0,0,notAvailable,notAvailable,notAvailable,PBMC,peripheral blood mononuclear cell,CL:2000001,healthy,normal,PATO:0000461,notAvailable,notAvailable,CC0107,male,16.25_month,infant,notAvailable
PROJ078,GSE239799,SAM0422,42_CC0111,Homo sapiens,GSM7673486,Peripheral blood,blood,UBERON:0000178,0,0,notAvailable,notAvailable,notAvailable,PBMC,peripheral blood mononuclear cell,CL:2000001,healthy,normal,PATO:0000461,notAvailable,notAvailable,CC0111,male,8.2_month,infant,notAvailable
PROJ078,GSE239799,SAM0423,43_CC0111,Homo sapiens,GSM7673487,Peripheral blood,blood,UBERON:0000178,0,0,notAvailable,notAvailable,notAvailable,PBMC,peripheral blood mononuclear cell,CL:2000001,acute COVID,COVID-19,DOID:0080600,notAvailable,notAvailable,CC0111,male,9.3_month,infant,notAvailable
PROJ078,GSE239799,SAM0424,44_CC0111,Homo sapiens,GSM7673488,Peripheral blood,blood,UBERON:0000178,0,0,notAvailable,notAvailable,notAvailable,PBMC,peripheral blood mononuclear cell,CL:2000001,conv COVID,long COVID,DOID:0080848,notAvailable,notAvailable,CC0111,male,15.3_month,infant,notAvailable
PROJ078,GSE239799,SAM0425,45_CC0154,Homo sapiens,GSM7673489,Peripheral blood,blood,UBERON:0000178,0,0,notAvailable,notAvailable,notAvailable,PBMC,peripheral blood mononuclear cell,CL:2000001,healthy,normal,PATO:0000461,notAvailable,notAvailable,CC0154,male,16.25_month,infant,notAvailable
PROJ078,GSE239799,SAM0426,46_CC0138,Homo sapiens,GSM7673490,Peripheral blood,blood,UBERON:0000178,0,0,notAvailable,notAvailable,notAvailable,PBMC,peripheral blood mononuclear cell,CL:2000001,healthy,normal,PATO:0000461,notAvailable,notAvailable,CC0138,female,4.6_month,infant,notAvailable
PROJ078,GSE239799,SAM0427,47_CC0138,Homo sapiens,GSM7673491,Peripheral blood,blood,UBERON:0000178,0,0,notAvailable,notAvailable,notAvailable,PBMC,peripheral blood mononuclear cell,CL:2000001,acute COVID,COVID-19,DOID:0080600,notAvailable,notAvailable,CC0138,female,8.4_month,infant,notAvailable
PROJ078,GSE239799,SAM0428,48_CC0138,Homo sapiens,GSM7673492,Peripheral blood,blood,UBERON:0000178,0,0,notAvailable,notAvailable,notAvailable,PBMC,peripheral blood mononuclear cell,CL:2000001,conv COVID,long COVID,DOID:0080848,notAvailable,notAvailable,CC0138,female,10.5_month,infant,notAvailable
PROJ078,GSE239799,SAM0429,49_CC0385,Homo sapiens,GSM7673493,Peripheral blood,blood,UBERON:0000178,0,0,notAvailable,notAvailable,notAvailable,PBMC,peripheral blood mononuclear cell,CL:2000001,healthy,normal,PATO:0000461,notAvailable,notAvailable,CC0385,female,11.75_month,infant,notAvailable
PROJ078,GSE239799,SAM0430,50_CC0191,Homo sapiens,GSM7673494,Peripheral blood,blood,UBERON:0000178,0,0,notAvailable,notAvailable,notAvailable,PBMC,peripheral blood mononuclear cell,CL:2000001,healthy,normal,PATO:0000461,notAvailable,notAvailable,CC0191,male,1.7_month,infant,notAvailable
PROJ078,GSE239799,SAM0431,51_CC0191,Homo sapiens,GSM7673495,Peripheral blood,blood,UBERON:0000178,0,0,notAvailable,notAvailable,notAvailable,PBMC,peripheral blood mononuclear cell,CL:2000001,acute COVID,COVID-19,DOID:0080600,notAvailable,notAvailable,CC0191,male,6.5_month,infant,notAvailable
PROJ078,GSE239799,SAM0432,52_CC0191,Homo sapiens,GSM7673496,Peripheral blood,blood,UBERON:0000178,0,0,notAvailable,notAvailable,notAvailable,PBMC,peripheral blood mononuclear cell,CL:2000001,conv COVID,long COVID,DOID:0080848,notAvailable,notAvailable,CC0191,male,12.6_month,infant,notAvailable
PROJ078,GSE239799,SAM0433,54_CC0249,Homo sapiens,GSM7673497,Peripheral blood,blood,UBERON:0000178,0,0,notAvailable,notAvailable,notAvailable,PBMC,peripheral blood mononuclear cell,CL:2000001,healthy,normal,PATO:0000461,notAvailable,notAvailable,CC0249,male,1.8_month,infant,notAvailable
PROJ078,GSE239799,SAM0434,55_CC0249,Homo sapiens,GSM7673498,Peripheral blood,blood,UBERON:0000178,0,0,notAvailable,notAvailable,notAvailable,PBMC,peripheral blood mononuclear cell,CL:2000001,acute COVID,COVID-19,DOID:0080600,notAvailable,notAvailable,CC0249,male,3.6_month,infant,notAvailable
PROJ078,GSE239799,SAM0435,56_CC0249,Homo sapiens,GSM7673499,Peripheral blood,blood,UBERON:0000178,0,0,notAvailable,notAvailable,notAvailable,PBMC,peripheral blood mononuclear cell,CL:2000001,conv COVID,long COVID,DOID:0080848,notAvailable,notAvailable,CC0249,male,9.7_month,infant,notAvailable
PROJ078,GSE239799,SAM0436,57_CC0054,Homo sapiens,GSM7673500,Peripheral blood,blood,UBERON:0000178,0,0,notAvailable,notAvailable,notAvailable,PBMC,peripheral blood mononuclear cell,CL:2000001,healthy,normal,PATO:0000461,notAvailable,notAvailable,CC0054,male,10.5_month,infant,notAvailable
PROJ078,GSE239799,SAM0437,58_CC0256,Homo sapiens,GSM7673501,Peripheral blood,blood,UBERON:0000178,0,0,notAvailable,notAvailable,notAvailable,PBMC,peripheral blood mononuclear cell,CL:2000001,healthy,normal,PATO:0000461,notAvailable,notAvailable,CC0256,male,1.6_month,infant,notAvailable
PROJ078,GSE239799,SAM0438,59_CC0256,Homo sapiens,GSM7673502,Peripheral blood,blood,UBERON:0000178,0,0,notAvailable,notAvailable,notAvailable,PBMC,peripheral blood mononuclear cell,CL:2000001,acute COVID,COVID-19,DOID:0080600,notAvailable,notAvailable,CC0256,male,8.5_month,infant,notAvailable
PROJ078,GSE239799,SAM0439,60_CC0256,Homo sapiens,GSM7673503,Peripheral blood,blood,UBERON:0000178,0,0,notAvailable,notAvailable,notAvailable,PBMC,peripheral blood mononuclear cell,CL:2000001,conv COVID,long COVID,DOID:0080848,notAvailable,notAvailable,CC0256,male,11.2_month,infant,notAvailable
PROJ078,GSE239799,SAM0440,61_CC0216,Homo sapiens,GSM7673504,Peripheral blood,blood,UBERON:0000178,0,0,notAvailable,notAvailable,notAvailable,PBMC,peripheral blood mononuclear cell,CL:2000001,healthy,normal,PATO:0000461,notAvailable,notAvailable,CC0216,male,12_month,infant,notAvailable
PROJ078,GSE239799,SAM0441,62_CC0294,Homo sapiens,GSM7673505,Peripheral blood,blood,UBERON:0000178,0,0,notAvailable,notAvailable,notAvailable,PBMC,peripheral blood mononuclear cell,CL:2000001,healthy,normal,PATO:0000461,notAvailable,notAvailable,CC0294,female,1.6_month,infant,notAvailable
PROJ078,GSE239799,SAM0442,63_CC0294,Homo sapiens,GSM7673506,Peripheral blood,blood,UBERON:0000178,0,0,notAvailable,notAvailable,notAvailable,PBMC,peripheral blood mononuclear cell,CL:2000001,acute COVID,COVID-19,DOID:0080600,notAvailable,notAvailable,CC0294,female,3.3_month,infant,notAvailable
PROJ078,GSE239799,SAM0443,64_CC0294,Homo sapiens,GSM7673507,Peripheral blood,blood,UBERON:0000178,0,0,notAvailable,notAvailable,notAvailable,PBMC,peripheral blood mononuclear cell,CL:2000001,conv COVID,long COVID,DOID:0080848,notAvailable,notAvailable,CC0294,female,9.2_month,infant,notAvailable
PROJ078,GSE239799,SAM0444,66_CC0350,Homo sapiens,GSM7673508,Peripheral blood,blood,UBERON:0000178,0,0,notAvailable,notAvailable,notAvailable,PBMC,peripheral blood mononuclear cell,CL:2000001,acute COVID,COVID-19,DOID:0080600,notAvailable,notAvailable,CC0350,male,16_month,infant,notAvailable
PROJ078,GSE239799,SAM0445,67_CC0407,Homo sapiens,GSM7673509,Peripheral blood,blood,UBERON:0000178,0,0,notAvailable,notAvailable,notAvailable,PBMC,peripheral blood mononuclear cell,CL:2000001,acute COVID,COVID-19,DOID:0080600,notAvailable,notAvailable,CC0407,female,13_month,infant,notAvailable
PROJ078,GSE239799,SAM0446,68_CC0443,Homo sapiens,GSM7673510,Peripheral blood,blood,UBERON:0000178,0,0,notAvailable,notAvailable,notAvailable,PBMC,peripheral blood mononuclear cell,CL:2000001,acute COVID,COVID-19,DOID:0080600,notAvailable,notAvailable,CC0443,male,12.4_month,infant,notAvailable
PROJ078,GSE239799,SAM0447,70_CC0572,Homo sapiens,GSM7673511,Peripheral blood,blood,UBERON:0000178,0,0,notAvailable,notAvailable,notAvailable,PBMC,peripheral blood mononuclear cell,CL:2000001,acute COVID,COVID-19,DOID:0080600,notAvailable,notAvailable,CC0572,male,10.25_month,infant,notAvailable
PROJ078,GSE239799,SAM0448,71_CC0594,Homo sapiens,GSM7673512,Peripheral blood,blood,UBERON:0000178,0,0,notAvailable,notAvailable,notAvailable,PBMC,peripheral blood mononuclear cell,CL:2000001,acute COVID,COVID-19,DOID:0080600,notAvailable,notAvailable,CC0594,male,8.6_month,infant,notAvailable
PROJ078,GSE239799,SAM0449,72_CC0688,Homo sapiens,GSM7673513,Peripheral blood,blood,UBERON:0000178,0,0,notAvailable,notAvailable,notAvailable,PBMC,peripheral blood mononuclear cell,CL:2000001,acute COVID,COVID-19,DOID:0080600,notAvailable,notAvailable,CC0688,male,7.5_month,infant,notAvailable
PROJ078,GSE239799,SAM0450,73_CC0710,Homo sapiens,GSM7673514,Peripheral blood,blood,UBERON:0000178,0,0,notAvailable,notAvailable,notAvailable,PBMC,peripheral blood mononuclear cell,CL:2000001,acute COVID,COVID-19,DOID:0080600,notAvailable,notAvailable,CC0710,female,6.1_month,infant,notAvailable
PROJ078,GSE239799,SAM0451,74_CC0716,Homo sapiens,GSM7673515,Peripheral blood,blood,UBERON:0000178,0,0,notAvailable,notAvailable,notAvailable,PBMC,peripheral blood mononuclear cell,CL:2000001,acute COVID,COVID-19,DOID:0080600,notAvailable,notAvailable,CC0716,female,5.75_month,infant,notAvailable
PROJ078,GSE239799,SAM0452,76_CC0829,Homo sapiens,GSM7673516,Peripheral blood,blood,UBERON:0000178,0,0,notAvailable,notAvailable,notAvailable,PBMC,peripheral blood mononuclear cell,CL:2000001,acute COVID,COVID-19,DOID:0080600,notAvailable,notAvailable,CC0829,male,3.8_month,infant,notAvailable
PROJ079,GSE239848,SAM0453,SW_CTL_1,Mus musculus,GSM7675419,Skeletal muscle,skeletal muscle tissue,UBERON:0001134,0,0,notAvailable,notAvailable,notAvailable,all cells,notAvailable,notAvailable,healthy,normal,PATO:0000461,contralateral_control,PGDH_inhibition,notAvailable,notAvailable,notAvailable,notAvailable,notAvailable
PROJ079,GSE239848,SAM0454,SW_DN_1,Mus musculus,GSM7675421,Skeletal muscle,skeletal muscle tissue,UBERON:0001134,0,0,notAvailable,notAvailable,notAvailable,all cells,notAvailable,notAvailable,healthy,normal,PATO:0000461,sciatic_nerve_transection_D14,PGDH_inhibition,notAvailable,notAvailable,notAvailable,notAvailable,notAvailable
PROJ079,GSE239848,SAM0455,VEH_DN_2,Mus musculus,GSM7675418,Skeletal muscle,skeletal muscle tissue,UBERON:0001134,0,0,notAvailable,notAvailable,notAvailable,all cells,notAvailable,notAvailable,healthy,normal,PATO:0000461,sciatic_nerve_transection_D14,vehicle_control,notAvailable,notAvailable,notAvailable,notAvailable,notAvailable
PROJ079,GSE239848,SAM0456,VEH_DN_1,Mus musculus,GSM7675417,Skeletal muscle,skeletal muscle tissue,UBERON:0001134,0,0,notAvailable,notAvailable,notAvailable,all cells,notAvailable,notAvailable,healthy,normal,PATO:0000461,sciatic_nerve_transection_D14,vehicle_control,notAvailable,notAvailable,notAvailable,notAvailable,notAvailable
PROJ079,GSE239848,SAM0457,VEH_CTL,Mus musculus,GSM7675416,Skeletal muscle,skeletal muscle tissue,UBERON:0001134,0,0,notAvailable,notAvailable,notAvailable,all cells,notAvailable,notAvailable,healthy,normal,PATO:0000461,contralateral_control,vehicle_control,notAvailable,notAvailable,notAvailable,notAvailable,notAvailable
PROJ079,GSE239848,SAM0458,SW_DN_2,Mus musculus,GSM7675422,Skeletal muscle,skeletal muscle tissue,UBERON:0001134,0,0,notAvailable,notAvailable,notAvailable,all cells,notAvailable,notAvailable,healthy,normal,PATO:0000461,sciatic_nerve_transection_D14,PGDH_inhibition,notAvailable,notAvailable,notAvailable,notAvailable,notAvailable
PROJ079,GSE239848,SAM0459,SW_CTL_2,Mus musculus,GSM7675420,Skeletal muscle,skeletal muscle tissue,UBERON:0001134,0,0,notAvailable,notAvailable,notAvailable,all cells,notAvailable,notAvailable,healthy,normal,PATO:0000461,contralateral_control,PGDH_inhibition,notAvailable,notAvailable,notAvailable,notAvailable,notAvailable
PROJ080,GSE239915,SAM0460,YW1,Homo sapiens,GSM7677372,blood,blood,UBERON:0000178,0,0,notAvailable,notAvailable,notAvailable,memory CD4+ Tcells,"CD4-positive, alpha-beta memory T cell",CL:0000897,hiv-1-infected,human immunodeficiency virus infectious disease,DOID:526,notAvailable,notAvailable,YW1,notAvailable,notAvailable,notAvailable,notAvailable
PROJ080,GSE239915,SAM0461,YW10,Homo sapiens,GSM7677380,blood,blood,UBERON:0000178,0,0,notAvailable,notAvailable,notAvailable,memory CD4+ Tcells,"CD4-positive, alpha-beta memory T cell",CL:0000897,hiv-1-infected,human immunodeficiency virus infectious disease,DOID:526,notAvailable,notAvailable,YW10,notAvailable,notAvailable,notAvailable,notAvailable
PROJ080,GSE239915,SAM0462,YW2,Homo sapiens,GSM7677373,blood,blood,UBERON:0000178,0,0,notAvailable,notAvailable,notAvailable,memory CD4+ Tcells,"CD4-positive, alpha-beta memory T cell",CL:0000897,hiv-1-infected,human immunodeficiency virus infectious disease,DOID:526,notAvailable,notAvailable,YW2,notAvailable,notAvailable,notAvailable,notAvailable
PROJ080,GSE239915,SAM0463,YW3,Homo sapiens,GSM7677374,blood,blood,UBERON:0000178,0,0,notAvailable,notAvailable,notAvailable,memory CD4+ Tcells,"CD4-positive, alpha-beta memory T cell",CL:0000897,hiv-1-infected,human immunodeficiency virus infectious disease,DOID:526,notAvailable,notAvailable,YW3,notAvailable,notAvailable,notAvailable,notAvailable
PROJ080,GSE239915,SAM0464,YW4,Homo sapiens,GSM7677375,blood,blood,UBERON:0000178,0,0,notAvailable,notAvailable,notAvailable,memory CD4+ Tcells,"CD4-positive, alpha-beta memory T cell",CL:0000897,hiv-1-infected,human immunodeficiency virus infectious disease,DOID:526,notAvailable,notAvailable,YW4,notAvailable,notAvailable,notAvailable,notAvailable
PROJ080,GSE239915,SAM0465,YW5,Homo sapiens,GSM7677376,blood,blood,UBERON:0000178,0,0,notAvailable,notAvailable,notAvailable,memory CD4+ Tcells,"CD4-positive, alpha-beta memory T cell",CL:0000897,hiv-1-infected,human immunodeficiency virus infectious disease,DOID:526,notAvailable,notAvailable,YW5,notAvailable,notAvailable,notAvailable,notAvailable
PROJ080,GSE239915,SAM0466,YW6,Homo sapiens,GSM7677377,blood,blood,UBERON:0000178,0,0,notAvailable,notAvailable,notAvailable,memory CD4+ Tcells,"CD4-positive, alpha-beta memory T cell",CL:0000897,hiv-1-infected,human immunodeficiency virus infectious disease,DOID:526,notAvailable,notAvailable,YW6,notAvailable,notAvailable,notAvailable,notAvailable
PROJ080,GSE239915,SAM0467,YW8,Homo sapiens,GSM7677378,blood,blood,UBERON:0000178,0,0,notAvailable,notAvailable,notAvailable,memory CD4+ Tcells,"CD4-positive, alpha-beta memory T cell",CL:0000897,hiv-1-infected,human immunodeficiency virus infectious disease,DOID:526,notAvailable,notAvailable,YW8,notAvailable,notAvailable,notAvailable,notAvailable
PROJ080,GSE239915,SAM0468,YW9,Homo sapiens,GSM7677379,blood,blood,UBERON:0000178,0,0,notAvailable,notAvailable,notAvailable,memory CD4+ Tcells,"CD4-positive, alpha-beta memory T cell",CL:0000897,hiv-1-infected,human immunodeficiency virus infectious disease,DOID:526,notAvailable,notAvailable,YW9,notAvailable,notAvailable,notAvailable,notAvailable
PROJ080,GSE239915,SAM0469,HD1,Homo sapiens,GSM7677381,blood,blood,UBERON:0000178,0,0,notAvailable,notAvailable,notAvailable,memory CD4+ Tcells,"CD4-positive, alpha-beta memory T cell",CL:0000897,uninfected,normal,PATO:0000461,notAvailable,notAvailable,HD1,notAvailable,notAvailable,notAvailable,notAvailable
PROJ081,GSE239937,SAM0470,Brg1_WT_M2,Mus musculus,GSM7677861,Spleen,spleen,UBERON:0002106,0,0,notAvailable,notAvailable,notAvailable,Germinal Center B Cells,germinal center B cell,CL:0000844,notAvailable,notAvailable,notAvailable,notAvailable,SMARCA4_WT,notAvailable,notAvailable,notAvailable,notAvailable,notAvailable
PROJ081,GSE239937,SAM0471,Brg1_HET_M7,Mus musculus,GSM7677871,Spleen,spleen,UBERON:0002106,0,0,notAvailable,notAvailable,notAvailable,Germinal Center B Cells,germinal center B cell,CL:0000844,notAvailable,notAvailable,notAvailable,notAvailable,SMARCA4_HET,notAvailable,notAvailable,notAvailable,notAvailable,notAvailable
PROJ081,GSE239937,SAM0472,Brg1_WT_M3,Mus musculus,GSM7677863,Spleen,spleen,UBERON:0002106,0,0,notAvailable,notAvailable,notAvailable,Germinal Center B Cells,germinal center B cell,CL:0000844,notAvailable,notAvailable,notAvailable,notAvailable,SMARCA4_WT,notAvailable,notAvailable,notAvailable,notAvailable,notAvailable
PROJ081,GSE239937,SAM0473,Brg1_HET_M6,Mus musculus,GSM7677869,Spleen,spleen,UBERON:0002106,0,0,notAvailable,notAvailable,notAvailable,Germinal Center B Cells,germinal center B cell,CL:0000844,notAvailable,notAvailable,notAvailable,notAvailable,SMARCA4_HET,notAvailable,notAvailable,notAvailable,notAvailable,notAvailable
PROJ081,GSE239937,SAM0474,Brg1_HET_M8,Mus musculus,GSM7677873,Spleen,spleen,UBERON:0002106,0,0,notAvailable,notAvailable,notAvailable,Germinal Center B Cells,germinal center B cell,CL:0000844,notAvailable,notAvailable,notAvailable,notAvailable,SMARCA4_HET,notAvailable,notAvailable,notAvailable,notAvailable,notAvailable
PROJ081,GSE239937,SAM0475,Brg1_HET_M5,Mus musculus,GSM7677867,Spleen,spleen,UBERON:0002106,0,0,notAvailable,notAvailable,notAvailable,Germinal Center B Cells,germinal center B cell,CL:0000844,notAvailable,notAvailable,notAvailable,notAvailable,SMARCA4_HET,notAvailable,notAvailable,notAvailable,notAvailable,notAvailable
PROJ081,GSE239937,SAM0476,Brg1_WT_M1,Mus musculus,GSM7677859,Spleen,spleen,UBERON:0002106,0,0,notAvailable,notAvailable,notAvailable,Germinal Center B Cells,germinal center B cell,CL:0000844,notAvailable,notAvailable,notAvailable,notAvailable,SMARCA4_WT,notAvailable,notAvailable,notAvailable,notAvailable,notAvailable
PROJ081,GSE239937,SAM0477,Brg1_WT_M4,Mus musculus,GSM7677865,Spleen,spleen,UBERON:0002106,0,0,notAvailable,notAvailable,notAvailable,Germinal Center B Cells,germinal center B cell,CL:0000844,notAvailable,notAvailable,notAvailable,notAvailable,SMARCA4_WT,notAvailable,notAvailable,notAvailable,notAvailable,notAvailable
PROJ082,GSE239999,SAM0478,GSM7049631,Mus musculus,GSM7049631,Hippocampal and cortical regions of brain,brain,UBERON:0000955,0,0,notAvailable,notAvailable,notAvailable,Cd45+ cells,leukocyte,CL:0000738,healthy,normal,PATO:0000461,notAvailable,WT,notAvailable,notAvailable,notAvailable,notAvailable,notAvailable
PROJ083,GSE240583,SAM0479,WT_rep3,Mus musculus,GSM7703035,Bone Marrow,bone marrow,UBERON:0002371,0,0,notAvailable,notAvailable,notAvailable,Hematopoietic stem and progenitor cells (HSPCs),hematopoietic stem cell,CL:0000037,healthy,normal,PATO:0000461,5FU_post_treatment_D9,WT,notAvailable,notAvailable,notAvailable,notAvailable,notAvailable
PROJ083,GSE240583,SAM0480,KO_rep3,Mus musculus,GSM7703029,Bone Marrow,bone marrow,UBERON:0002371,0,0,notAvailable,notAvailable,notAvailable,Hematopoietic stem and progenitor cells (HSPCs),hematopoietic stem cell,CL:0000037,healthy,normal,PATO:0000461,5FU_post_treatment_D9,BAF155_cKO_Vav_Cre,notAvailable,notAvailable,notAvailable,notAvailable,notAvailable
PROJ083,GSE240583,SAM0481,KO_rep1,Mus musculus,GSM7703025,Bone Marrow,bone marrow,UBERON:0002371,0,0,notAvailable,notAvailable,notAvailable,Hematopoietic stem and progenitor cells (HSPCs),hematopoietic stem cell,CL:0000037,healthy,normal,PATO:0000461,5FU_post_treatment_D11,BAF155_cKO_Vav_Cre,notAvailable,notAvailable,notAvailable,notAvailable,notAvailable
PROJ083,GSE240583,SAM0482,KO_rep2,Mus musculus,GSM7703027,Bone Marrow,bone marrow,UBERON:0002371,0,0,notAvailable,notAvailable,notAvailable,Hematopoietic stem and progenitor cells (HSPCs),hematopoietic stem cell,CL:0000037,healthy,normal,PATO:0000461,5FU_post_treatment_D9,BAF155_cKO_Vav_Cre,notAvailable,notAvailable,notAvailable,notAvailable,notAvailable
PROJ083,GSE240583,SAM0483,WT_rep2,Mus musculus,GSM7703033,Bone Marrow,bone marrow,UBERON:0002371,0,0,notAvailable,notAvailable,notAvailable,Hematopoietic stem and progenitor cells (HSPCs),hematopoietic stem cell,CL:0000037,healthy,normal,PATO:0000461,5FU_post_treatment_D9,WT,notAvailable,notAvailable,notAvailable,notAvailable,notAvailable
PROJ083,GSE240583,SAM0484,WT_rep1,Mus musculus,GSM7703031,Bone Marrow,bone marrow,UBERON:0002371,0,0,notAvailable,notAvailable,notAvailable,Hematopoietic stem and progenitor cells (HSPCs),hematopoietic stem cell,CL:0000037,healthy,normal,PATO:0000461,5FU_post_treatment_D11,WT,notAvailable,notAvailable,notAvailable,notAvailable,notAvailable
PROJ084,GSE240984,SAM0485,GSE240984,Homo sapiens,GSM7713336,medulloblastoma,brain,UBERON:0000955,0,0,notAvailable,notAvailable,notAvailable,medulloblastoma,notAvailable,notAvailable,medulloblastoma,medulloblastoma,DOID:0050902,notAvailable,notAvailable,notAvailable,notAvailable,notAvailable,notAvailable,notAvailable
PROJ085,GSE241468,SAM0486,MN2,Homo sapiens,GSM7729451,Tumor-distant normal lung,lung,UBERON:0002048,0,0,notAvailable,notAvailable,notAvailable,notAvailable,notAvailable,notAvailable,Tumor-distant normal,normal,PATO:0000461,notAvailable,notAvailable,subject2,male,notAvailable,notAvailable,never-smoker
PROJ085,GSE241468,SAM0487,FN3,Homo sapiens,GSM7729460,Tumor-distant normal lung,lung,UBERON:0002048,0,0,notAvailable,notAvailable,notAvailable,notAvailable,notAvailable,notAvailable,Tumor-distant normal,normal,PATO:0000461,notAvailable,notAvailable,subject3,female,notAvailable,notAvailable,never-smoker
PROJ085,GSE241468,SAM0488,FS1,Homo sapiens,GSM7729454,Tumor-distant normal lung,lung,UBERON:0002048,0,0,notAvailable,notAvailable,notAvailable,notAvailable,notAvailable,notAvailable,Tumor-distant normal,normal,PATO:0000461,notAvailable,notAvailable,subject1,female,notAvailable,notAvailable,smoker
PROJ085,GSE241468,SAM0489,FS4,Homo sapiens,GSM7729457,Tumor-distant normal lung,lung,UBERON:0002048,0,0,notAvailable,notAvailable,notAvailable,notAvailable,notAvailable,notAvailable,Tumor-distant normal,normal,PATO:0000461,notAvailable,notAvailable,subject4,female,notAvailable,notAvailable,smoker
PROJ085,GSE241468,SAM0490,MS1,Homo sapiens,GSM7729446,Tumor-distant normal lung,lung,UBERON:0002048,0,0,notAvailable,notAvailable,notAvailable,notAvailable,notAvailable,notAvailable,Tumor-distant normal,normal,PATO:0000461,notAvailable,notAvailable,subject1,male,notAvailable,notAvailable,smoker
PROJ085,GSE241468,SAM0491,MS4,Homo sapiens,GSM7729449,Tumor-distant normal lung,lung,UBERON:0002048,0,0,notAvailable,notAvailable,notAvailable,notAvailable,notAvailable,notAvailable,Tumor-distant normal,normal,PATO:0000461,notAvailable,notAvailable,subject4,male,notAvailable,notAvailable,smoker
PROJ085,GSE241468,SAM0492,MN3,Homo sapiens,GSM7729452,Tumor-distant normal lung,lung,UBERON:0002048,0,0,notAvailable,notAvailable,notAvailable,notAvailable,notAvailable,notAvailable,Tumor-distant normal,normal,PATO:0000461,notAvailable,notAvailable,subject3,male,notAvailable,notAvailable,never-smoker
PROJ085,GSE241468,SAM0493,FN2,Homo sapiens,GSM7729459,Tumor-distant normal lung,lung,UBERON:0002048,0,0,notAvailable,notAvailable,notAvailable,notAvailable,notAvailable,notAvailable,Tumor-distant normal,normal,PATO:0000461,notAvailable,notAvailable,subject2,female,notAvailable,notAvailable,never-smoker
PROJ085,GSE241468,SAM0494,FN1,Homo sapiens,GSM7729458,Tumor-distant normal lung,lung,UBERON:0002048,0,0,notAvailable,notAvailable,notAvailable,notAvailable,notAvailable,notAvailable,Tumor-distant normal,normal,PATO:0000461,notAvailable,notAvailable,subject1,female,notAvailable,notAvailable,never-smoker
PROJ085,GSE241468,SAM0495,FN4,Homo sapiens,GSM7729461,Tumor-distant normal lung,lung,UBERON:0002048,0,0,notAvailable,notAvailable,notAvailable,notAvailable,notAvailable,notAvailable,Tumor-distant normal,normal,PATO:0000461,notAvailable,notAvailable,subject4,female,notAvailable,notAvailable,never-smoker
PROJ085,GSE241468,SAM0496,MS2,Homo sapiens,GSM7729447,Tumor-distant normal lung,lung,UBERON:0002048,0,0,notAvailable,notAvailable,notAvailable,notAvailable,notAvailable,notAvailable,Tumor-distant normal,normal,PATO:0000461,notAvailable,notAvailable,subject2,male,notAvailable,notAvailable,smoker
PROJ085,GSE241468,SAM0497,FS3,Homo sapiens,GSM7729456,Tumor-distant normal lung,lung,UBERON:0002048,0,0,notAvailable,notAvailable,notAvailable,notAvailable,notAvailable,notAvailable,Tumor-distant normal,normal,PATO:0000461,notAvailable,notAvailable,subject3,female,notAvailable,notAvailable,smoker
PROJ085,GSE241468,SAM0498,MS3,Homo sapiens,GSM7729448,Tumor-distant normal lung,lung,UBERON:0002048,0,0,notAvailable,notAvailable,notAvailable,notAvailable,notAvailable,notAvailable,Tumor-distant normal,normal,PATO:0000461,notAvailable,notAvailable,subject3,male,notAvailable,notAvailable,smoker
PROJ085,GSE241468,SAM0499,FS2,Homo sapiens,GSM7729455,Tumor-distant normal lung,lung,UBERON:0002048,0,0,notAvailable,notAvailable,notAvailable,notAvailable,notAvailable,notAvailable,Tumor-distant normal,normal,PATO:0000461,notAvailable,notAvailable,subject2,female,notAvailable,notAvailable,smoker
PROJ085,GSE241468,SAM0500,MN1,Homo sapiens,GSM7729450,Tumor-distant normal lung,lung,UBERON:0002048,0,0,notAvailable,notAvailable,notAvailable,notAvailable,notAvailable,notAvailable,Tumor-distant normal,normal,PATO:0000461,notAvailable,notAvailable,subject1,male,notAvailable,notAvailable,never-smoker
PROJ085,GSE241468,SAM0501,MN4,Homo sapiens,GSM7729453,Tumor-distant normal lung,lung,UBERON:0002048,0,0,notAvailable,notAvailable,notAvailable,notAvailable,notAvailable,notAvailable,Tumor-distant normal,normal,PATO:0000461,notAvailable,notAvailable,subject4,male,notAvailable,notAvailable,never-smoker
PROJ086,GSE241895,SAM0502,pc131_normal,Homo sapiens,GSM7745158,Pancreas,pancreas,UBERON:0001264,0,0,notAvailable,notAvailable,notAvailable,notAvailable,notAvailable,notAvailable,Normal Adjacent,normal,PATO:0000461,notAvailable,notAvailable,pc131,notAvailable,notAvailable,notAvailable,Normal Adjacent
PROJ086,GSE241895,SAM0503,pc131_tumor,Homo sapiens,GSM7745159,Pancreas,pancreas,UBERON:0001264,0,0,notAvailable,notAvailable,notAvailable,notAvailable,notAvailable,notAvailable,PDAC,pancreatic ductal adenocarcinoma,DOID:3498,notAvailable,notAvailable,pc131,notAvailable,notAvailable,notAvailable,PDAC Tumor
PROJ087,GSE242997,SAM0504,Donor1_DMSO,Homo sapiens,GSM7776966,blood,blood,UBERON:0000178,0,0,notAvailable,notAvailable,notAvailable,Primary CD4 cells infected with HIV in vitro,"CD4-positive, alpha-beta T cell",CL:0000624,infected with HIV,human immunodeficiency virus infectious disease,DOID:526,DMSO_vehicle,notAvailable,Donor 1,notAvailable,notAvailable,notAvailable,notAvailable
PROJ087,GSE242997,SAM0505,Donor1_iBET151,Homo sapiens,GSM7776967,blood,blood,UBERON:0000178,0,0,notAvailable,notAvailable,notAvailable,Primary CD4 cells infected with HIV in vitro,"CD4-positive, alpha-beta T cell",CL:0000624,infected with HIV,human immunodeficiency virus infectious disease,DOID:526,iBET151_treatment,notAvailable,Donor 1,notAvailable,notAvailable,notAvailable,notAvailable
PROJ087,GSE242997,SAM0506,Donor1_Prostratin,Homo sapiens,GSM7776968,blood,blood,UBERON:0000178,0,0,notAvailable,notAvailable,notAvailable,Primary CD4 cells infected with HIV in vitro,"CD4-positive, alpha-beta T cell",CL:0000624,infected with HIV,human immunodeficiency virus infectious disease,DOID:526,prostratin_treatment,notAvailable,Donor 1,notAvailable,notAvailable,notAvailable,notAvailable
PROJ087,GSE242997,SAM0507,Donor1_SAHA-VOR,Homo sapiens,GSM7776969,blood,blood,UBERON:0000178,0,0,notAvailable,notAvailable,notAvailable,Primary CD4 cells infected with HIV in vitro,"CD4-positive, alpha-beta T cell",CL:0000624,infected with HIV,human immunodeficiency virus infectious disease,DOID:526,vorinostat_SAHA_treatment,notAvailable,Donor 1,notAvailable,notAvailable,notAvailable,notAvailable
PROJ087,GSE242997,SAM0508,Donor2_DMSO,Homo sapiens,GSM7776974,blood,blood,UBERON:0000178,0,0,notAvailable,notAvailable,notAvailable,Primary CD4 cells infected with HIV in vitro,"CD4-positive, alpha-beta T cell",CL:0000624,infected with HIV,human immunodeficiency virus infectious disease,DOID:526,DMSO_vehicle,notAvailable,Donor 2,notAvailable,notAvailable,notAvailable,notAvailable
PROJ087,GSE242997,SAM0509,Donor2_iBET151,Homo sapiens,GSM7776975,blood,blood,UBERON:0000178,0,0,notAvailable,notAvailable,notAvailable,Primary CD4 cells infected with HIV in vitro,"CD4-positive, alpha-beta T cell",CL:0000624,infected with HIV,human immunodeficiency virus infectious disease,DOID:526,iBET151_treatment,notAvailable,Donor 2,notAvailable,notAvailable,notAvailable,notAvailable
PROJ087,GSE242997,SAM0510,Donor2_Prostratin,Homo sapiens,GSM7776976,blood,blood,UBERON:0000178,0,0,notAvailable,notAvailable,notAvailable,Primary CD4 cells infected with HIV in vitro,"CD4-positive, alpha-beta T cell",CL:0000624,infected with HIV,human immunodeficiency virus infectious disease,DOID:526,prostratin_treatment,notAvailable,Donor 2,notAvailable,notAvailable,notAvailable,notAvailable
PROJ087,GSE242997,SAM0511,Donor2_SAHA-VOR,Homo sapiens,GSM7776977,blood,blood,UBERON:0000178,0,0,notAvailable,notAvailable,notAvailable,Primary CD4 cells infected with HIV in vitro,"CD4-positive, alpha-beta T cell",CL:0000624,infected with HIV,human immunodeficiency virus infectious disease,DOID:526,vorinostat_SAHA_treatment,notAvailable,Donor 2,notAvailable,notAvailable,notAvailable,notAvailable
PROJ088,GSE243609,SAM0512,RS03060,Mus musculus,GSM7791843,primary,cerebellum,UBERON:0002037,0,0,notAvailable,notAvailable,notAvailable,medulloblastoma,glial cell,CL:0000125,medulloblastoma,medulloblastoma,DOID:0050902,notAvailable,PTCH1_LOF_Atoh1_EGFP,notAvailable,notAvailable,notAvailable,adult,notAvailable
PROJ088,GSE243609,SAM0513,32103,Mus musculus,GSM7791839,primary,cerebellum,UBERON:0002037,0,0,notAvailable,notAvailable,notAvailable,granule neuron progenitors,neural progenitor cell,CL:0011020,medulloblastoma,medulloblastoma,DOID:0050902,notAvailable,PTCH1_HET_Atoh1_EGFP,notAvailable,notAvailable,7_day,postnatal,notAvailable
PROJ088,GSE243609,SAM0514,RS03056,Mus musculus,GSM7791841,primary,cerebellum,UBERON:0002037,0,0,notAvailable,notAvailable,notAvailable,malignant cell,malignant cell,CL:0001064,medulloblastoma,medulloblastoma,DOID:0050902,notAvailable,PTCH1_LOF_Atoh1_EGFP,notAvailable,notAvailable,6_week,adult,notAvailable
PROJ089,GSE244132,SAM0515,MF51,Mus musculus,GSM7807734,frozen pituitary,pituitary gland,UBERON:0000007,0,0,notAvailable,notAvailable,notAvailable,notAvailable,notAvailable,notAvailable,normal,normal,PATO:0000461,notAvailable,WT,MF51,female,11_week,notAvailable,notAvailable
PROJ089,GSE244132,SAM0516,MF55,Mus musculus,GSM7807735,frozen pituitary,pituitary gland,UBERON:0000007,0,0,notAvailable,notAvailable,notAvailable,notAvailable,notAvailable,notAvailable,normal,normal,PATO:0000461,notAvailable,WT,MF55,female,11_week,notAvailable,notAvailable
PROJ089,GSE244132,SAM0517,MF42,Mus musculus,GSM7807728,frozen pituitary,pituitary gland,UBERON:0000007,0,0,notAvailable,notAvailable,notAvailable,notAvailable,notAvailable,notAvailable,normal,normal,PATO:0000461,notAvailable,WT,MF42,female,11_week,notAvailable,notAvailable
PROJ089,GSE244132,SAM0518,MF50,Mus musculus,GSM7807732,frozen pituitary,pituitary gland,UBERON:0000007,0,0,notAvailable,notAvailable,notAvailable,notAvailable,notAvailable,notAvailable,normal,normal,PATO:0000461,notAvailable,WT,MF50,female,11_week,notAvailable,notAvailable
PROJ089,GSE244132,SAM0519,MF56,Mus musculus,GSM7807736,frozen pituitary,pituitary gland,UBERON:0000007,0,0,notAvailable,notAvailable,notAvailable,notAvailable,notAvailable,notAvailable,normal,normal,PATO:0000461,notAvailable,WT,MF56,female,11_week,notAvailable,notAvailable
PROJ089,GSE244132,SAM0520,MF38,Mus musculus,GSM7807726,frozen pituitary,pituitary gland,UBERON:0000007,0,0,notAvailable,notAvailable,notAvailable,notAvailable,notAvailable,notAvailable,normal,normal,PATO:0000461,notAvailable,WT,MF38,female,11_week,notAvailable,notAvailable
PROJ089,GSE244132,SAM0521,MF41,Mus musculus,GSM7807727,frozen pituitary,pituitary gland,UBERON:0000007,0,0,notAvailable,notAvailable,notAvailable,notAvailable,notAvailable,notAvailable,normal,normal,PATO:0000461,notAvailable,WT,MF41,female,11_week,notAvailable,notAvailable
PROJ089,GSE244132,SAM0522,MF44,Mus musculus,GSM7807729,frozen pituitary,pituitary gland,UBERON:0000007,0,0,notAvailable,notAvailable,notAvailable,notAvailable,notAvailable,notAvailable,normal,normal,PATO:0000461,notAvailable,WT,MF44,female,11_week,notAvailable,notAvailable
PROJ089,GSE244132,SAM0523,MF61,Mus musculus,GSM7807739,frozen pituitary,pituitary gland,UBERON:0000007,0,0,notAvailable,notAvailable,notAvailable,notAvailable,notAvailable,notAvailable,normal,normal,PATO:0000461,notAvailable,WT,MF61,female,11_week,notAvailable,notAvailable
PROJ089,GSE244132,SAM0524,MF64,Mus musculus,GSM7807740,frozen pituitary,pituitary gland,UBERON:0000007,0,0,notAvailable,notAvailable,notAvailable,notAvailable,notAvailable,notAvailable,normal,normal,PATO:0000461,notAvailable,WT,MF64,female,11_week,notAvailable,notAvailable
PROJ089,GSE244132,SAM0525,MF60,Mus musculus,GSM7807738,frozen pituitary,pituitary gland,UBERON:0000007,0,0,notAvailable,notAvailable,notAvailable,notAvailable,notAvailable,notAvailable,normal,normal,PATO:0000461,notAvailable,WT,MF60,female,11_week,notAvailable,notAvailable
PROJ089,GSE244132,SAM0526,MF45,Mus musculus,GSM7807731,frozen pituitary,pituitary gland,UBERON:0000007,0,0,notAvailable,notAvailable,notAvailable,notAvailable,notAvailable,notAvailable,normal,normal,PATO:0000461,notAvailable,WT,MF45,female,11_week,notAvailable,notAvailable
PROJ089,GSE244132,SAM0527,MF37,Mus musculus,GSM7807725,frozen pituitary,pituitary gland,UBERON:0000007,0,0,notAvailable,notAvailable,notAvailable,notAvailable,notAvailable,notAvailable,normal,normal,PATO:0000461,notAvailable,WT,MF37,female,11_week,notAvailable,notAvailable
PROJ089,GSE244132,SAM0528,MF57,Mus musculus,GSM7807737,frozen pituitary,pituitary gland,UBERON:0000007,0,0,notAvailable,notAvailable,notAvailable,notAvailable,notAvailable,notAvailable,normal,normal,PATO:0000461,notAvailable,WT,MF57,female,11_week,notAvailable,notAvailable
PROJ090,GSE244831,SAM0529,Pool_10,Homo sapiens,GSM7830526,Peripheral blood,blood,UBERON:0000178,0,0,notAvailable,notAvailable,notAvailable,PBMC,peripheral blood mononuclear cell,CL:2000001,Crohn's disease,Crohn's disease,DOID:8778,notAvailable,notAvailable,notAvailable,notAvailable,notAvailable,notAvailable,notAvailable
PROJ090,GSE244831,SAM0530,Pool_11,Homo sapiens,GSM7830527,Peripheral blood,blood,UBERON:0000178,0,0,notAvailable,notAvailable,notAvailable,PBMC,peripheral blood mononuclear cell,CL:2000001,Crohn's disease,Crohn's disease,DOID:8778,notAvailable,notAvailable,notAvailable,notAvailable,notAvailable,notAvailable,notAvailable
PROJ090,GSE244831,SAM0531,Pool_2,Homo sapiens,GSM7830518,Peripheral blood,blood,UBERON:0000178,0,0,notAvailable,notAvailable,notAvailable,PBMC,peripheral blood mononuclear cell,CL:2000001,Crohn's disease,Crohn's disease,DOID:8778,notAvailable,notAvailable,notAvailable,notAvailable,notAvailable,notAvailable,notAvailable
PROJ090,GSE244831,SAM0532,Pool_3,Homo sapiens,GSM7830519,Peripheral blood,blood,UBERON:0000178,0,0,notAvailable,notAvailable,notAvailable,PBMC,peripheral blood mononuclear cell,CL:2000001,healthy,normal,PATO:0000461,notAvailable,notAvailable,notAvailable,notAvailable,notAvailable,notAvailable,notAvailable
PROJ090,GSE244831,SAM0533,Pool_4,Homo sapiens,GSM7830520,Peripheral blood,blood,UBERON:0000178,0,0,notAvailable,notAvailable,notAvailable,PBMC,peripheral blood mononuclear cell,CL:2000001,Crohn's disease,Crohn's disease,DOID:8778,notAvailable,notAvailable,notAvailable,notAvailable,notAvailable,notAvailable,notAvailable
PROJ090,GSE244831,SAM0534,Pool_5,Homo sapiens,GSM7830521,Peripheral blood,blood,UBERON:0000178,0,0,notAvailable,notAvailable,notAvailable,PBMC,peripheral blood mononuclear cell,CL:2000001,Crohn's disease,Crohn's disease,DOID:8778,notAvailable,notAvailable,notAvailable,notAvailable,notAvailable,notAvailable,notAvailable
PROJ090,GSE244831,SAM0535,Pool_6,Homo sapiens,GSM7830522,Peripheral blood,blood,UBERON:0000178,0,0,notAvailable,notAvailable,notAvailable,PBMC,peripheral blood mononuclear cell,CL:2000001,Crohn's disease,Crohn's disease,DOID:8778,notAvailable,notAvailable,notAvailable,notAvailable,notAvailable,notAvailable,notAvailable
PROJ090,GSE244831,SAM0536,Pool_7,Homo sapiens,GSM7830523,Peripheral blood,blood,UBERON:0000178,0,0,notAvailable,notAvailable,notAvailable,PBMC,peripheral blood mononuclear cell,CL:2000001,Crohn's disease,Crohn's disease,DOID:8778,notAvailable,notAvailable,notAvailable,notAvailable,notAvailable,notAvailable,notAvailable
PROJ090,GSE244831,SAM0537,Pool_8,Homo sapiens,GSM7830524,Peripheral blood,blood,UBERON:0000178,0,0,notAvailable,notAvailable,notAvailable,PBMC,peripheral blood mononuclear cell,CL:2000001,Crohn's disease,Crohn's disease,DOID:8778,notAvailable,notAvailable,notAvailable,notAvailable,notAvailable,notAvailable,notAvailable
PROJ090,GSE244831,SAM0538,Pool_9,Homo sapiens,GSM7830525,Peripheral blood,blood,UBERON:0000178,0,0,notAvailable,notAvailable,notAvailable,PBMC,peripheral blood mononuclear cell,CL:2000001,Crohn's disease,Crohn's disease,DOID:8778,notAvailable,notAvailable,notAvailable,notAvailable,notAvailable,notAvailable,notAvailable
PROJ090,GSE244831,SAM0539,Sample_0,Homo sapiens,GSM7830515,Peripheral blood,blood,UBERON:0000178,0,0,notAvailable,notAvailable,notAvailable,PBMC,peripheral blood mononuclear cell,CL:2000001,healthy,normal,PATO:0000461,notAvailable,notAvailable,notAvailable,notAvailable,notAvailable,notAvailable,notAvailable
PROJ090,GSE244831,SAM0540,Sample_1,Homo sapiens,GSM7830516,Peripheral blood,blood,UBERON:0000178,0,0,notAvailable,notAvailable,notAvailable,PBMC,peripheral blood mononuclear cell,CL:2000001,Crohn's disease,Crohn's disease,DOID:8778,notAvailable,notAvailable,notAvailable,notAvailable,notAvailable,notAvailable,notAvailable
PROJ090,GSE244831,SAM0541,Sample_2,Homo sapiens,GSM7830517,Peripheral blood,blood,UBERON:0000178,0,0,notAvailable,notAvailable,notAvailable,PBMC,peripheral blood mononuclear cell,CL:2000001,Crohn's disease,Crohn's disease,DOID:8778,notAvailable,notAvailable,notAvailable,notAvailable,notAvailable,notAvailable,notAvailable
PROJ091,GSE245242,SAM0542,SAM24402087,Homo sapiens,GSM7839371,pancreatic,pancreas,UBERON:0001264,0,1,KP4,KP-4,CVCL_1338,pancreatic cells,notAvailable,notAvailable,pancreatic cancer,pancreatic cancer,DOID:1793,doxycycline_2ug_per_mL,notAvailable,notAvailable,notAvailable,notAvailable,notAvailable,notAvailable
PROJ091,GSE245242,SAM0543,SAM24402086,Homo sapiens,GSM7839370,pancreatic,pancreas,UBERON:0001264,0,1,KP4,KP-4,CVCL_1338,pancreatic cells,notAvailable,notAvailable,pancreatic cancer,pancreatic cancer,DOID:1793,untreated_control,notAvailable,notAvailable,notAvailable,notAvailable,notAvailable,notAvailable
PROJ092,GSE245826,SAM0544,GSE245826,Mus musculus,GSM7849711,PDAC Primary Tumor,pancreas,UBERON:0001264,0,0,notAvailable,notAvailable,notAvailable,notAvailable,notAvailable,notAvailable,PDAC,pancreatic ductal adenocarcinoma,DOID:3498,doxycycline_induction_ON,SMAD4_OFF,notAvailable,male,notAvailable,notAvailable,notAvailable
PROJ093,GSE245997,SAM0545,Multiome_GEX_E13.5wt,Mus musculus,GSM7853044,secondary palate,secondary palate,UBERON:0001716,0,0,notAvailable,notAvailable,notAvailable,notAvailable,notAvailable,notAvailable,healthy,normal,PATO:0000461,notAvailable,WT,notAvailable,notAvailable,13.5_day,embryonic,notAvailable
PROJ093,GSE245997,SAM0546,Multiome_GEX_E15.5wt,Mus musculus,GSM7853046,secondary palate,secondary palate,UBERON:0001716,0,0,notAvailable,notAvailable,notAvailable,notAvailable,notAvailable,notAvailable,healthy,normal,PATO:0000461,notAvailable,WT,notAvailable,notAvailable,15.5_day,embryonic,notAvailable
PROJ093,GSE245997,SAM0547,Multiome_GEX_E13.5pax9KO,Mus musculus,GSM7853045,secondary palate,secondary palate,UBERON:0001716,0,0,notAvailable,notAvailable,notAvailable,notAvailable,notAvailable,notAvailable,healthy,normal,PATO:0000461,notAvailable,PAX9_KO,notAvailable,notAvailable,13.5_day,embryonic,notAvailable
PROJ094,GSE245998,SAM0548,eb02,Homo sapiens,GSM7853051,gastruloid,gastrula,UBERON:0004734,1,1,hiPSC,human induced pluripotent stem cell line cell,CLO:0037308,hiPSC 2D gastruloid,pluripotent stem cell,CL:0002248,healthy,normal,PATO:0000461,BMP4_50ng_per_mL_48h,TBXT_KO,notAvailable,notAvailable,notAvailable,notAvailable,notAvailable
PROJ094,GSE245998,SAM0549,eb07,Homo sapiens,GSM7853054,gastruloid,gastrula,UBERON:0004734,1,1,hiPSC,human induced pluripotent stem cell line cell,CLO:0037308,hiPSC 2D gastruloid,pluripotent stem cell,CL:0002248,healthy,normal,PATO:0000461,BMP4_50ng_per_mL_48h,TBXT_KO,notAvailable,notAvailable,notAvailable,notAvailable,notAvailable
PROJ094,GSE245998,SAM0550,eb08,Homo sapiens,GSM7853055,gastruloid,gastrula,UBERON:0004734,1,1,hiPSC,human induced pluripotent stem cell line cell,CLO:0037308,hiPSC 2D gastruloid,pluripotent stem cell,CL:0002248,healthy,normal,PATO:0000461,BMP4_50ng_per_mL_48h,TBXT_HET,notAvailable,notAvailable,notAvailable,notAvailable,notAvailable
PROJ094,GSE245998,SAM0551,eb03,Homo sapiens,GSM7853052,gastruloid,gastrula,UBERON:0004734,1,1,hiPSC,human induced pluripotent stem cell line cell,CLO:0037308,hiPSC 2D gastruloid,pluripotent stem cell,CL:0002248,healthy,normal,PATO:0000461,BMP4_50ng_per_mL_48h,TBXT_HET,notAvailable,notAvailable,notAvailable,notAvailable,notAvailable
PROJ094,GSE245998,SAM0552,eb06,Homo sapiens,GSM7853053,gastruloid,gastrula,UBERON:0004734,1,1,hiPSC,human induced pluripotent stem cell line cell,CLO:0037308,hiPSC 2D gastruloid,pluripotent stem cell,CL:0002248,healthy,normal,PATO:0000461,BMP4_50ng_per_mL_48h,TBXT_WT,notAvailable,notAvailable,notAvailable,notAvailable,notAvailable
PROJ094,GSE245998,SAM0553,eb01,Homo sapiens,GSM7853050,gastruloid,gastrula,UBERON:0004734,1,1,hiPSC,human induced pluripotent stem cell line cell,CLO:0037308,hiPSC 2D gastruloid,pluripotent stem cell,CL:0002248,healthy,normal,PATO:0000461,BMP4_50ng_per_mL_48h,TBXT_WT,notAvailable,notAvailable,notAvailable,notAvailable,notAvailable
PROJ095,GSE246169,SAM0554,d59_fetal,Homo sapiens,GSM7864383,retina,retina,UBERON:0000966,0,0,notAvailable,notAvailable,notAvailable,notAvailable,notAvailable,notAvailable,normal,normal,PATO:0000461,notAvailable,notAvailable,notAvailable,notAvailable,59_day,fetal,notAvailable
PROJ095,GSE246169,SAM0555,d76c_fetal,Homo sapiens,GSM7864385,retina,retina,UBERON:0000966,0,0,notAvailable,notAvailable,notAvailable,notAvailable,notAvailable,notAvailable,normal,normal,PATO:0000461,notAvailable,notAvailable,notAvailable,notAvailable,76_day,fetal,Periphery
PROJ095,GSE246169,SAM0556,repro_organoids_gfp,Homo sapiens,GSM7864391,retina,retina,UBERON:0000966,1,1,H7- BRN3-td Tomato,WA07,CVCL_9772,MG culture,Mueller cell,CL:0000636,healthy,normal,PATO:0000461,ASCL1_WT,notAvailable,notAvailable,notAvailable,notAvailable,notAvailable,notAvailable
PROJ095,GSE246169,SAM0557,repro_organoids_ascl1,Homo sapiens,GSM7864389,retina,retina,UBERON:0000966,1,1,H7- BRN3-td Tomato,WA07,CVCL_9772,MG culture,Mueller cell,CL:0000636,healthy,normal,PATO:0000461,ASCL1_OE,notAvailable,notAvailable,notAvailable,notAvailable,notAvailable,notAvailable
PROJ095,GSE246169,SAM0558,d76p_fetal,Homo sapiens,GSM7864387,retina,retina,UBERON:0000966,0,0,notAvailable,notAvailable,notAvailable,notAvailable,notAvailable,notAvailable,normal,normal,PATO:0000461,notAvailable,notAvailable,notAvailable,notAvailable,76_day,fetal,Center
PROJ096,GSE246464,SAM0559,3575_HA-1536_Young_mice,Mus musculus,GSM7869307,bone marrow,bone marrow,UBERON:0002371,0,0,notAvailable,notAvailable,notAvailable,hematopoietic stem cell,hematopoietic stem cell,CL:0000037,healthy,normal,PATO:0000461,notAvailable,WT,notAvailable,notAvailable,8-10_week,notAvailable,young
PROJ096,GSE246464,SAM0560,3647_HA-1570_Young_mice,Mus musculus,GSM7869309,bone marrow,bone marrow,UBERON:0002371,0,0,notAvailable,notAvailable,notAvailable,hematopoietic stem cell,hematopoietic stem cell,CL:0000037,healthy,normal,PATO:0000461,notAvailable,WT,notAvailable,notAvailable,8-10_week,notAvailable,young
PROJ096,GSE246464,SAM0561,3574_HA-1536_Old_mice,Mus musculus,GSM7869308,bone marrow,bone marrow,UBERON:0002371,0,0,notAvailable,notAvailable,notAvailable,hematopoietic stem cell,hematopoietic stem cell,CL:0000037,healthy,normal,PATO:0000461,notAvailable,WT,notAvailable,notAvailable,22-23_month,notAvailable,old
PROJ096,GSE246464,SAM0562,3648_HA-1570_Old_mice,Mus musculus,GSM7869310,bone marrow,bone marrow,UBERON:0002371,0,0,notAvailable,notAvailable,notAvailable,hematopoietic stem cell,hematopoietic stem cell,CL:0000037,healthy,normal,PATO:0000461,notAvailable,WT,notAvailable,notAvailable,22-23_month,notAvailable,old
PROJ097,GSE247442,SAM0563_HTO-1,HTO-1,Homo sapiens,GSM7890015,"Lung, Epithelial",lung epithelium,UBERON:0000115,0,1,"NCI-H226_CL3, NCI-H226",NCI-H226,CVCL_1544,Mesothelioma,mesothelial cell,CL:0000077,malignant pleural mesothelioma,malignant pleural mesothelioma,DOID:7474,DMSO,notAvailable,notAvailable,notAvailable,notAvailable,notAvailable,parental
PROJ097,GSE247442,SAM0563_HTO-7,HTO-7,Homo sapiens,GSM7890015,"Lung, Epithelial",lung epithelium,UBERON:0000115,0,1,"NCI-H226_CL3, NCI-H226",NCI-H226,CVCL_1544,Mesothelioma,mesothelial cell,CL:0000077,malignant pleural mesothelioma,malignant pleural mesothelioma,DOID:7474,G7883,notAvailable,notAvailable,notAvailable,notAvailable,notAvailable,parental
PROJ097,GSE247442,SAM0563_HTO-10,HTO-10,Homo sapiens,GSM7890015,"Lung, Epithelial",lung epithelium,UBERON:0000115,0,1,"NCI-H226_CL3, NCI-H226",NCI-H226,CVCL_1544,Mesothelioma,mesothelial cell,CL:0000077,malignant pleural mesothelioma,malignant pleural mesothelioma,DOID:7474,DMSO,notAvailable,notAvailable,notAvailable,notAvailable,notAvailable,resistant
PROJ097,GSE247442,SAM0563_HTO-8,HTO-8,Homo sapiens,GSM7890015,"Lung, Epithelial",lung epithelium,UBERON:0000115,0,1,"NCI-H226_CL3, NCI-H226",NCI-H226,CVCL_1544,Mesothelioma,mesothelial cell,CL:0000077,malignant pleural mesothelioma,malignant pleural mesothelioma,DOID:7474,G7883,notAvailable,notAvailable,notAvailable,notAvailable,notAvailable,resistant
PROJ098,GSE247692,SAM0564,Tonsil_Multiome_1A,Homo sapiens,GSM7898962,Tonsil,tonsil,UBERON:0002372,0,0,notAvailable,notAvailable,notAvailable,Sorting Strategy 1 (Described in Extended Data Fig. 5),notAvailable,notAvailable,healthy,normal,PATO:0000461,notAvailable,notAvailable,notAvailable,notAvailable,notAvailable,notAvailable,notAvailable
PROJ098,GSE247692,SAM0565,Tonsil_Multiome_1B,Homo sapiens,GSM7898964,Tonsil,tonsil,UBERON:0002372,0,0,notAvailable,notAvailable,notAvailable,Sorting Strategy 1 (Described in Extended Data Fig. 5),notAvailable,notAvailable,healthy,normal,PATO:0000461,notAvailable,notAvailable,notAvailable,notAvailable,notAvailable,notAvailable,notAvailable
PROJ098,GSE247692,SAM0566,Tonsil_Multiome_2,Homo sapiens,GSM7898966,Tonsil,tonsil,UBERON:0002372,0,0,notAvailable,notAvailable,notAvailable,Sorting Strategy 2 (Described in Extended Data Fig. 5),notAvailable,notAvailable,healthy,normal,PATO:0000461,notAvailable,notAvailable,notAvailable,notAvailable,notAvailable,notAvailable,notAvailable
PROJ099,GSE248868,SAM0567,rep1,Mus musculus,GSM7921517,enriched RGC from mouse retina,retina,UBERON:0000966,0,0,notAvailable,notAvailable,notAvailable,RGC,retinal ganglion cell,CL:0000740,normal,normal,PATO:0000461,notAvailable,vGlut2_Cre_LSL_Sun1GFP_reporter,notAvailable,notAvailable,42_day,postnatal,notAvailable
PROJ099,GSE248868,SAM0568,rep2,Mus musculus,GSM7921518,enriched RGC from mouse retina,retina,UBERON:0000966,0,0,notAvailable,notAvailable,notAvailable,RGC,retinal ganglion cell,CL:0000740,normal,normal,PATO:0000461,notAvailable,vGlut2_Cre_LSL_Sun1GFP_reporter,notAvailable,notAvailable,42_day,postnatal,notAvailable
PROJ100,GSE249376,SAM0569,teratoma_rep1,Homo sapiens,GSM7937719,teratoma,blastocyst,UBERON:0000358,1,1,H1 hESC,WA01,CVCL_9771,embryonic stem cell,embryonic stem cell,CL:0002322,healthy,normal,PATO:0000461,notAvailable,notAvailable,notAvailable,notAvailable,notAvailable,notAvailable,notAvailable
PROJ100,GSE249376,SAM0570,teratoma_rep3,Homo sapiens,GSM7937721,teratoma,blastocyst,UBERON:0000358,1,1,H1 hESC,WA01,CVCL_9771,embryonic stem cell,embryonic stem cell,CL:0002322,healthy,normal,PATO:0000461,notAvailable,notAvailable,notAvailable,notAvailable,notAvailable,notAvailable,notAvailable
PROJ100,GSE249376,SAM0571,teratoma_rep2,Homo sapiens,GSM7937720,teratoma,blastocyst,UBERON:0000358,1,1,H1 hESC,WA01,CVCL_9771,embryonic stem cell,embryonic stem cell,CL:0002322,healthy,normal,PATO:0000461,notAvailable,notAvailable,notAvailable,notAvailable,notAvailable,notAvailable,notAvailable
PROJ101,GSE249829,SAM0572,Wt_M_M112,Mus musculus,GSM7965553,CD45+ spleen,spleen,UBERON:0002106,0,0,notAvailable,notAvailable,notAvailable,CD45+,leukocyte,CL:0000738,Autoimmune diseases,systemic lupus erythematosus,DOID:9074,doxycycline_pristane_treatment,WT,notAvailable,male,notAvailable,notAvailable,notAvailable
PROJ101,GSE249829,SAM0573,Tg_M_D665,Mus musculus,GSM7965535,CD45+ spleen,spleen,UBERON:0002106,0,0,notAvailable,notAvailable,notAvailable,CD45+,leukocyte,CL:0000738,Autoimmune diseases,systemic lupus erythematosus,DOID:9074,doxycycline_pristane_treatment,dox_inducible_Xist_OE,notAvailable,male,notAvailable,notAvailable,notAvailable
PROJ101,GSE249829,SAM0574,Tg_M_M64,Mus musculus,GSM7965547,CD45+ spleen,spleen,UBERON:0002106,0,0,notAvailable,notAvailable,notAvailable,CD45+,leukocyte,CL:0000738,Autoimmune diseases,systemic lupus erythematosus,DOID:9074,doxycycline_pristane_treatment,dox_inducible_Xist_OE,notAvailable,male,notAvailable,notAvailable,notAvailable
PROJ101,GSE249829,SAM0575,Tg_M_D795,Mus musculus,GSM7965539,CD45+ spleen,spleen,UBERON:0002106,0,0,notAvailable,notAvailable,notAvailable,CD45+,leukocyte,CL:0000738,Autoimmune diseases,systemic lupus erythematosus,DOID:9074,doxycycline_pristane_treatment,dox_inducible_Xist_OE,notAvailable,male,notAvailable,notAvailable,notAvailable
PROJ101,GSE249829,SAM0576,Tg_M_M60,Mus musculus,GSM7965545,CD45+ spleen,spleen,UBERON:0002106,0,0,notAvailable,notAvailable,notAvailable,CD45+,leukocyte,CL:0000738,Autoimmune diseases,systemic lupus erythematosus,DOID:9074,doxycycline_pristane_treatment,dox_inducible_Xist_OE,notAvailable,male,notAvailable,notAvailable,notAvailable
PROJ101,GSE249829,SAM0577,Wt_F_D671,Mus musculus,GSM7965549,CD45+ spleen,spleen,UBERON:0002106,0,0,notAvailable,notAvailable,notAvailable,CD45+,leukocyte,CL:0000738,Autoimmune diseases,systemic lupus erythematosus,DOID:9074,pristane_treatment,WT,notAvailable,female,notAvailable,notAvailable,notAvailable
PROJ101,GSE249829,SAM0578,Wt_F_F120,Mus musculus,GSM7965551,CD45+ spleen,spleen,UBERON:0002106,0,0,notAvailable,notAvailable,notAvailable,CD45+,leukocyte,CL:0000738,Autoimmune diseases,systemic lupus erythematosus,DOID:9074,pristane_treatment,WT,notAvailable,female,notAvailable,notAvailable,notAvailable
PROJ101,GSE249829,SAM0579,Tg_M_M133,Mus musculus,GSM7965543,CD45+ spleen,spleen,UBERON:0002106,0,0,notAvailable,notAvailable,notAvailable,CD45+,leukocyte,CL:0000738,Autoimmune diseases,systemic lupus erythematosus,DOID:9074,doxycycline_pristane_treatment,dox_inducible_Xist_OE,notAvailable,male,notAvailable,notAvailable,notAvailable
PROJ101,GSE249829,SAM0580,Tg_M_M101,Mus musculus,GSM7965541,CD45+ spleen,spleen,UBERON:0002106,0,0,notAvailable,notAvailable,notAvailable,CD45+,leukocyte,CL:0000738,Autoimmune diseases,systemic lupus erythematosus,DOID:9074,doxycycline_pristane_treatment,dox_inducible_Xist_OE,notAvailable,male,notAvailable,notAvailable,notAvailable
PROJ101,GSE249829,SAM0581,Wt_M_M131,Mus musculus,GSM7965555,CD45+ spleen,spleen,UBERON:0002106,0,0,notAvailable,notAvailable,notAvailable,CD45+,leukocyte,CL:0000738,Autoimmune diseases,systemic lupus erythematosus,DOID:9074,doxycycline_pristane_treatment,WT,notAvailable,male,notAvailable,notAvailable,notAvailable
PROJ101,GSE249829,SAM0582,Tg_M_D651,Mus musculus,GSM7965533,CD45+ spleen,spleen,UBERON:0002106,0,0,notAvailable,notAvailable,notAvailable,CD45+,leukocyte,CL:0000738,Autoimmune diseases,systemic lupus erythematosus,DOID:9074,doxycycline_pristane_treatment,dox_inducible_Xist_OE,notAvailable,male,notAvailable,notAvailable,notAvailable
PROJ101,GSE249829,SAM0583,Tg_M_D739,Mus musculus,GSM7965537,CD45+ spleen,spleen,UBERON:0002106,0,0,notAvailable,notAvailable,notAvailable,CD45+,leukocyte,CL:0000738,Autoimmune diseases,systemic lupus erythematosus,DOID:9074,doxycycline_pristane_treatment,dox_inducible_Xist_OE,notAvailable,male,notAvailable,notAvailable,notAvailable
PROJ101,GSE249829,SAM0584,Wt_M_M51,Mus musculus,GSM7965557,CD45+ spleen,spleen,UBERON:0002106,0,0,notAvailable,notAvailable,notAvailable,CD45+,leukocyte,CL:0000738,Autoimmune diseases,systemic lupus erythematosus,DOID:9074,doxycycline_pristane_treatment,WT,notAvailable,male,notAvailable,notAvailable,notAvailable
PROJ102,GSE250192,SAM0585,CTL,Mus musculus,GSM7975353,Liver,liver,UBERON:0002107,0,0,notAvailable,notAvailable,notAvailable,iNKT,iNKT,CL:0000921,normal,normal,PATO:0000461,untreated_control,NOD_WT,notAvailable,notAvailable,13-15_week,notAvailable,notAvailable
PROJ102,GSE250192,SAM0586,KRN,Mus musculus,GSM7975354,Liver,liver,UBERON:0002107,0,0,notAvailable,notAvailable,notAvailable,iNKT,iNKT,CL:0000921,normal,normal,PATO:0000461,aGalCer_CD1d_NP_stimulation,NOD_WT,notAvailable,notAvailable,13-15_week,notAvailable,notAvailable
PROJ103,GSE250589,SAM0587,P23605_1003,Mus musculus,GSM7982318,Spinal Cord,spinal cord,UBERON:0002240,0,0,notAvailable,notAvailable,notAvailable,notAvailable,notAvailable,notAvailable,EAE,multiple sclerosis,DOID:2377,notAvailable,WT,notAvailable,mixed,notAvailable,notAvailable,Peak
PROJ103,GSE250589,SAM0588,P29557_1008,Mus musculus,GSM8637419,Spinal Cord,spinal cord,UBERON:0002240,0,0,notAvailable,notAvailable,notAvailable,notAvailable,notAvailable,notAvailable,EAE,multiple sclerosis,DOID:2377,notAvailable,WT,notAvailable,mixed,notAvailable,notAvailable,Early
PROJ103,GSE250589,SAM0589,P29557_1006,Mus musculus,GSM8637433,Spinal Cord,spinal cord,UBERON:0002240,0,0,notAvailable,notAvailable,notAvailable,notAvailable,notAvailable,notAvailable,CFA-Ctrl,normal,PATO:0000461,notAvailable,WT,notAvailable,mixed,notAvailable,notAvailable,Early
PROJ103,GSE250589,SAM0590,P25316_1001,Mus musculus,GSM7982326,Spinal Cord,spinal cord,UBERON:0002240,0,0,notAvailable,notAvailable,notAvailable,notAvailable,notAvailable,notAvailable,EAE,multiple sclerosis,DOID:2377,notAvailable,WT,notAvailable,mixed,notAvailable,notAvailable,Late
PROJ103,GSE250589,SAM0591,P24114_1001,Mus musculus,GSM7982340,Spinal Cord,spinal cord,UBERON:0002240,0,0,notAvailable,notAvailable,notAvailable,notAvailable,notAvailable,notAvailable,CFA-Ctrl,normal,PATO:0000461,notAvailable,WT,notAvailable,mixed,notAvailable,notAvailable,Early
PROJ103,GSE250589,SAM0592,P25316_1004,Mus musculus,GSM7982344,Spinal Cord,spinal cord,UBERON:0002240,0,0,notAvailable,notAvailable,notAvailable,notAvailable,notAvailable,notAvailable,CFA-Ctrl,normal,PATO:0000461,notAvailable,WT,notAvailable,mixed,notAvailable,notAvailable,Late
PROJ103,GSE250589,SAM0593,P29557_1009,Mus musculus,GSM8637421,Spinal Cord,spinal cord,UBERON:0002240,0,0,notAvailable,notAvailable,notAvailable,notAvailable,notAvailable,notAvailable,EAE,multiple sclerosis,DOID:2377,notAvailable,WT,notAvailable,mixed,notAvailable,notAvailable,Early
PROJ103,GSE250589,SAM0594,P29557_1010,Mus musculus,GSM8637423,Spinal Cord,spinal cord,UBERON:0002240,0,0,notAvailable,notAvailable,notAvailable,notAvailable,notAvailable,notAvailable,EAE,multiple sclerosis,DOID:2377,notAvailable,WT,notAvailable,mixed,notAvailable,notAvailable,Early
PROJ103,GSE250589,SAM0595,P29557_1002,Mus musculus,GSM8637427,Spinal Cord,spinal cord,UBERON:0002240,0,0,notAvailable,notAvailable,notAvailable,notAvailable,notAvailable,notAvailable,EAE,multiple sclerosis,DOID:2377,notAvailable,WT,notAvailable,mixed,notAvailable,notAvailable,Late
PROJ103,GSE250589,SAM0596,P29557_1007,Mus musculus,GSM8637435,Spinal Cord,spinal cord,UBERON:0002240,0,0,notAvailable,notAvailable,notAvailable,notAvailable,notAvailable,notAvailable,CFA-Ctrl,normal,PATO:0000461,notAvailable,WT,notAvailable,mixed,notAvailable,notAvailable,Early
PROJ103,GSE250589,SAM0597,P21208_1003,Mus musculus,GSM7982308,Spinal Cord,spinal cord,UBERON:0002240,0,0,notAvailable,notAvailable,notAvailable,notAvailable,notAvailable,notAvailable,EAE,multiple sclerosis,DOID:2377,notAvailable,WT,notAvailable,mixed,notAvailable,notAvailable,Early
PROJ103,GSE250589,SAM0598,P27207_1001,Mus musculus,GSM7982320,Spinal Cord,spinal cord,UBERON:0002240,0,0,notAvailable,notAvailable,notAvailable,notAvailable,notAvailable,notAvailable,EAE,multiple sclerosis,DOID:2377,notAvailable,WT,notAvailable,mixed,notAvailable,notAvailable,Peak
PROJ103,GSE250589,SAM0599,P27207_1004,Mus musculus,GSM7982332,Spinal Cord,spinal cord,UBERON:0002240,0,0,notAvailable,notAvailable,notAvailable,notAvailable,notAvailable,notAvailable,EAE,multiple sclerosis,DOID:2377,notAvailable,WT,notAvailable,mixed,notAvailable,notAvailable,Late
PROJ103,GSE250589,SAM0600,P23605_1002,Mus musculus,GSM7982336,Spinal Cord,spinal cord,UBERON:0002240,0,0,notAvailable,notAvailable,notAvailable,notAvailable,notAvailable,notAvailable,CFA-Ctrl,normal,PATO:0000461,notAvailable,WT,notAvailable,mixed,notAvailable,notAvailable,Early
PROJ103,GSE250589,SAM0601,P23605_1001,Mus musculus,GSM7982310,Spinal Cord,spinal cord,UBERON:0002240,0,0,notAvailable,notAvailable,notAvailable,notAvailable,notAvailable,notAvailable,EAE,multiple sclerosis,DOID:2377,notAvailable,WT,notAvailable,mixed,notAvailable,notAvailable,Early
PROJ103,GSE250589,SAM0602,P21208_1005,Mus musculus,GSM7982316,Spinal Cord,spinal cord,UBERON:0002240,0,0,notAvailable,notAvailable,notAvailable,notAvailable,notAvailable,notAvailable,EAE,multiple sclerosis,DOID:2377,notAvailable,WT,notAvailable,mixed,notAvailable,notAvailable,Peak
PROJ103,GSE250589,SAM0603,P27207_1002,Mus musculus,GSM7982322,Spinal Cord,spinal cord,UBERON:0002240,0,0,notAvailable,notAvailable,notAvailable,notAvailable,notAvailable,notAvailable,EAE,multiple sclerosis,DOID:2377,notAvailable,WT,notAvailable,mixed,notAvailable,notAvailable,Peak
PROJ103,GSE250589,SAM0604,P21521_1003,Mus musculus,GSM7982324,Spinal Cord,spinal cord,UBERON:0002240,0,0,notAvailable,notAvailable,notAvailable,notAvailable,notAvailable,notAvailable,EAE,multiple sclerosis,DOID:2377,notAvailable,WT,notAvailable,mixed,notAvailable,notAvailable,Late
PROJ103,GSE250589,SAM0605,P23605_1004,Mus musculus,GSM7982338,Spinal Cord,spinal cord,UBERON:0002240,0,0,notAvailable,notAvailable,notAvailable,notAvailable,notAvailable,notAvailable,CFA-Ctrl,normal,PATO:0000461,notAvailable,WT,notAvailable,mixed,notAvailable,notAvailable,Peak
PROJ103,GSE250589,SAM0606,P24114_1002,Mus musculus,GSM7982312,Spinal Cord,spinal cord,UBERON:0002240,0,0,notAvailable,notAvailable,notAvailable,notAvailable,notAvailable,notAvailable,EAE,multiple sclerosis,DOID:2377,notAvailable,WT,notAvailable,mixed,notAvailable,notAvailable,Early
PROJ103,GSE250589,SAM0607,P25316_1002,Mus musculus,GSM7982342,Spinal Cord,spinal cord,UBERON:0002240,0,0,notAvailable,notAvailable,notAvailable,notAvailable,notAvailable,notAvailable,CFA-Ctrl,normal,PATO:0000461,notAvailable,WT,notAvailable,mixed,notAvailable,notAvailable,Late
PROJ103,GSE250589,SAM0608,P29557_1001,Mus musculus,GSM8637425,Spinal Cord,spinal cord,UBERON:0002240,0,0,notAvailable,notAvailable,notAvailable,notAvailable,notAvailable,notAvailable,EAE,multiple sclerosis,DOID:2377,notAvailable,WT,notAvailable,mixed,notAvailable,notAvailable,Peak
PROJ103,GSE250589,SAM0609,P29557_1004,Mus musculus,GSM8637429,Spinal Cord,spinal cord,UBERON:0002240,0,0,notAvailable,notAvailable,notAvailable,notAvailable,notAvailable,notAvailable,CFA-Ctrl,normal,PATO:0000461,notAvailable,WT,notAvailable,mixed,notAvailable,notAvailable,Naive
PROJ103,GSE250589,SAM0610,P24114_1003,Mus musculus,GSM7982314,Spinal Cord,spinal cord,UBERON:0002240,0,0,notAvailable,notAvailable,notAvailable,notAvailable,notAvailable,notAvailable,EAE,multiple sclerosis,DOID:2377,notAvailable,WT,notAvailable,mixed,notAvailable,notAvailable,Early
PROJ103,GSE250589,SAM0611,P25316_1003,Mus musculus,GSM7982328,Spinal Cord,spinal cord,UBERON:0002240,0,0,notAvailable,notAvailable,notAvailable,notAvailable,notAvailable,notAvailable,EAE,multiple sclerosis,DOID:2377,notAvailable,WT,notAvailable,mixed,notAvailable,notAvailable,Late
PROJ103,GSE250589,SAM0612,P29557_1005,Mus musculus,GSM8637431,Spinal Cord,spinal cord,UBERON:0002240,0,0,notAvailable,notAvailable,notAvailable,notAvailable,notAvailable,notAvailable,CFA-Ctrl,normal,PATO:0000461,notAvailable,WT,notAvailable,mixed,notAvailable,notAvailable,Early
PROJ103,GSE250589,SAM0613,P27207_1003,Mus musculus,GSM7982330,Spinal Cord,spinal cord,UBERON:0002240,0,0,notAvailable,notAvailable,notAvailable,notAvailable,notAvailable,notAvailable,EAE,multiple sclerosis,DOID:2377,notAvailable,WT,notAvailable,mixed,notAvailable,notAvailable,Late
PROJ103,GSE250589,SAM0614,P21208_1004,Mus musculus,GSM7982334,Spinal Cord,spinal cord,UBERON:0002240,0,0,notAvailable,notAvailable,notAvailable,notAvailable,notAvailable,notAvailable,CFA-Ctrl,normal,PATO:0000461,notAvailable,WT,notAvailable,mixed,notAvailable,notAvailable,Peak
PROJ104,GSE251813,SAM0615,eb05,Homo sapiens,GSM7988653,gastruloid,gastrula,UBERON:0004734,1,1,hiPSC,human induced pluripotent stem cell line cell,CLO:0037308,hiPSC 2D gastruloid,pluripotent stem cell,CL:0002248,healthy,normal,PATO:0000461,notAvailable,CDX2_HET,notAvailable,notAvailable,notAvailable,notAvailable,notAvailable
PROJ104,GSE251813,SAM0616,eb04,Homo sapiens,GSM7988652,gastruloid,gastrula,UBERON:0004734,1,1,hiPSC,human induced pluripotent stem cell line cell,CLO:0037308,hiPSC 2D gastruloid,pluripotent stem cell,CL:0002248,healthy,normal,PATO:0000461,notAvailable,CDX2_KO,notAvailable,notAvailable,notAvailable,notAvailable,notAvailable
PROJ104,GSE251813,SAM0617,eb09,Homo sapiens,GSM7988654,gastruloid,gastrula,UBERON:0004734,1,1,hiPSC,human induced pluripotent stem cell line cell,CLO:0037308,hiPSC 2D gastruloid,pluripotent stem cell,CL:0002248,healthy,normal,PATO:0000461,notAvailable,CDX2_KO,notAvailable,notAvailable,notAvailable,notAvailable,notAvailable
PROJ104,GSE251813,SAM0618,eb10,Homo sapiens,GSM7988655,gastruloid,gastrula,UBERON:0004734,1,1,hiPSC,human induced pluripotent stem cell line cell,CLO:0037308,hiPSC 2D gastruloid,pluripotent stem cell,CL:0002248,healthy,normal,PATO:0000461,notAvailable,CDX2_HET,notAvailable,notAvailable,notAvailable,notAvailable,notAvailable
PROJ105,GSE251862,SAM0619,iNPC1,Homo sapiens,GSM7989239,Kidney organoids,kidney,UBERON:0002113,1,1,pluripotent_stem_cell,human induced pluripotent stem cell line cell,CLO:0037308,Kidney cells,kidney cell,CL:1000497,healthy,normal,PATO:0000461,notAvailable,notAvailable,notAvailable,notAvailable,21_day,notAvailable,notAvailable
PROJ105,GSE251862,SAM0620,iNPC2,Homo sapiens,GSM7989241,Kidney organoids,kidney,UBERON:0002113,1,1,pluripotent_stem_cell,human induced pluripotent stem cell line cell,CLO:0037308,Kidney cells,kidney cell,CL:1000497,healthy,normal,PATO:0000461,notAvailable,notAvailable,notAvailable,notAvailable,21_day,notAvailable,notAvailable
PROJ106,GSE251977,SAM0621,SAM24425416,Homo sapiens,GSM7990809,prostate adenocarcinoma,prostate gland,UBERON:0002367,0,1,DU145,DU145,CVCL_0105,Human Prostate Cancer Cells,epithelial cell of prostate,CL:0002231,prostate adenocarcinoma,prostate adenocarcinoma,DOID:2526,notAvailable,CDX2_HET,notAvailable,notAvailable,notAvailable,notAvailable,notAvailable
PROJ106,GSE251977,SAM0622,SAM24418230,Homo sapiens,GSM7990798,prostate adenocarcinoma,prostate gland,UBERON:0002367,0,1,VCaP,VCaP,CVCL_2235,Human Prostate Cancer Cells,epithelial cell of prostate,CL:0002231,prostate adenocarcinoma,prostate adenocarcinoma,DOID:2526,notAvailable,CDX2_KO,notAvailable,notAvailable,notAvailable,notAvailable,notAvailable
PROJ106,GSE251977,SAM0623,SAM24418231,Homo sapiens,GSM7990799,prostate adenocarcinoma,prostate gland,UBERON:0002367,0,1,LNCaP clone FGC,LNCaP,CVCL_0395,Human Prostate Cancer Cells,epithelial cell of prostate,CL:0002231,prostate adenocarcinoma,prostate adenocarcinoma,DOID:2526,notAvailable,CDX2_HET,notAvailable,notAvailable,notAvailable,notAvailable,notAvailable
PROJ106,GSE251977,SAM0624,SAM24427130,Homo sapiens,GSM7990806,prostate adenocarcinoma,prostate gland,UBERON:0002367,0,1,H660,NCI-H660,CVCL_1576,Human Prostate Cancer Cells,epithelial cell of prostate,CL:0002231,prostate adenocarcinoma,prostate adenocarcinoma,DOID:2526,notAvailable,CDX2_KO,notAvailable,notAvailable,notAvailable,notAvailable,notAvailable
PROJ107,GSE251978,SAM0625_HTO-1,HTO-1,Homo sapiens,GSM7990812,prostate adenocarcinoma,prostate gland,UBERON:0002367,0,1,LNCaP,LNCaP,CVCL_0395,Human Prostate Cancer Cells,epithelial cell of prostate,CL:0002231,prostate adenocarcinoma,prostate adenocarcinoma,DOID:2526,FOXA2_OE,FOXA2,notAvailable,notAvailable,notAvailable,notAvailable,FOXA2
PROJ107,GSE251978,SAM0625_HTO-2,HTO-2,Homo sapiens,GSM7990812,prostate adenocarcinoma,prostate gland,UBERON:0002367,0,1,LNCaP,LNCaP,CVCL_0395,Human Prostate Cancer Cells,epithelial cell of prostate,CL:0002231,prostate adenocarcinoma,prostate adenocarcinoma,DOID:2526,GATA6_OE,GATA6,notAvailable,notAvailable,notAvailable,notAvailable,GATA6
PROJ107,GSE251978,SAM0625_HTO-3,HTO-3,Homo sapiens,GSM7990812,prostate adenocarcinoma,prostate gland,UBERON:0002367,0,1,LNCaP,LNCaP,CVCL_0395,Human Prostate Cancer Cells,epithelial cell of prostate,CL:0002231,prostate adenocarcinoma,prostate adenocarcinoma,DOID:2526,NKX2-1_OE,NKX2-1,notAvailable,notAvailable,notAvailable,notAvailable,NKX2-1
PROJ107,GSE251978,SAM0625_HTO-4,HTO-4,Homo sapiens,GSM7990812,prostate adenocarcinoma,prostate gland,UBERON:0002367,0,1,LNCaP,LNCaP,CVCL_0395,Human Prostate Cancer Cells,epithelial cell of prostate,CL:0002231,prostate adenocarcinoma,prostate adenocarcinoma,DOID:2526,FOXA1_OE,FOXA1,notAvailable,notAvailable,notAvailable,notAvailable,FOXA1
PROJ107,GSE251978,SAM0625_HTO-5,HTO-5,Homo sapiens,GSM7990812,prostate adenocarcinoma,prostate gland,UBERON:0002367,0,1,LNCaP,LNCaP,CVCL_0395,Human Prostate Cancer Cells,epithelial cell of prostate,CL:0002231,prostate adenocarcinoma,prostate adenocarcinoma,DOID:2526,NeonG_OE,NeonG,notAvailable,notAvailable,notAvailable,notAvailable,NeonG
PROJ107,GSE251978,SAM0625_HTO-6,HTO-6,Homo sapiens,GSM7990812,prostate adenocarcinoma,prostate gland,UBERON:0002367,0,1,LNCaP,LNCaP,CVCL_0395,Human Prostate Cancer Cells,epithelial cell of prostate,CL:0002231,prostate adenocarcinoma,prostate adenocarcinoma,DOID:2526,FOXA1_OE,FOXA1,notAvailable,notAvailable,notAvailable,notAvailable,FOXA1
PROJ107,GSE251978,SAM0625_HTO-8,HTO-8,Homo sapiens,GSM7990812,prostate adenocarcinoma,prostate gland,UBERON:0002367,0,1,LNCaP,LNCaP,CVCL_0395,Human Prostate Cancer Cells,epithelial cell of prostate,CL:0002231,prostate adenocarcinoma,prostate adenocarcinoma,DOID:2526,NKX2-1_OE,NKX2-1,notAvailable,notAvailable,notAvailable,notAvailable,NKX2-1
PROJ107,GSE251978,SAM0625_HTO-10,HTO-10,Homo sapiens,GSM7990812,prostate adenocarcinoma,prostate gland,UBERON:0002367,0,1,LNCaP,LNCaP,CVCL_0395,Human Prostate Cancer Cells,epithelial cell of prostate,CL:0002231,prostate adenocarcinoma,prostate adenocarcinoma,DOID:2526,GATA6_OE,GATA6,notAvailable,notAvailable,notAvailable,notAvailable,GATA6
PROJ108,GSE252772,SAM0626,20201201-NMK3M,Mus musculus,GSM8006736,Kidney,kidney,UBERON:0002113,0,0,notAvailable,notAvailable,notAvailable,notAvailable,notAvailable,notAvailable,healthy,normal,PATO:0000461,notAvailable,WT,notAvailable,male,3_week,notAvailable,notAvailable
PROJ108,GSE252772,SAM0627,20201213-NMK52F,Mus musculus,GSM8006738,Kidney,kidney,UBERON:0002113,0,0,notAvailable,notAvailable,notAvailable,notAvailable,notAvailable,notAvailable,healthy,normal,PATO:0000461,notAvailable,WT,notAvailable,female,52_week,notAvailable,notAvailable
PROJ108,GSE252772,SAM0628,20201213-NMK52M,Mus musculus,GSM8006740,Kidney,kidney,UBERON:0002113,0,0,notAvailable,notAvailable,notAvailable,notAvailable,notAvailable,notAvailable,healthy,normal,PATO:0000461,notAvailable,WT,notAvailable,male,52_week,notAvailable,notAvailable
PROJ108,GSE252772,SAM0629,20210125-NMK0F,Mus musculus,GSM8006742,Kidney,kidney,UBERON:0002113,0,0,notAvailable,notAvailable,notAvailable,notAvailable,notAvailable,notAvailable,healthy,normal,PATO:0000461,notAvailable,WT,notAvailable,female,0_day,neonatal,notAvailable
PROJ108,GSE252772,SAM0630,20210125-NMK0M,Mus musculus,GSM8006744,Kidney,kidney,UBERON:0002113,0,0,notAvailable,notAvailable,notAvailable,notAvailable,notAvailable,notAvailable,healthy,normal,PATO:0000461,notAvailable,WT,notAvailable,male,0_day,neonatal,notAvailable
PROJ108,GSE252772,SAM0631,20210129-AKICT3F,Mus musculus,GSM8006746,Kidney,kidney,UBERON:0002113,0,0,notAvailable,notAvailable,notAvailable,notAvailable,notAvailable,notAvailable,healthy,normal,PATO:0000461,notAvailable,WT,notAvailable,female,12_week,notAvailable,notAvailable
PROJ108,GSE252772,SAM0632,20210129-AKICT3M,Mus musculus,GSM8006748,Kidney,kidney,UBERON:0002113,0,0,notAvailable,notAvailable,notAvailable,notAvailable,notAvailable,notAvailable,healthy,normal,PATO:0000461,notAvailable,WT,notAvailable,male,3_week,notAvailable,notAvailable
PROJ108,GSE252772,SAM0633,20210218-NMKE16_5M,Mus musculus,GSM8006750,Kidney,kidney,UBERON:0002113,0,0,notAvailable,notAvailable,notAvailable,notAvailable,notAvailable,notAvailable,healthy,normal,PATO:0000461,notAvailable,WT,notAvailable,male,16.5_day,embryonic,notAvailable
PROJ108,GSE252772,SAM0634,20210228-NMK3F,Mus musculus,GSM8006752,Kidney,kidney,UBERON:0002113,0,0,notAvailable,notAvailable,notAvailable,notAvailable,notAvailable,notAvailable,healthy,normal,PATO:0000461,notAvailable,WT,notAvailable,female,3_week,notAvailable,notAvailable
PROJ108,GSE252772,SAM0635,20210319-NMKE16_5F,Mus musculus,GSM8006754,Kidney,kidney,UBERON:0002113,0,0,notAvailable,notAvailable,notAvailable,notAvailable,notAvailable,notAvailable,healthy,normal,PATO:0000461,notAvailable,WT,notAvailable,female,16.5_day,embryonic,notAvailable
PROJ108,GSE252772,SAM0636,20210419-NMK3F,Mus musculus,GSM8006756,Kidney,kidney,UBERON:0002113,0,0,notAvailable,notAvailable,notAvailable,notAvailable,notAvailable,notAvailable,healthy,normal,PATO:0000461,notAvailable,WT,notAvailable,female,3_week,notAvailable,notAvailable
PROJ108,GSE252772,SAM0637,20210419-NMK3M,Mus musculus,GSM8006758,Kidney,kidney,UBERON:0002113,0,0,notAvailable,notAvailable,notAvailable,notAvailable,notAvailable,notAvailable,healthy,normal,PATO:0000461,notAvailable,WT,notAvailable,male,3_week,notAvailable,notAvailable
PROJ108,GSE252772,SAM0638,20210422-NMK52F2,Mus musculus,GSM8006760,Kidney,kidney,UBERON:0002113,0,0,notAvailable,notAvailable,notAvailable,notAvailable,notAvailable,notAvailable,healthy,normal,PATO:0000461,notAvailable,WT,notAvailable,female,52_week,notAvailable,notAvailable
PROJ108,GSE252772,SAM0639,20210422-NMK52M2,Mus musculus,GSM8006762,Kidney,kidney,UBERON:0002113,0,0,notAvailable,notAvailable,notAvailable,notAvailable,notAvailable,notAvailable,healthy,normal,PATO:0000461,notAvailable,WT,notAvailable,male,52_week,notAvailable,notAvailable
PROJ108,GSE252772,SAM0640,20210423-NMK12F1,Mus musculus,GSM8006764,Kidney,kidney,UBERON:0002113,0,0,notAvailable,notAvailable,notAvailable,notAvailable,notAvailable,notAvailable,healthy,normal,PATO:0000461,notAvailable,WT,notAvailable,female,12_week,notAvailable,notAvailable
PROJ108,GSE252772,SAM0641,20210423-NMK12M1,Mus musculus,GSM8006766,Kidney,kidney,UBERON:0002113,0,0,notAvailable,notAvailable,notAvailable,notAvailable,notAvailable,notAvailable,healthy,normal,PATO:0000461,notAvailable,WT,notAvailable,male,12_week,notAvailable,notAvailable
PROJ108,GSE252772,SAM0642,20210907-NMK92M1,Mus musculus,GSM8006768,Kidney,kidney,UBERON:0002113,0,0,notAvailable,notAvailable,notAvailable,notAvailable,notAvailable,notAvailable,healthy,normal,PATO:0000461,notAvailable,WT,notAvailable,male,92_week,notAvailable,notAvailable
PROJ108,GSE252772,SAM0643,20210907-NMK92M2,Mus musculus,GSM8006770,Kidney,kidney,UBERON:0002113,0,0,notAvailable,notAvailable,notAvailable,notAvailable,notAvailable,notAvailable,healthy,normal,PATO:0000461,notAvailable,WT,notAvailable,male,92_week,notAvailable,notAvailable
PROJ108,GSE252772,SAM0644,20210908-NMK92F1,Mus musculus,GSM8006772,Kidney,kidney,UBERON:0002113,0,0,notAvailable,notAvailable,notAvailable,notAvailable,notAvailable,notAvailable,healthy,normal,PATO:0000461,notAvailable,WT,notAvailable,female,92_week,notAvailable,notAvailable
PROJ108,GSE252772,SAM0645,20210908-NMK92F2,Mus musculus,GSM8006774,Kidney,kidney,UBERON:0002113,0,0,notAvailable,notAvailable,notAvailable,notAvailable,notAvailable,notAvailable,healthy,normal,PATO:0000461,notAvailable,WT,notAvailable,female,92_week,notAvailable,notAvailable
PROJ108,GSE252772,SAM0646,20220129-NMK0F,Mus musculus,GSM8006776,Kidney,kidney,UBERON:0002113,0,0,notAvailable,notAvailable,notAvailable,notAvailable,notAvailable,notAvailable,healthy,normal,PATO:0000461,notAvailable,WT,notAvailable,female,0_day,neonatal,notAvailable
PROJ108,GSE252772,SAM0647,20220129-NMK0M,Mus musculus,GSM8006778,Kidney,kidney,UBERON:0002113,0,0,notAvailable,notAvailable,notAvailable,notAvailable,notAvailable,notAvailable,healthy,normal,PATO:0000461,notAvailable,WT,notAvailable,male,0_day,neonatal,notAvailable
PROJ108,GSE252772,SAM0648,20220130-E16_5F,Mus musculus,GSM8006780,Kidney,kidney,UBERON:0002113,0,0,notAvailable,notAvailable,notAvailable,notAvailable,notAvailable,notAvailable,healthy,normal,PATO:0000461,notAvailable,WT,notAvailable,female,16.5_day,embryonic,notAvailable
PROJ108,GSE252772,SAM0649,20220130-E16_5M,Mus musculus,GSM8006782,Kidney,kidney,UBERON:0002113,0,0,notAvailable,notAvailable,notAvailable,notAvailable,notAvailable,notAvailable,healthy,normal,PATO:0000461,notAvailable,WT,notAvailable,male,16.5_day,embryonic,notAvailable
PROJ108,GSE252772,SAM0650,GPAD-20210419-NMK3F2,Mus musculus,GSM8006784,Kidney,kidney,UBERON:0002113,0,0,notAvailable,notAvailable,notAvailable,notAvailable,notAvailable,notAvailable,healthy,normal,PATO:0000461,notAvailable,WT,notAvailable,female,3_week,notAvailable,notAvailable
PROJ108,GSE252772,SAM0651,GPAD-20210419-NMK3M2,Mus musculus,GSM8006786,Kidney,kidney,UBERON:0002113,0,0,notAvailable,notAvailable,notAvailable,notAvailable,notAvailable,notAvailable,healthy,normal,PATO:0000461,notAvailable,WT,notAvailable,male,3_week,notAvailable,notAvailable
PROJ108,GSE252772,SAM0652,GPAD-20210422-NMK52F1,Mus musculus,GSM8006788,Kidney,kidney,UBERON:0002113,0,0,notAvailable,notAvailable,notAvailable,notAvailable,notAvailable,notAvailable,healthy,normal,PATO:0000461,notAvailable,WT,notAvailable,female,52_week,notAvailable,notAvailable
PROJ108,GSE252772,SAM0653,GPAD-20210422-NMK52M1,Mus musculus,GSM8006790,Kidney,kidney,UBERON:0002113,0,0,notAvailable,notAvailable,notAvailable,notAvailable,notAvailable,notAvailable,healthy,normal,PATO:0000461,notAvailable,WT,notAvailable,male,52_week,notAvailable,notAvailable
PROJ108,GSE252772,SAM0654,GPAD-20210423-NMK12F2,Mus musculus,GSM8006792,Kidney,kidney,UBERON:0002113,0,0,notAvailable,notAvailable,notAvailable,notAvailable,notAvailable,notAvailable,healthy,normal,PATO:0000461,notAvailable,WT,notAvailable,female,12_week,notAvailable,notAvailable
PROJ108,GSE252772,SAM0655,GPAD-20210423-NMK12M2,Mus musculus,GSM8006794,Kidney,kidney,UBERON:0002113,0,0,notAvailable,notAvailable,notAvailable,notAvailable,notAvailable,notAvailable,healthy,normal,PATO:0000461,notAvailable,WT,notAvailable,male,12_week,notAvailable,notAvailable
PROJ108,GSE252772,SAM0656,GPAD-20220124-NMK92F2,Mus musculus,GSM8006796,Kidney,kidney,UBERON:0002113,0,0,notAvailable,notAvailable,notAvailable,notAvailable,notAvailable,notAvailable,healthy,normal,PATO:0000461,notAvailable,WT,notAvailable,female,92_week,notAvailable,notAvailable
PROJ108,GSE252772,SAM0657,GPAD-20220124-NMK92M1,Mus musculus,GSM8006798,Kidney,kidney,UBERON:0002113,0,0,notAvailable,notAvailable,notAvailable,notAvailable,notAvailable,notAvailable,healthy,normal,PATO:0000461,notAvailable,WT,notAvailable,male,92_week,notAvailable,notAvailable
PROJ109,GSE254290,SAM0658,WT,Mus musculus,GSM8037232,Fetal thymus,thymus,UBERON:0002370,0,0,notAvailable,notAvailable,notAvailable,Thymic cells,epithelial cell of thymus,CL:0002293,healthy,normal,PATO:0000461,notAvailable,C57BL6_control,notAvailable,notAvailable,15_day,fetal,notAvailable
PROJ109,GSE254290,SAM0659,dKO,Mus musculus,GSM8037234,Fetal thymus,thymus,UBERON:0002370,0,0,notAvailable,notAvailable,notAvailable,Thymic cells,epithelial cell of thymus,CL:0002293,healthy,normal,PATO:0000461,notAvailable,E47_KO_N1End_d,notAvailable,notAvailable,15_day,fetal,notAvailable
PROJ110,GSE255382,SAM0660,ko_GC111891,Mus musculus,GSM8070855,Cardiac left ventricle,heart left ventricle,UBERON:0002084,0,0,notAvailable,notAvailable,notAvailable,notAvailable,notAvailable,notAvailable,healthy,normal,PATO:0000461,notAvailable,PRDM16_KO,notAvailable,notAvailable,7_day,postnatal,notAvailable
PROJ110,GSE255382,SAM0661,wt_GC111890,Mus musculus,GSM8070854,Cardiac left ventricle,heart left ventricle,UBERON:0002084,0,0,notAvailable,notAvailable,notAvailable,notAvailable,notAvailable,notAvailable,healthy,normal,PATO:0000461,notAvailable,PRDM16_KO_control,notAvailable,notAvailable,7_day,postnatal,notAvailable
PROJ111,GSE255406,SAM0662,P6_SVZ_multiome,Mus musculus,GSM8072114,Brain,brain,UBERON:0000955,0,0,notAvailable,notAvailable,notAvailable,SVZ,notAvailable,notAvailable,healthy,normal,PATO:0000461,notAvailable,WT,notAvailable,notAvailable,6_day,postnatal,notAvailable
PROJ112,GSE255646,SAM0663,GSE255646,Homo sapiens,GSM8076531,Mesenchymal,mesenchyme,UBERON:0003104,0,0,notAvailable,notAvailable,notAvailable,mesenchymal stem cells,mesenchymal stem cell,CL:0000134,healthy,normal,PATO:0000461,notAvailable,WT,notAvailable,notAvailable,notAvailable,notAvailable,notAvailable
PROJ113,GSE256162,SAM0664,Hs66_multi,Homo sapiens,GSM8086745,Testis,testis,UBERON:0000473,0,0,notAvailable,notAvailable,notAvailable,notAvailable,notAvailable,notAvailable,tumor,testis seminoma,DOID:5842,notAvailable,notAvailable,Se3,notAvailable,notAvailable,notAvailable,Seminoma
PROJ113,GSE256162,SAM0665,HS57B_multi,Homo sapiens,GSM8086743,Testis,testis,UBERON:0000473,0,0,notAvailable,notAvailable,notAvailable,notAvailable,notAvailable,notAvailable,healthy,normal,PATO:0000461,notAvailable,notAvailable,Ht9,notAvailable,notAvailable,notAvailable,GW23w6d
PROJ114,GSE261013,SAM0666,Smarca5_KO,Mus musculus,GSM8132043,Lymph node,lymph node,UBERON:0000029,0,0,notAvailable,notAvailable,notAvailable,B cells,B cell,CL:0000236,healthy,normal,PATO:0000461,notAvailable,SMARCA5_KO,notAvailable,notAvailable,notAvailable,notAvailable,notAvailable
PROJ114,GSE261013,SAM0667,Smarca5_cntrl,Mus musculus,GSM8132044,Lymph node,lymph node,UBERON:0000029,0,0,notAvailable,notAvailable,notAvailable,B cells,B cell,CL:0000236,healthy,normal,PATO:0000461,notAvailable,control,notAvailable,notAvailable,notAvailable,notAvailable,notAvailable
PROJ115,GSE261023,SAM0668,Patient11_ACTP_multiome,Homo sapiens,GSM8132762,melanoma,skin of body,UBERON:0002097,0,0,notAvailable,notAvailable,notAvailable,T cell,T cell,CL:0000084,melanoma,melanoma,DOID:1909,notAvailable,notAvailable,patient11,notAvailable,notAvailable,notAvailable,Adoptive cell therapy
PROJ115,GSE261023,SAM0669,Patient8_ACTP_multiome,Homo sapiens,GSM8132761,melanoma,skin of body,UBERON:0002097,0,0,notAvailable,notAvailable,notAvailable,T cell,T cell,CL:0000084,melanoma,melanoma,DOID:1909,notAvailable,notAvailable,patient8,notAvailable,notAvailable,notAvailable,Adoptive cell therapy
PROJ115,GSE261023,SAM0670,Patient8_T0_multiome,Homo sapiens,GSM8132760,melanoma,skin of body,UBERON:0002097,0,0,notAvailable,notAvailable,notAvailable,T cell,T cell,CL:0000084,melanoma,melanoma,DOID:1909,notAvailable,notAvailable,patient8,notAvailable,notAvailable,notAvailable,Baseline Tumor
PROJ116,GSE261907,SAM0671,0dpa1,Danio rerio,GSM8153932,Caudal fin,caudal fin,UBERON:4000164,0,0,notAvailable,notAvailable,notAvailable,notAvailable,notAvailable,notAvailable,healthy,normal,PATO:0000461,notAvailable,sp7_EGFP_transgenic_reporter,notAvailable,notAvailable,notAvailable,notAvailable,0 days post-amputation
PROJ116,GSE261907,SAM0672,0dpa2,Danio rerio,GSM8153933,Caudal fin,caudal fin,UBERON:4000164,0,0,notAvailable,notAvailable,notAvailable,notAvailable,notAvailable,notAvailable,healthy,normal,PATO:0000461,notAvailable,sp7_EGFP_transgenic_reporter,notAvailable,notAvailable,notAvailable,notAvailable,0 days post-amputation
PROJ116,GSE261907,SAM0673,1dpa1,Danio rerio,GSM8153934,Caudal fin,caudal fin,UBERON:4000164,0,0,notAvailable,notAvailable,notAvailable,notAvailable,notAvailable,notAvailable,healthy,normal,PATO:0000461,notAvailable,sp7_EGFP_transgenic_reporter,notAvailable,notAvailable,notAvailable,notAvailable,1 days post-amputation
PROJ116,GSE261907,SAM0674,1dpa2,Danio rerio,GSM8153935,Caudal fin,caudal fin,UBERON:4000164,0,0,notAvailable,notAvailable,notAvailable,notAvailable,notAvailable,notAvailable,healthy,normal,PATO:0000461,notAvailable,sp7_EGFP_transgenic_reporter,notAvailable,notAvailable,notAvailable,notAvailable,1 days post-amputation
PROJ116,GSE261907,SAM0675,2dpa1,Danio rerio,GSM8153936,Caudal fin,caudal fin,UBERON:4000164,0,0,notAvailable,notAvailable,notAvailable,notAvailable,notAvailable,notAvailable,healthy,normal,PATO:0000461,notAvailable,sp7_EGFP_transgenic_reporter,notAvailable,notAvailable,notAvailable,notAvailable,2 days post-amputation
PROJ116,GSE261907,SAM0676,2dpa2,Danio rerio,GSM8153937,Caudal fin,caudal fin,UBERON:4000164,0,0,notAvailable,notAvailable,notAvailable,notAvailable,notAvailable,notAvailable,healthy,normal,PATO:0000461,notAvailable,sp7_EGFP_transgenic_reporter,notAvailable,notAvailable,notAvailable,notAvailable,2 days post-amputation
PROJ116,GSE261907,SAM0677,4dpa1,Danio rerio,GSM8153938,Caudal fin,caudal fin,UBERON:4000164,0,0,notAvailable,notAvailable,notAvailable,notAvailable,notAvailable,notAvailable,healthy,normal,PATO:0000461,notAvailable,sp7_EGFP_transgenic_reporter,notAvailable,notAvailable,notAvailable,notAvailable,2 days post-amputation
PROJ116,GSE261907,SAM0678,4dpa2,Danio rerio,GSM8153939,Caudal fin,caudal fin,UBERON:4000164,0,0,notAvailable,notAvailable,notAvailable,notAvailable,notAvailable,notAvailable,healthy,normal,PATO:0000461,notAvailable,sp7_EGFP_transgenic_reporter,notAvailable,notAvailable,notAvailable,notAvailable,2 days post-amputation
PROJ116,GSE261907,SAM0679,6dpa1,Danio rerio,GSM8153940,Caudal fin,caudal fin,UBERON:4000164,0,0,notAvailable,notAvailable,notAvailable,notAvailable,notAvailable,notAvailable,healthy,normal,PATO:0000461,notAvailable,sp7_EGFP_transgenic_reporter,notAvailable,notAvailable,notAvailable,notAvailable,6 days post-amputation
PROJ116,GSE261907,SAM0680,6dpa2,Danio rerio,GSM8153941,Caudal fin,caudal fin,UBERON:4000164,0,0,notAvailable,notAvailable,notAvailable,notAvailable,notAvailable,notAvailable,healthy,normal,PATO:0000461,notAvailable,sp7_EGFP_transgenic_reporter,notAvailable,notAvailable,notAvailable,notAvailable,6 days post-amputation
PROJ117,GSE262189,SAM0681,Be2c,Homo sapiens,GSM8159270,Neuroblastoma tumor,bone marrow,UBERON:0002371,0,1,Be2c,SK-N-BE(2)-C,CVCL_0529,Tumor cells,notAvailable,notAvailable,neuroblastoma,neuroblastoma,DOID:769,notAvailable,notAvailable,notAvailable,notAvailable,notAvailable,notAvailable,notAvailable
PROJ117,GSE262189,SAM0682,SHSY5Y,Homo sapiens,GSM8159274,Neuroblastoma tumor,bone marrow,UBERON:0002371,0,1,SHSY5Y,SH-SY5Y,CVCL_0019,Tumor cells,notAvailable,notAvailable,neuroblastoma,neuroblastoma,DOID:769,notAvailable,notAvailable,notAvailable,notAvailable,notAvailable,notAvailable,notAvailable
PROJ117,GSE262189,SAM0683,SK.N.AS,Homo sapiens,GSM8159276,Neuroblastoma tumor,bone marrow,UBERON:0002371,0,1,SK.N.AS,SK-N-AS,CVCL_1700,Tumor cells,notAvailable,notAvailable,neuroblastoma,neuroblastoma,DOID:769,notAvailable,notAvailable,notAvailable,notAvailable,notAvailable,notAvailable,notAvailable
PROJ117,GSE262189,SAM0684,SK.N.DZ,Homo sapiens,GSM8159278,Neuroblastoma tumor,bone marrow,UBERON:0002371,0,1,SK.N.DZ,SK-N-DZ,CVCL_1701,Tumor cells,notAvailable,notAvailable,neuroblastoma,neuroblastoma,DOID:769,notAvailable,notAvailable,notAvailable,notAvailable,notAvailable,notAvailable,notAvailable
PROJ117,GSE262189,SAM0685,SK.N.SH,Homo sapiens,GSM8159280,Neuroblastoma tumor,bone marrow,UBERON:0002371,0,1,SK.N.SH,SK-N-SH,CVCL_0531,Tumor cells,notAvailable,notAvailable,neuroblastoma,neuroblastoma,DOID:769,notAvailable,notAvailable,notAvailable,notAvailable,notAvailable,notAvailable,notAvailable
PROJ117,GSE262189,SAM0686,CHP134,Homo sapiens,GSM8159272,Neuroblastoma tumor,bone marrow,UBERON:0002371,0,1,CHP134,CHP-134,CVCL_1124,Tumor cells,notAvailable,notAvailable,neuroblastoma,neuroblastoma,DOID:769,notAvailable,notAvailable,notAvailable,notAvailable,notAvailable,notAvailable,notAvailable
PROJ118,GSE262477,SAM0687,CD300c_Cre_R26_Tom_BM_001,Mus musculus,GSM8170365,BM,bone marrow,UBERON:0002371,0,0,notAvailable,notAvailable,notAvailable,progenitor cell,progenitor cell,CL:0011026,healthy,normal,PATO:0000461,notAvailable,CD300c_iCre_hCD2_ROSA26_tdTomato_reporter,notAvailable,notAvailable,notAvailable,notAvailable,notAvailable
PROJ118,GSE262477,SAM0688,CD300c_Cre_R26_Tom_BM_002,Mus musculus,GSM8170367,BM,bone marrow,UBERON:0002371,0,0,notAvailable,notAvailable,notAvailable,progenitor cell,progenitor cell,CL:0011026,healthy,normal,PATO:0000461,notAvailable,CD300c_iCre_hCD2_ROSA26_tdTomato_reporter,notAvailable,notAvailable,notAvailable,notAvailable,notAvailable
PROJ118,GSE262477,SAM0689,CD300c_Cre_R26_Tom_BM_003,Mus musculus,GSM8170369,BM,bone marrow,UBERON:0002371,0,0,notAvailable,notAvailable,notAvailable,progenitor cell,progenitor cell,CL:0011026,healthy,normal,PATO:0000461,notAvailable,CD300c_iCre_hCD2_ROSA26_tdTomato_reporter,notAvailable,notAvailable,notAvailable,notAvailable,notAvailable
PROJ119,GSE262784,SAM0690,2,Mus musculus,GSM8178868,bone marrow,bone marrow,UBERON:0002371,0,0,notAvailable,notAvailable,notAvailable,hematopoietic stem cell,hematopoietic stem cell,CL:0000037,healthy,normal,PATO:0000461,notAvailable,mitoDendra2_reporter,notAvailable,notAvailable,7-17_week,notAvailable,mitoDendra2 High
PROJ119,GSE262784,SAM0691,3,Mus musculus,GSM8178869,bone marrow,bone marrow,UBERON:0002371,0,0,notAvailable,notAvailable,notAvailable,hematopoietic stem cell,hematopoietic stem cell,CL:0000037,healthy,normal,PATO:0000461,notAvailable,mitoDendra2_reporter,notAvailable,notAvailable,70_week,notAvailable,mitoDendra2 Low
PROJ119,GSE262784,SAM0692,1,Mus musculus,GSM8178867,bone marrow,bone marrow,UBERON:0002371,0,0,notAvailable,notAvailable,notAvailable,hematopoietic stem cell,hematopoietic stem cell,CL:0000037,healthy,normal,PATO:0000461,notAvailable,mitoDendra2_reporter,notAvailable,notAvailable,7-17_week,notAvailable,mitoDendra2 Low
PROJ119,GSE262784,SAM0693,4,Mus musculus,GSM8178870,bone marrow,bone marrow,UBERON:0002371,0,0,notAvailable,notAvailable,notAvailable,hematopoietic stem cell,hematopoietic stem cell,CL:0000037,healthy,normal,PATO:0000461,notAvailable,mitoDendra2_reporter,notAvailable,notAvailable,70_week,notAvailable,mitoDendra2 High
PROJ120,GSE263130,SAM0694,multiome_O2_D1,Homo sapiens,GSM8186262,SC-islets,islet of Langerhans,UBERON:0000006,1,1,HUES8,HUES 8,CVCL_B207,embryonic stem cell,embryonic stem cell,CL:0002322,healthy,normal,PATO:0000461,notAvailable,notAvailable,notAvailable,notAvailable,1_day,notAvailable,notAvailable
PROJ120,GSE263130,SAM0695,multiome_O2_D5,Homo sapiens,GSM8186260,SC-islets,islet of Langerhans,UBERON:0000006,1,1,HUES8,HUES 8,CVCL_B207,embryonic stem cell,embryonic stem cell,CL:0002322,healthy,normal,PATO:0000461,notAvailable,notAvailable,notAvailable,notAvailable,5_day,notAvailable,notAvailable
PROJ120,GSE263130,SAM0696,multiome_O21_D1,Homo sapiens,GSM8186265,SC-islets,islet of Langerhans,UBERON:0000006,1,1,HUES8,HUES 8,CVCL_B207,embryonic stem cell,embryonic stem cell,CL:0002322,healthy,normal,PATO:0000461,notAvailable,notAvailable,notAvailable,notAvailable,1_day,notAvailable,notAvailable
PROJ121,GSE263178,SAM0697,sample1,Homo sapiens,GSM8187204,MM1S + HS5 cells,bone marrow,UBERON:0002371,0,1,"MM1S, HS5","MM1.S, HS-5","CVCL_8792, CVCL_3720",plasma cell,plasma cell,CL:0000786,multiple myeloma,multiple myeloma,DOID:9538,coculture_72h,notAvailable,notAvailable,notAvailable,notAvailable,notAvailable,notAvailable
PROJ122,GSE263361,SAM0698,RS03060,Mus musculus,GSM8190248,primary,cerebellum,UBERON:0002037,0,0,notAvailable,notAvailable,notAvailable,medulloblastoma,notAvailable,notAvailable,medulloblastoma,medulloblastoma,DOID:0050902,notAvailable,WT,notAvailable,notAvailable,notAvailable,adult,notAvailable
PROJ123,GSE264518,SAM0699,RWPE2R2e,Homo sapiens,GSM8219399,Prostate,prostate gland,UBERON:0002367,0,1,RWPE2,RWPE-2,CVCL_3792,Human Prostate Cancer Cells,epithelial cell of prostate,CL:0002231,prostate adenocarcinoma,prostate adenocarcinoma,DOID:2526,notAvailable,notAvailable,notAvailable,notAvailable,notAvailable,notAvailable,notAvailable
PROJ123,GSE264518,SAM0700,22Rv1-DHTe,Homo sapiens,GSM8219403,Prostate,prostate gland,UBERON:0002367,0,1,22Rv1,22Rv1,CVCL_1045,Human Prostate Cancer Cells,epithelial cell of prostate,CL:0002231,prostate adenocarcinoma,prostate adenocarcinoma,DOID:2526,notAvailable,notAvailable,notAvailable,notAvailable,notAvailable,notAvailable,notAvailable
PROJ123,GSE264518,SAM0701,BPH1e,Homo sapiens,GSM8219387,Prostate,prostate gland,UBERON:0002367,0,1,BPH1,BPH-1,CVCL_1091,Human Prostate Cancer Cells,epithelial cell of prostate,CL:0002231,prostate adenocarcinoma,prostate adenocarcinoma,DOID:2526,notAvailable,notAvailable,notAvailable,notAvailable,notAvailable,notAvailable,notAvailable
PROJ123,GSE264518,SAM0702,RWPE1R1e,Homo sapiens,GSM8219393,Prostate,prostate gland,UBERON:0002367,0,1,RWPE1,RWPE1,CVCL_3791,Human Prostate Cancer Cells,epithelial cell of prostate,CL:0002231,prostate adenocarcinoma,prostate adenocarcinoma,DOID:2526,notAvailable,notAvailable,notAvailable,notAvailable,notAvailable,notAvailable,notAvailable
PROJ123,GSE264518,SAM0703,PrECe,Homo sapiens,GSM8219385,Prostate,prostate gland,UBERON:0002367,0,1,PrEC,NPrEC,CVCL_0061,Human Prostate Cancer Cells,epithelial cell of prostate,CL:0002231,prostate adenocarcinoma,prostate adenocarcinoma,DOID:2526,notAvailable,notAvailable,notAvailable,notAvailable,notAvailable,notAvailable,notAvailable
PROJ123,GSE264518,SAM0704,RWPE1R1,Homo sapiens,GSM8219417,Prostate,prostate gland,UBERON:0002367,0,1,RWPE1,RWPE-1,CVCL_3791,Human Prostate Cancer Cells,epithelial cell of prostate,CL:0002231,prostate adenocarcinoma,prostate adenocarcinoma,DOID:2526,notAvailable,notAvailable,notAvailable,notAvailable,notAvailable,notAvailable,notAvailable
PROJ123,GSE264518,SAM0705,PrEC,Homo sapiens,GSM8219409,Prostate,prostate gland,UBERON:0002367,0,1,PrEC,NPrEC,CVCL_0061,Human Prostate Cancer Cells,epithelial cell of prostate,CL:0002231,prostate adenocarcinoma,prostate adenocarcinoma,DOID:2526,notAvailable,notAvailable,notAvailable,notAvailable,notAvailable,notAvailable,notAvailable
PROJ123,GSE264518,SAM0706,RWPE2R1e,Homo sapiens,GSM8219397,Prostate,prostate gland,UBERON:0002367,0,1,RWPE2,RWPE-2,CVCL_3792,Human Prostate Cancer Cells,epithelial cell of prostate,CL:0002231,prostate adenocarcinoma,prostate adenocarcinoma,DOID:2526,notAvailable,notAvailable,notAvailable,notAvailable,notAvailable,notAvailable,notAvailable
PROJ123,GSE264518,SAM0707,RWPE2R1,Homo sapiens,GSM8219421,Prostate,prostate gland,UBERON:0002367,0,1,RWPE2,RWPE-2,CVCL_3792,Human Prostate Cancer Cells,epithelial cell of prostate,CL:0002231,prostate adenocarcinoma,prostate adenocarcinoma,DOID:2526,notAvailable,notAvailable,notAvailable,notAvailable,notAvailable,notAvailable,notAvailable
PROJ123,GSE264518,SAM0708,22Rv1-Methanole,Homo sapiens,GSM8219401,Prostate,prostate gland,UBERON:0002367,0,1,22Rv1,22Rv1,CVCL_1045,Human Prostate Cancer Cells,epithelial cell of prostate,CL:0002231,prostate adenocarcinoma,prostate adenocarcinoma,DOID:2526,notAvailable,notAvailable,notAvailable,notAvailable,notAvailable,notAvailable,notAvailable
PROJ123,GSE264518,SAM0709,RWPE1R2e,Homo sapiens,GSM8219395,Prostate,prostate gland,UBERON:0002367,0,1,RWPE1,RWPE-1,CVCL_3791,Human Prostate Cancer Cells,epithelial cell of prostate,CL:0002231,prostate adenocarcinoma,prostate adenocarcinoma,DOID:2526,notAvailable,notAvailable,notAvailable,notAvailable,notAvailable,notAvailable,notAvailable
PROJ123,GSE264518,SAM0710,RWPE2R2,Homo sapiens,GSM8219423,Prostate,prostate gland,UBERON:0002367,0,1,RWPE2,RWPE-2,CVCL_3792,Human Prostate Cancer Cells,epithelial cell of prostate,CL:0002231,prostate adenocarcinoma,prostate adenocarcinoma,DOID:2526,notAvailable,notAvailable,notAvailable,notAvailable,notAvailable,notAvailable,notAvailable
PROJ123,GSE264518,SAM0711,22Rv1-Methanol,Homo sapiens,GSM8219425,Prostate,prostate gland,UBERON:0002367,0,1,22Rv1,22Rv1,CVCL_1045,Human Prostate Cancer Cells,epithelial cell of prostate,CL:0002231,prostate adenocarcinoma,prostate adenocarcinoma,DOID:2526,notAvailable,notAvailable,notAvailable,notAvailable,notAvailable,notAvailable,notAvailable
PROJ123,GSE264518,SAM0712,LNCaP-DHTe,Homo sapiens,GSM8219407,Prostate,prostate gland,UBERON:0002367,0,1,LNCaP,LNCaP,CVCL_0395,Human Prostate Cancer Cells,epithelial cell of prostate,CL:0002231,prostate adenocarcinoma,prostate adenocarcinoma,DOID:2526,notAvailable,notAvailable,notAvailable,notAvailable,notAvailable,notAvailable,notAvailable
PROJ123,GSE264518,SAM0713,PC3e,Homo sapiens,GSM8219391,Prostate,prostate gland,UBERON:0002367,0,1,PC3,PC-3,CVCL_0035,Human Prostate Cancer Cells,epithelial cell of prostate,CL:0002231,prostate adenocarcinoma,prostate adenocarcinoma,DOID:2526,notAvailable,notAvailable,notAvailable,notAvailable,notAvailable,notAvailable,notAvailable
PROJ123,GSE264518,SAM0714,LNCaP-Methanole,Homo sapiens,GSM8219405,Prostate,prostate gland,UBERON:0002367,0,1,LNCaP,LNCaP,CVCL_0395,Human Prostate Cancer Cells,epithelial cell of prostate,CL:0002231,prostate adenocarcinoma,prostate adenocarcinoma,DOID:2526,notAvailable,notAvailable,notAvailable,notAvailable,notAvailable,notAvailable,notAvailable
PROJ123,GSE264518,SAM0715,DU145e,Homo sapiens,GSM8219389,Prostate,prostate gland,UBERON:0002367,0,1,DU145,DU145,CVCL_0105,Human Prostate Cancer Cells,epithelial cell of prostate,CL:0002231,prostate adenocarcinoma,prostate adenocarcinoma,DOID:2526,notAvailable,notAvailable,notAvailable,notAvailable,notAvailable,notAvailable,notAvailable
PROJ123,GSE264518,SAM0716,PC3,Homo sapiens,GSM8219415,Prostate,prostate gland,UBERON:0002367,0,1,PC3,PC-3,CVCL_0035,Human Prostate Cancer Cells,epithelial cell of prostate,CL:0002231,prostate adenocarcinoma,prostate adenocarcinoma,DOID:2526,notAvailable,notAvailable,notAvailable,notAvailable,notAvailable,notAvailable,notAvailable
PROJ123,GSE264518,SAM0717,RWPE1R2,Homo sapiens,GSM8219419,Prostate,prostate gland,UBERON:0002367,0,1,RWPE1,RWPE-1,CVCL_3791,Human Prostate Cancer Cells,epithelial cell of prostate,CL:0002231,prostate adenocarcinoma,prostate adenocarcinoma,DOID:2526,notAvailable,notAvailable,notAvailable,notAvailable,notAvailable,notAvailable,notAvailable
PROJ123,GSE264518,SAM0718,DU145,Homo sapiens,GSM8219413,Prostate,prostate gland,UBERON:0002367,0,1,DU145,DU145,CVCL_0105,Human Prostate Cancer Cells,epithelial cell of prostate,CL:0002231,prostate adenocarcinoma,prostate adenocarcinoma,DOID:2526,notAvailable,notAvailable,notAvailable,notAvailable,notAvailable,notAvailable,notAvailable
PROJ123,GSE264518,SAM0719,BPH1,Homo sapiens,GSM8219411,Prostate,prostate gland,UBERON:0002367,0,1,BPH1,BPH-1,CVCL_1091,Human Prostate Cancer Cells,epithelial cell of prostate,CL:0002231,prostate adenocarcinoma,prostate adenocarcinoma,DOID:2526,notAvailable,notAvailable,notAvailable,notAvailable,notAvailable,notAvailable,notAvailable
PROJ123,GSE264518,SAM0720,22Rv1-DHT,Homo sapiens,GSM8219427,Prostate,prostate gland,UBERON:0002367,0,1,22Rv1,22Rv1,CVCL_1045,Human Prostate Cancer Cells,epithelial cell of prostate,CL:0002231,prostate adenocarcinoma,prostate adenocarcinoma,DOID:2526,notAvailable,notAvailable,notAvailable,notAvailable,notAvailable,notAvailable,notAvailable
PROJ123,GSE264518,SAM0721,LNCaP-Methanol,Homo sapiens,GSM8219429,Prostate,prostate gland,UBERON:0002367,0,1,LNCaP,LNCaP,CVCL_0395,Human Prostate Cancer Cells,epithelial cell of prostate,CL:0002231,prostate adenocarcinoma,prostate adenocarcinoma,DOID:2526,notAvailable,notAvailable,notAvailable,notAvailable,notAvailable,notAvailable,notAvailable
PROJ123,GSE264518,SAM0722,LNCaP-DHT,Homo sapiens,GSM8219431,Prostate,prostate gland,UBERON:0002367,0,1,LNCaP,LNCaP,CVCL_0395,Human Prostate Cancer Cells,epithelial cell of prostate,CL:0002231,prostate adenocarcinoma,prostate adenocarcinoma,DOID:2526,notAvailable,notAvailable,notAvailable,notAvailable,notAvailable,notAvailable,notAvailable
PROJ124,GSE264623,SAM0723,scmultiome,Gallus gallus,GSM8224152,Lung,lung,UBERON:0002048,0,0,notAvailable,notAvailable,notAvailable,all lung cells,notAvailable,notAvailable,healthy,normal,PATO:0000461,notAvailable,notAvailable,notAvailable,notAvailable,13_day,embryonic,notAvailable
PROJ125,GSE266225,SAM0724,liver_8wPC_JVG29,Mus musculus,GSM8242586,Liver,liver,UBERON:0002107,0,0,notAvailable,notAvailable,notAvailable,infected with Trypanosoma brucei brucei,Infection by Trypanosoma brucei brucei,SNOMED:442259005,normal,normal,PATO:0000461,melarsoprol_treatment,Flt3_Cre_ROSA26_YFP_reporter,notAvailable,notAvailable,notAvailable,notAvailable,notAvailable
PROJ125,GSE266225,SAM0725,liver_naive_JVG28,Mus musculus,GSM8242584,Liver,liver,UBERON:0002107,0,0,notAvailable,notAvailable,notAvailable,infected with Trypanosoma brucei brucei,Infection by Trypanosoma brucei brucei,SNOMED:442259005,normal,normal,PATO:0000461,post_melarsoprol_8w,Flt3_Cre_ROSA26_YFP_reporter,notAvailable,notAvailable,notAvailable,notAvailable,notAvailable
PROJ126,GSE267099,SAM0726,day4pDC,Homo sapiens,GSM8259950,Blood,blood,UBERON:0000178,0,0,notAvailable,notAvailable,notAvailable,plasmacytoid dendritic cell,plasmacytoid dendritic cell,CL:0000784,healthy,normal,PATO:0000461,IL3_CD40L_stimulation_4d,notAvailable,notAvailable,notAvailable,notAvailable,notAvailable,notAvailable
PROJ127,GSE267100,SAM0727,PanDC,Homo sapiens,GSM8259952,Blood,blood,UBERON:0000178,0,0,notAvailable,notAvailable,notAvailable,dendritic cell,dendritic cell,CL:0000451,healthy,normal,PATO:0000461,notAvailable,notAvailable,notAvailable,notAvailable,notAvailable,notAvailable,notAvailable
PROJ128,GSE267174,SAM0728,GSE267174,Homo sapiens,GSM8261840,Blood,blood,UBERON:0000178,0,0,notAvailable,notAvailable,notAvailable,plasmacytoid dendritic cell,plasmacytoid dendritic cell,CL:0000784,healthy,normal,PATO:0000461,notAvailable,notAvailable,notAvailable,notAvailable,notAvailable,notAvailable,notAvailable
PROJ129,GSE267585,SAM0729,LKO,Mus musculus,GSM8269413,liver,liver,UBERON:0002107,0,0,notAvailable,notAvailable,notAvailable,notAvailable,notAvailable,notAvailable,normal,normal,PATO:0000461,notAvailable,MATR3_liver_specific_KO,notAvailable,female,notAvailable,notAvailable,notAvailable
PROJ129,GSE267585,SAM0730,floxed,Mus musculus,GSM8269411,liver,liver,UBERON:0002107,0,0,notAvailable,notAvailable,notAvailable,notAvailable,notAvailable,notAvailable,normal,normal,PATO:0000461,notAvailable,floxed_unspecified,notAvailable,female,notAvailable,notAvailable,notAvailable
PROJ130,GSE267917,SAM0731,Multiome_WT1,Mus musculus,GSM8281581,Small intestine lamina propria,lamina propria of small intestine,UBERON:0001238,0,0,notAvailable,notAvailable,notAvailable,"CD45+ Lin-(CD3/5/19, KLRG1+) CD127+Thy1.2+",group 2 innate lymphoid cell,CL:0001069,healthy,normal,PATO:0000461,notAvailable,WT,notAvailable,notAvailable,8-12_week,adult,notAvailable
PROJ130,GSE267917,SAM0732,Multiome_KO1N,Mus musculus,GSM8281584,Small intestine lamina propria,lamina propria of small intestine,UBERON:0001238,0,0,notAvailable,notAvailable,notAvailable,"CD45+ Lin-(CD3/5/19, KLRG1+) CD127+Thy1.2+",group 2 innate lymphoid cell,CL:0001069,healthy,normal,PATO:0000461,notAvailable,NR1D1_NR1D2_cKO_Vav1_Cre,notAvailable,notAvailable,8-12_week,adult,notAvailable
PROJ130,GSE267917,SAM0733,Multiome_KO2,Mus musculus,GSM8281585,Small intestine lamina propria,lamina propria of small intestine,UBERON:0001238,0,0,notAvailable,notAvailable,notAvailable,"CD45+ Lin-(CD3/5/19, KLRG1+) CD127+Thy1.2+",group 2 innate lymphoid cell,CL:0001069,healthy,normal,PATO:0000461,notAvailable,NR1D1_NR1D2_cKO_Vav1_Cre,notAvailable,notAvailable,8-12_week,adult,notAvailable
PROJ130,GSE267917,SAM0734,Multiome_KO3,Mus musculus,GSM8281586,Small intestine lamina propria,lamina propria of small intestine,UBERON:0001238,0,0,notAvailable,notAvailable,notAvailable,"CD45+ Lin-(CD3/5/19, KLRG1+) CD127+Thy1.2+",group 2 innate lymphoid cell,CL:0001069,healthy,normal,PATO:0000461,notAvailable,NR1D1_NR1D2_cKO_Vav1_Cre,notAvailable,notAvailable,8-12_week,adult,notAvailable
PROJ130,GSE267917,SAM0735,Multiome_WT3,Mus musculus,GSM8281583,Small intestine lamina propria,lamina propria of small intestine,UBERON:0001238,0,0,notAvailable,notAvailable,notAvailable,"CD45+ Lin-(CD3/5/19, KLRG1+) CD127+Thy1.2+",group 2 innate lymphoid cell,CL:0001069,healthy,normal,PATO:0000461,notAvailable,WT,notAvailable,notAvailable,8-12_week,adult,notAvailable
PROJ130,GSE267917,SAM0736,Multiome_WT2N,Mus musculus,GSM8281582,Small intestine lamina propria,lamina propria of small intestine,UBERON:0001238,0,0,notAvailable,notAvailable,notAvailable,"CD45+ Lin-(CD3/5/19, KLRG1+) CD127+Thy1.2+",group 2 innate lymphoid cell,CL:0001069,healthy,normal,PATO:0000461,notAvailable,WT,notAvailable,notAvailable,8-12_week,adult,notAvailable
PROJ131,GSE267982,SAM0737,OE1,Mus musculus,GSM8282886,liver,liver,UBERON:0002107,0,0,notAvailable,notAvailable,notAvailable,notAvailable,notAvailable,notAvailable,normal,normal,PATO:0000461,notAvailable,AAV8_sgPLXNB2_OE_EF1a_EGFP,notAvailable,notAvailable,notAvailable,notAvailable,notAvailable
PROJ131,GSE267982,SAM0738,NT1,Mus musculus,GSM8282888,liver,liver,UBERON:0002107,0,0,notAvailable,notAvailable,notAvailable,notAvailable,notAvailable,notAvailable,normal,normal,PATO:0000461,notAvailable,AAV8_sgNT_control_EF1a_EGFP,notAvailable,notAvailable,notAvailable,notAvailable,notAvailable
PROJ131,GSE267982,SAM0739,NT2,Mus musculus,GSM8282892,liver,liver,UBERON:0002107,0,0,notAvailable,notAvailable,notAvailable,notAvailable,notAvailable,notAvailable,normal,normal,PATO:0000461,notAvailable,AAV8_sgNT_control_EF1a_EGFP,notAvailable,notAvailable,notAvailable,notAvailable,notAvailable
PROJ131,GSE267982,SAM0740,OE2,Mus musculus,GSM8282890,liver,liver,UBERON:0002107,0,0,notAvailable,notAvailable,notAvailable,notAvailable,notAvailable,notAvailable,normal,normal,PATO:0000461,notAvailable,AAV8_sgPLXNB2_OE_EF1a_EGFP,notAvailable,notAvailable,notAvailable,notAvailable,notAvailable
PROJ132,GSE268104,SAM0741,Multiome5merge,Mus musculus,GSM8285853,testis,testis,UBERON:0000473,0,0,notAvailable,notAvailable,notAvailable,notAvailable,notAvailable,notAvailable,healthy,normal,PATO:0000461,notAvailable,WT,notAvailable,notAvailable,notAvailable,notAvailable,unselected
PROJ132,GSE268104,SAM0742,multiomeC57B,Mus musculus,GSM8285857,testis,testis,UBERON:0000473,0,0,notAvailable,notAvailable,notAvailable,notAvailable,notAvailable,notAvailable,healthy,normal,PATO:0000461,notAvailable,WT,notAvailable,notAvailable,notAvailable,notAvailable,unselected
PROJ132,GSE268104,SAM0743,multiomeC57Eepcam,Mus musculus,GSM8285863,testis,testis,UBERON:0000473,0,0,notAvailable,notAvailable,notAvailable,notAvailable,notAvailable,notAvailable,healthy,normal,PATO:0000461,notAvailable,WT,notAvailable,notAvailable,notAvailable,notAvailable,unselected
PROJ132,GSE268104,SAM0744,multiomeC57Depcam,Mus musculus,GSM8285861,testis,testis,UBERON:0000473,0,0,notAvailable,notAvailable,notAvailable,notAvailable,notAvailable,notAvailable,healthy,normal,PATO:0000461,notAvailable,WT,notAvailable,notAvailable,notAvailable,notAvailable,EpCAM+
PROJ132,GSE268104,SAM0745,multiomeC57A,Mus musculus,GSM8285855,testis,testis,UBERON:0000473,0,0,notAvailable,notAvailable,notAvailable,notAvailable,notAvailable,notAvailable,healthy,normal,PATO:0000461,notAvailable,WT,notAvailable,notAvailable,notAvailable,notAvailable,unselected
PROJ132,GSE268104,SAM0746,multiomeC57Cepcam,Mus musculus,GSM8285859,testis,testis,UBERON:0000473,0,0,notAvailable,notAvailable,notAvailable,notAvailable,notAvailable,notAvailable,healthy,normal,PATO:0000461,notAvailable,WT,notAvailable,notAvailable,notAvailable,notAvailable,EpCAM+
PROJ132,GSE268104,SAM0747,multiomeC57Eunselected,Mus musculus,GSM8285865,testis,testis,UBERON:0000473,0,0,notAvailable,notAvailable,notAvailable,notAvailable,notAvailable,notAvailable,healthy,normal,PATO:0000461,notAvailable,WT,notAvailable,notAvailable,notAvailable,notAvailable,EpCAM+
PROJ133,GSE268179,SAM0748,TH182,Danio rerio,GSM8287442,Eye,eye,UBERON:0000970,0,0,notAvailable,notAvailable,notAvailable,retina,retinal cell,CL:0009004,healthy,normal,PATO:0000461,no_metronidazole_control,WT,notAvailable,notAvailable,5_day,larva,notAvailable
PROJ133,GSE268179,SAM0749,JM_C,Danio rerio,GSM8287446,Eye,eye,UBERON:0000970,0,0,notAvailable,notAvailable,notAvailable,retina,retinal cell,CL:0009004,healthy,normal,PATO:0000461,metronidazole_treatment,WT,notAvailable,notAvailable,7_day,larva,notAvailable
PROJ133,GSE268179,SAM0750,JM_M,Danio rerio,GSM8287448,Eye,eye,UBERON:0000970,0,0,notAvailable,notAvailable,notAvailable,retina,retinal cell,CL:0009004,healthy,normal,PATO:0000461,metronidazole_treatment,ascl1a_KO,notAvailable,notAvailable,7_day,larva,notAvailable
PROJ134,GSE268494,SAM0751,060222-200_N,Mus musculus,GSM8291985,Kidney,kidney,UBERON:0002113,0,0,notAvailable,notAvailable,notAvailable,notAvailable,notAvailable,notAvailable,Polycystic Kidney Disease,polycystic kidney disease,DOID:0080322,notAvailable,PKD1_neo_Pax8_TetO_Cre_positive,notAvailable,notAvailable,notAvailable,notAvailable,notAvailable
PROJ134,GSE268494,SAM0752,092921-2_D,Mus musculus,GSM8291976,Kidney,kidney,UBERON:0002113,0,0,notAvailable,notAvailable,notAvailable,notAvailable,notAvailable,notAvailable,healthy,normal,PATO:0000461,notAvailable,PKD1_neo_Pax8_negative_TetO_Cre_positive,notAvailable,notAvailable,notAvailable,notAvailable,notAvailable
PROJ134,GSE268494,SAM0753,060122-4_F,Mus musculus,GSM8291978,Kidney,kidney,UBERON:0002113,0,0,notAvailable,notAvailable,notAvailable,notAvailable,notAvailable,notAvailable,Polycystic Kidney Disease,polycystic kidney disease,DOID:0080322,notAvailable,PKD1_neo_Pax8_positive_TetO_Cre_positive,notAvailable,notAvailable,notAvailable,notAvailable,notAvailable
PROJ134,GSE268494,SAM0754,060222-400_J,Mus musculus,GSM8291986,Kidney,kidney,UBERON:0002113,0,0,notAvailable,notAvailable,notAvailable,notAvailable,notAvailable,notAvailable,healthy,normal,PATO:0000461,notAvailable,PKD1_neo_Pax8_positive_TetO_Cre_negative,notAvailable,notAvailable,notAvailable,notAvailable,notAvailable
PROJ134,GSE268494,SAM0755,071422-100_L,Mus musculus,GSM8291988,Kidney,kidney,UBERON:0002113,0,0,notAvailable,notAvailable,notAvailable,notAvailable,notAvailable,notAvailable,healthy,normal,PATO:0000461,notAvailable,PKD1_neo_Pax8_positive_TetO_Cre_negative,notAvailable,notAvailable,notAvailable,notAvailable,notAvailable
PROJ134,GSE268494,SAM0756,092121-400_B,Mus musculus,GSM8291974,Kidney,kidney,UBERON:0002113,0,0,notAvailable,notAvailable,notAvailable,notAvailable,notAvailable,notAvailable,Polycystic Kidney Disease,polycystic kidney disease,DOID:0080322,notAvailable,PKD1_neo_Pax8_positive_TetO_Cre_positive,notAvailable,notAvailable,notAvailable,notAvailable,notAvailable
PROJ134,GSE268494,SAM0757,060122-7_G,Mus musculus,GSM8291979,Kidney,kidney,UBERON:0002113,0,0,notAvailable,notAvailable,notAvailable,notAvailable,notAvailable,notAvailable,healthy,normal,PATO:0000461,notAvailable,PKD1_neo_Pax8_positive_TetO_Cre_negative,notAvailable,notAvailable,notAvailable,notAvailable,notAvailable
PROJ134,GSE268494,SAM0758,060222-100_M,Mus musculus,GSM8291984,Kidney,kidney,UBERON:0002113,0,0,notAvailable,notAvailable,notAvailable,notAvailable,notAvailable,notAvailable,Polycystic Kidney Disease,polycystic kidney disease,DOID:0080322,notAvailable,PKD1_neo_Pax8_TetO_Cre_positive,notAvailable,notAvailable,notAvailable,notAvailable,notAvailable
PROJ134,GSE268494,SAM0759,060122-10_H,Mus musculus,GSM8291980,Kidney,kidney,UBERON:0002113,0,0,notAvailable,notAvailable,notAvailable,notAvailable,notAvailable,notAvailable,Polycystic Kidney Disease,polycystic kidney disease,DOID:0080322,notAvailable,PKD1_neo_Pax8_positive_TetO_Cre_positive,notAvailable,notAvailable,notAvailable,notAvailable,notAvailable
PROJ134,GSE268494,SAM0760,060122-40_P,Mus musculus,GSM8291982,Kidney,kidney,UBERON:0002113,0,0,notAvailable,notAvailable,notAvailable,notAvailable,notAvailable,notAvailable,Polycystic Kidney Disease,polycystic kidney disease,DOID:0080322,notAvailable,PKD1_neo_Pax8_positive_TetO_Cre_positive,notAvailable,notAvailable,notAvailable,notAvailable,notAvailable
PROJ134,GSE268494,SAM0761,060122-2_E,Mus musculus,GSM8291977,Kidney,kidney,UBERON:0002113,0,0,notAvailable,notAvailable,notAvailable,notAvailable,notAvailable,notAvailable,healthy,normal,PATO:0000461,notAvailable,PKD1_neo_Pax8_positive_TetO_Cre_negative,notAvailable,notAvailable,notAvailable,notAvailable,notAvailable
PROJ134,GSE268494,SAM0762,092921-1_C,Mus musculus,GSM8291975,Kidney,kidney,UBERON:0002113,0,0,notAvailable,notAvailable,notAvailable,notAvailable,notAvailable,notAvailable,Polycystic Kidney Disease,polycystic kidney disease,DOID:0080322,notAvailable,PKD1_neo_Pax8_positive_TetO_Cre_positive,notAvailable,notAvailable,notAvailable,notAvailable,notAvailable
PROJ134,GSE268494,SAM0763,060222-70_I,Mus musculus,GSM8291983,Kidney,kidney,UBERON:0002113,0,0,notAvailable,notAvailable,notAvailable,notAvailable,notAvailable,notAvailable,Polycystic Kidney Disease,polycystic kidney disease,DOID:0080322,notAvailable,PKD1_neo_Pax8_TetO_Cre_positive,notAvailable,notAvailable,notAvailable,notAvailable,notAvailable
PROJ134,GSE268494,SAM0764,092121-200_A,Mus musculus,GSM8291973,Kidney,kidney,UBERON:0002113,0,0,notAvailable,notAvailable,notAvailable,notAvailable,notAvailable,notAvailable,healthy,normal,PATO:0000461,notAvailable,PKD1_neo_Pax8_negative_TetO_Cre_positive,notAvailable,notAvailable,notAvailable,notAvailable,notAvailable
PROJ134,GSE268494,SAM0765,060122-20_O,Mus musculus,GSM8291981,Kidney,kidney,UBERON:0002113,0,0,notAvailable,notAvailable,notAvailable,notAvailable,notAvailable,notAvailable,healthy,normal,PATO:0000461,notAvailable,PKD1_neo_Pax8_positive_TetO_Cre_negative,notAvailable,notAvailable,notAvailable,notAvailable,notAvailable
PROJ134,GSE268494,SAM0766,060222-700_K,Mus musculus,GSM8291987,Kidney,kidney,UBERON:0002113,0,0,notAvailable,notAvailable,notAvailable,notAvailable,notAvailable,notAvailable,healthy,normal,PATO:0000461,notAvailable,PKD1_neo_Pax8_positive_TetO_Cre_negative,notAvailable,notAvailable,notAvailable,notAvailable,notAvailable
PROJ135,GSE268630,SAM0767,Multiome_14w2d_FR,Homo sapiens,GSM8295567,macula lutea,macula lutea,UBERON:0000053,0,0,notAvailable,notAvailable,notAvailable,notAvailable,notAvailable,notAvailable,normal,normal,PATO:0000461,notAvailable,notAvailable,Donor_5,notAvailable,100_day,fetal,notAvailable
PROJ135,GSE268630,SAM0768,Multiome_10w_NR,Homo sapiens,GSM8295580,peripheral region of retina,peripheral region of retina,UBERON:0013682,0,0,notAvailable,notAvailable,notAvailable,notAvailable,notAvailable,notAvailable,normal,normal,PATO:0000461,notAvailable,notAvailable,Donor_1,notAvailable,70_day,fetal,notAvailable
PROJ135,GSE268630,SAM0769,Multiome_10w_FR,Homo sapiens,GSM8295594,macula lutea,macula lutea,UBERON:0000053,0,0,notAvailable,notAvailable,notAvailable,notAvailable,notAvailable,notAvailable,normal,normal,PATO:0000461,notAvailable,notAvailable,Donor_1,notAvailable,70_day,fetal,notAvailable
PROJ135,GSE268630,SAM0770,Multiome_14w2d_NR,Homo sapiens,GSM8295571,peripheral region of retina,peripheral region of retina,UBERON:0013682,0,0,notAvailable,notAvailable,notAvailable,notAvailable,notAvailable,notAvailable,normal,normal,PATO:0000461,notAvailable,notAvailable,Donor_5,notAvailable,100_day,fetal,notAvailable
PROJ135,GSE268630,SAM0771,Multiome_23w4d_FR,Homo sapiens,GSM8295592,macula lutea,macula lutea,UBERON:0000053,0,0,notAvailable,notAvailable,notAvailable,notAvailable,notAvailable,notAvailable,normal,normal,PATO:0000461,notAvailable,notAvailable,Donor_12,notAvailable,165_day,fetal,notAvailable
PROJ135,GSE268630,SAM0772,Multiome_23w4d_NR,Homo sapiens,GSM8295597,peripheral region of retina,peripheral region of retina,UBERON:0013682,0,0,notAvailable,notAvailable,notAvailable,notAvailable,notAvailable,notAvailable,normal,normal,PATO:0000461,notAvailable,notAvailable,Donor_12,notAvailable,165_day,fetal,notAvailable
PROJ135,GSE268630,SAM0773,Multi_Fetal_11w2d_NR,Homo sapiens,GSM8295550,peripheral region of retina,peripheral region of retina,UBERON:0013682,0,0,notAvailable,notAvailable,notAvailable,notAvailable,notAvailable,notAvailable,normal,normal,PATO:0000461,notAvailable,notAvailable,Donor_2,notAvailable,79_day,fetal,notAvailable
PROJ135,GSE268630,SAM0774,Multi_Fetal_11w2d_FR,Homo sapiens,GSM8295577,macula lutea,macula lutea,UBERON:0000053,0,0,notAvailable,notAvailable,notAvailable,notAvailable,notAvailable,notAvailable,normal,normal,PATO:0000461,notAvailable,notAvailable,Donor_2,notAvailable,79_day,fetal,notAvailable
PROJ135,GSE268630,SAM0775,Multiome_20w1d_FR,Homo sapiens,GSM8295570,macula lutea,macula lutea,UBERON:0000053,0,0,notAvailable,notAvailable,notAvailable,notAvailable,notAvailable,notAvailable,normal,normal,PATO:0000461,notAvailable,notAvailable,Donor_9,notAvailable,141_day,fetal,notAvailable
PROJ135,GSE268630,SAM0776,Multiome_12w3d_FR,Homo sapiens,GSM8295582,macula lutea,macula lutea,UBERON:0000053,0,0,notAvailable,notAvailable,notAvailable,notAvailable,notAvailable,notAvailable,normal,normal,PATO:0000461,notAvailable,notAvailable,Donor_3,notAvailable,87_day,fetal,notAvailable
PROJ135,GSE268630,SAM0777,Multi_Fetal_11w2d_FR_2,Homo sapiens,GSM8295559,macula lutea,macula lutea,UBERON:0000053,0,0,notAvailable,notAvailable,notAvailable,notAvailable,notAvailable,notAvailable,normal,normal,PATO:0000461,notAvailable,notAvailable,Donor_2,notAvailable,79_day,fetal,notAvailable
PROJ135,GSE268630,SAM0778,Multiome_20w1d_NR,Homo sapiens,GSM8295586,peripheral region of retina,peripheral region of retina,UBERON:0013682,0,0,notAvailable,notAvailable,notAvailable,notAvailable,notAvailable,notAvailable,normal,normal,PATO:0000461,notAvailable,notAvailable,Donor_9,notAvailable,141_day,fetal,notAvailable
PROJ135,GSE268630,SAM0779,Multiome_12w3d_NR,Homo sapiens,GSM8295584,peripheral region of retina,peripheral region of retina,UBERON:0013682,0,0,notAvailable,notAvailable,notAvailable,notAvailable,notAvailable,notAvailable,normal,normal,PATO:0000461,notAvailable,notAvailable,Donor_3,notAvailable,87_day,fetal,notAvailable
PROJ135,GSE268630,SAM0780,Multi_Fetal_14w5d_NR,Homo sapiens,GSM8295552,peripheral region of retina,peripheral region of retina,UBERON:0013682,0,0,notAvailable,notAvailable,notAvailable,notAvailable,notAvailable,notAvailable,normal,normal,PATO:0000461,notAvailable,notAvailable,Donor_6,notAvailable,103_day,fetal,notAvailable
PROJ135,GSE268630,SAM0781,Multi_Fetal_14w5d_FR,Homo sapiens,GSM8295556,macula lutea,macula lutea,UBERON:0000053,0,0,notAvailable,notAvailable,notAvailable,notAvailable,notAvailable,notAvailable,normal,normal,PATO:0000461,notAvailable,notAvailable,Donor_6,notAvailable,103_day,fetal,notAvailable
PROJ135,GSE268630,SAM0782,Multi_Fetal_20W2d_NR,Homo sapiens,GSM8295565,peripheral region of retina,peripheral region of retina,UBERON:0013682,0,0,notAvailable,notAvailable,notAvailable,notAvailable,notAvailable,notAvailable,normal,normal,PATO:0000461,notAvailable,notAvailable,Donor_10,notAvailable,142_day,fetal,notAvailable
PROJ135,GSE268630,SAM0783,Multi_Fetal_20W2d_FR,Homo sapiens,GSM8295574,macula lutea,macula lutea,UBERON:0000053,0,0,notAvailable,notAvailable,notAvailable,notAvailable,notAvailable,notAvailable,normal,normal,PATO:0000461,notAvailable,notAvailable,Donor_10,notAvailable,142_day,fetal,notAvailable
PROJ135,GSE268630,SAM0784,Multi_Fetal_19W4d_FR,Homo sapiens,GSM8295563,macula lutea,macula lutea,UBERON:0000053,0,0,notAvailable,notAvailable,notAvailable,notAvailable,notAvailable,notAvailable,normal,normal,PATO:0000461,notAvailable,notAvailable,Donor_8,notAvailable,137_day,fetal,notAvailable
PROJ135,GSE268630,SAM0785,Multi_Fetal_19W4d_NR,Homo sapiens,GSM8295588,peripheral region of retina,peripheral region of retina,UBERON:0013682,0,0,notAvailable,notAvailable,notAvailable,notAvailable,notAvailable,notAvailable,normal,normal,PATO:0000461,notAvailable,notAvailable,Donor_8,notAvailable,137_day,fetal,notAvailable
PROJ135,GSE268630,SAM0786,Multiome_16w4d_NR,Homo sapiens,GSM8295558,peripheral region of retina,peripheral region of retina,UBERON:0013682,0,0,notAvailable,notAvailable,notAvailable,notAvailable,notAvailable,notAvailable,normal,normal,PATO:0000461,notAvailable,notAvailable,Donor_7,notAvailable,116_day,fetal,notAvailable
PROJ135,GSE268630,SAM0787,Multiome_16w4d_FR,Homo sapiens,GSM8295562,macula lutea,macula lutea,UBERON:0000053,0,0,notAvailable,notAvailable,notAvailable,notAvailable,notAvailable,notAvailable,normal,normal,PATO:0000461,notAvailable,notAvailable,Donor_7,notAvailable,116_day,fetal,notAvailable
PROJ135,GSE268630,SAM0788,Multi_Fetal_23w1d_NR,Homo sapiens,GSM8295596,peripheral region of retina,peripheral region of retina,UBERON:0013682,0,0,notAvailable,notAvailable,notAvailable,notAvailable,notAvailable,notAvailable,normal,normal,PATO:0000461,notAvailable,notAvailable,Donor_11,notAvailable,162_day,fetal,notAvailable
PROJ135,GSE268630,SAM0789,Multi_Fetal_23w1d_FR,Homo sapiens,GSM8295576,macula lutea,macula lutea,UBERON:0000053,0,0,notAvailable,notAvailable,notAvailable,notAvailable,notAvailable,notAvailable,normal,normal,PATO:0000461,notAvailable,notAvailable,Donor_11,notAvailable,162_day,fetal,notAvailable
PROJ135,GSE268630,SAM0790,Multi_Fetal_13W_FR,Homo sapiens,GSM8295590,macula lutea,macula lutea,UBERON:0000053,0,0,notAvailable,notAvailable,notAvailable,notAvailable,notAvailable,notAvailable,normal,normal,PATO:0000461,notAvailable,notAvailable,Donor_4,notAvailable,91_day,fetal,notAvailable
PROJ135,GSE268630,SAM0791,Multi_Fetal_13W_NR,Homo sapiens,GSM8295553,peripheral region of retina,peripheral region of retina,UBERON:0013682,0,0,notAvailable,notAvailable,notAvailable,notAvailable,notAvailable,notAvailable,normal,normal,PATO:0000461,notAvailable,notAvailable,Donor_4,notAvailable,91_day,fetal,notAvailable
PROJ136,GSE268807,SAM0792,G120_D,Homo sapiens,GSM8299714,cerebral cortex,cerebral cortex,UBERON:0000956,0,0,notAvailable,notAvailable,notAvailable,notAvailable,notAvailable,notAvailable,focal cortical dysplasia,cortical dysplasia-focal epilepsy syndrome,DOID:0090130,notAvailable,notAvailable,G120,female,3_year,child,FCD_typeIIb
PROJ136,GSE268807,SAM0793,G120_F1,Homo sapiens,GSM8299716,cerebral cortex,cerebral cortex,UBERON:0000956,0,0,notAvailable,notAvailable,notAvailable,notAvailable,notAvailable,notAvailable,focal cortical dysplasia,cortical dysplasia-focal epilepsy syndrome,DOID:0090130,notAvailable,notAvailable,G120,female,2_year,child,FCD_typeIIb
PROJ136,GSE268807,SAM0794,G129_D,Homo sapiens,GSM8299732,cerebral cortex,cerebral cortex,UBERON:0000956,0,0,notAvailable,notAvailable,notAvailable,notAvailable,notAvailable,notAvailable,focal cortical dysplasia,cortical dysplasia-focal epilepsy syndrome,DOID:0090130,notAvailable,notAvailable,G129,male,50_year,adult,FCD_typeIIb
PROJ136,GSE268807,SAM0795,G133_D,Homo sapiens,GSM8299720,cerebral cortex,cerebral cortex,UBERON:0000956,0,0,notAvailable,notAvailable,notAvailable,notAvailable,notAvailable,notAvailable,focal cortical dysplasia,cortical dysplasia-focal epilepsy syndrome,DOID:0090130,notAvailable,notAvailable,G133,female,15_year,adolescent,FCD_typeIIb
PROJ136,GSE268807,SAM0796,G133_N,Homo sapiens,GSM8299718,cerebral cortex,cerebral cortex,UBERON:0000956,0,0,notAvailable,notAvailable,notAvailable,notAvailable,notAvailable,notAvailable,focal cortical dysplasia,cortical dysplasia-focal epilepsy syndrome,DOID:0090130,notAvailable,notAvailable,G133,female,15_year,adolescent,Normal
PROJ136,GSE268807,SAM0797,G150_D,Homo sapiens,GSM8299724,cerebral cortex,cerebral cortex,UBERON:0000956,0,0,notAvailable,notAvailable,notAvailable,notAvailable,notAvailable,notAvailable,focal cortical dysplasia,cortical dysplasia-focal epilepsy syndrome,DOID:0090130,notAvailable,notAvailable,G150,female,12_year,adolescent,FCD_typeIIa
PROJ136,GSE268807,SAM0798,G159_D,Homo sapiens,GSM8299728,cerebral cortex,cerebral cortex,UBERON:0000956,0,0,notAvailable,notAvailable,notAvailable,notAvailable,notAvailable,notAvailable,focal cortical dysplasia,cortical dysplasia-focal epilepsy syndrome,DOID:0090130,notAvailable,notAvailable,G159,female,18_year,adolescent,FCD_typeIIb
PROJ136,GSE268807,SAM0799,G171_D,Homo sapiens,GSM8299726,cerebral cortex,cerebral cortex,UBERON:0000956,0,0,notAvailable,notAvailable,notAvailable,notAvailable,notAvailable,notAvailable,focal cortical dysplasia,cortical dysplasia-focal epilepsy syndrome,DOID:0090130,notAvailable,notAvailable,G171,female,32_year,adult,FCD_typeIIa
PROJ136,GSE268807,SAM0800,G187_D,Homo sapiens,GSM8299722,cerebral cortex,cerebral cortex,UBERON:0000956,0,0,notAvailable,notAvailable,notAvailable,notAvailable,notAvailable,notAvailable,focal cortical dysplasia,cortical dysplasia-focal epilepsy syndrome,DOID:0090130,notAvailable,notAvailable,G187,male,31_year,adult,FCD_typeIIa
PROJ136,GSE268807,SAM0801,G210_D,Homo sapiens,GSM8299730,cerebral cortex,cerebral cortex,UBERON:0000956,0,0,notAvailable,notAvailable,notAvailable,notAvailable,notAvailable,notAvailable,focal cortical dysplasia,cortical dysplasia-focal epilepsy syndrome,DOID:0090130,notAvailable,notAvailable,G210,female,31_year,adult,FCD_typeIIb
PROJ137,GSE270141,SAM0802,S3N,Homo sapiens,GSM8335429,hematopoietic tissue,hematopoietic tissue,UBERON:0012429,0,1,RB11,iPSC-CB1RB9,CVCL_A8NJ,HE-derived cells,pluripotent stem cell,CL:0002248,healthy,normal,PATO:0000461,normoxia_20percent_O2,notAvailable,notAvailable,notAvailable,notAvailable,notAvailable,notAvailable
PROJ137,GSE270141,SAM0803,S3H,Homo sapiens,GSM8335427,hematopoietic tissue,hematopoietic tissue,UBERON:0012429,0,1,RB9,iPSC-CB1RB9,CVCL_A8NJ,HE-derived cells,pluripotent stem cell,CL:0002248,healthy,normal,PATO:0000461,hypoxia_4percent_O2,notAvailable,notAvailable,notAvailable,notAvailable,notAvailable,notAvailable
PROJ138,GSE270788,SAM0804,MA8,Homo sapiens,GSM8352051,Heart,heart,UBERON:0000948,0,0,notAvailable,notAvailable,notAvailable,notAvailable,notAvailable,notAvailable,icm,cardiomyopathy,DOID:0050700,notAvailable,notAvailable,MA8,notAvailable,notAvailable,notAvailable,notAvailable
PROJ138,GSE270788,SAM0805,MA10,Homo sapiens,GSM8352053,Heart,heart,UBERON:0000948,0,0,notAvailable,notAvailable,notAvailable,notAvailable,notAvailable,notAvailable,nicm,cardiomyopathy,DOID:0050700,notAvailable,notAvailable,MA10,notAvailable,notAvailable,notAvailable,notAvailable
PROJ138,GSE270788,SAM0806,MA6,Homo sapiens,GSM8352049,Heart,heart,UBERON:0000948,0,0,notAvailable,notAvailable,notAvailable,notAvailable,notAvailable,notAvailable,donor,normal,PATO:0000461,notAvailable,notAvailable,MA6,notAvailable,notAvailable,notAvailable,notAvailable
PROJ138,GSE270788,SAM0807,MA29,Homo sapiens,GSM8352066,Heart,heart,UBERON:0000948,0,0,notAvailable,notAvailable,notAvailable,notAvailable,notAvailable,notAvailable,donor,normal,PATO:0000461,notAvailable,notAvailable,MA29,notAvailable,notAvailable,notAvailable,notAvailable
PROJ138,GSE270788,SAM0808,MA22,Homo sapiens,GSM8352059,Heart,heart,UBERON:0000948,0,0,notAvailable,notAvailable,notAvailable,notAvailable,notAvailable,notAvailable,nicm,cardiomyopathy,DOID:0050700,notAvailable,notAvailable,MA22,notAvailable,notAvailable,notAvailable,notAvailable
PROJ138,GSE270788,SAM0809,MA27,Homo sapiens,GSM8352064,Heart,heart,UBERON:0000948,0,0,notAvailable,notAvailable,notAvailable,notAvailable,notAvailable,notAvailable,icm,cardiomyopathy,DOID:0050700,notAvailable,notAvailable,MA27,notAvailable,notAvailable,notAvailable,notAvailable
PROJ138,GSE270788,SAM0810,MA30,Homo sapiens,GSM8352067,Heart,heart,UBERON:0000948,0,0,notAvailable,notAvailable,notAvailable,notAvailable,notAvailable,notAvailable,icm,cardiomyopathy,DOID:0050700,notAvailable,notAvailable,MA30,notAvailable,notAvailable,notAvailable,notAvailable
PROJ138,GSE270788,SAM0811,MA28,Homo sapiens,GSM8352065,Heart,heart,UBERON:0000948,0,0,notAvailable,notAvailable,notAvailable,notAvailable,notAvailable,notAvailable,nicm,cardiomyopathy,DOID:0050700,notAvailable,notAvailable,MA28,notAvailable,notAvailable,notAvailable,notAvailable
PROJ138,GSE270788,SAM0812,MA26,Homo sapiens,GSM8352063,Heart,heart,UBERON:0000948,0,0,notAvailable,notAvailable,notAvailable,notAvailable,notAvailable,notAvailable,donor,normal,PATO:0000461,notAvailable,notAvailable,MA26,notAvailable,notAvailable,notAvailable,notAvailable
PROJ138,GSE270788,SAM0813,MA23,Homo sapiens,GSM8352060,Heart,heart,UBERON:0000948,0,0,notAvailable,notAvailable,notAvailable,notAvailable,notAvailable,notAvailable,donor,normal,PATO:0000461,notAvailable,notAvailable,MA23,notAvailable,notAvailable,notAvailable,notAvailable
PROJ138,GSE270788,SAM0814,MA31,Homo sapiens,GSM8352068,Heart,heart,UBERON:0000948,0,0,notAvailable,notAvailable,notAvailable,notAvailable,notAvailable,notAvailable,ami,acute myocardial infarction,DOID:9408,notAvailable,notAvailable,MA31,notAvailable,notAvailable,notAvailable,notAvailable
PROJ138,GSE270788,SAM0815,MA7,Homo sapiens,GSM8352050,Heart,heart,UBERON:0000948,0,0,notAvailable,notAvailable,notAvailable,notAvailable,notAvailable,notAvailable,icm,cardiomyopathy,DOID:0050700,notAvailable,notAvailable,MA7,notAvailable,notAvailable,notAvailable,notAvailable
PROJ138,GSE270788,SAM0816,MA11,Homo sapiens,GSM8352054,Heart,heart,UBERON:0000948,0,0,notAvailable,notAvailable,notAvailable,notAvailable,notAvailable,notAvailable,ami,acute myocardial infarction,DOID:9408,notAvailable,notAvailable,MA11,notAvailable,notAvailable,notAvailable,notAvailable
PROJ138,GSE270788,SAM0817,MA9,Homo sapiens,GSM8352052,Heart,heart,UBERON:0000948,0,0,notAvailable,notAvailable,notAvailable,notAvailable,notAvailable,notAvailable,ami,acute myocardial infarction,DOID:9408,notAvailable,notAvailable,MA9,notAvailable,notAvailable,notAvailable,notAvailable
PROJ138,GSE270788,SAM0818,MA14,Homo sapiens,GSM8352056,Heart,heart,UBERON:0000948,0,0,notAvailable,notAvailable,notAvailable,notAvailable,notAvailable,notAvailable,nicm,cardiomyopathy,DOID:0050700,notAvailable,notAvailable,MA14,notAvailable,notAvailable,notAvailable,notAvailable
PROJ138,GSE270788,SAM0819,MA19,Homo sapiens,GSM8352057,Heart,heart,UBERON:0000948,0,0,notAvailable,notAvailable,notAvailable,notAvailable,notAvailable,notAvailable,ami,acute myocardial infarction,DOID:9408,notAvailable,notAvailable,MA19,notAvailable,notAvailable,notAvailable,notAvailable
PROJ138,GSE270788,SAM0820,MA20,Homo sapiens,GSM8352058,Heart,heart,UBERON:0000948,0,0,notAvailable,notAvailable,notAvailable,notAvailable,notAvailable,notAvailable,ami,acute myocardial infarction,DOID:9408,notAvailable,notAvailable,MA20,notAvailable,notAvailable,notAvailable,notAvailable
PROJ138,GSE270788,SAM0821,MA25,Homo sapiens,GSM8352062,Heart,heart,UBERON:0000948,0,0,notAvailable,notAvailable,notAvailable,notAvailable,notAvailable,notAvailable,nicm,cardiomyopathy,DOID:0050700,notAvailable,notAvailable,MA25,notAvailable,notAvailable,notAvailable,notAvailable
PROJ138,GSE270788,SAM0822,MA32,Homo sapiens,GSM8352069,Heart,heart,UBERON:0000948,0,0,notAvailable,notAvailable,notAvailable,notAvailable,notAvailable,notAvailable,icm,cardiomyopathy,DOID:0050700,notAvailable,notAvailable,MA32,notAvailable,notAvailable,notAvailable,notAvailable
PROJ138,GSE270788,SAM0823,MA13,Homo sapiens,GSM8352055,Heart,heart,UBERON:0000948,0,0,notAvailable,notAvailable,notAvailable,notAvailable,notAvailable,notAvailable,donor,normal,PATO:0000461,notAvailable,notAvailable,MA13,notAvailable,notAvailable,notAvailable,notAvailable
PROJ138,GSE270788,SAM0824,MA24,Homo sapiens,GSM8352061,Heart,heart,UBERON:0000948,0,0,notAvailable,notAvailable,notAvailable,notAvailable,notAvailable,notAvailable,nicm,cardiomyopathy,DOID:0050700,notAvailable,notAvailable,MA24,notAvailable,notAvailable,notAvailable,notAvailable
PROJ138,GSE270788,SAM0825,MA33,Homo sapiens,GSM8352070,Heart,heart,UBERON:0000948,0,0,notAvailable,notAvailable,notAvailable,notAvailable,notAvailable,notAvailable,donor,normal,PATO:0000461,notAvailable,notAvailable,MA33,notAvailable,notAvailable,notAvailable,notAvailable
PROJ138,GSE270788,SAM0826,MA5,Homo sapiens,GSM8352048,Heart,heart,UBERON:0000948,0,0,notAvailable,notAvailable,notAvailable,notAvailable,notAvailable,notAvailable,donor,normal,PATO:0000461,notAvailable,notAvailable,MA5,notAvailable,notAvailable,notAvailable,notAvailable
PROJ139,GSE271329,SAM0827,Naive,Mus musculus,GSM8374615,colon,colon,UBERON:0001155,0,0,notAvailable,notAvailable,notAvailable,gd T cells and ILCs,gamma-delta T cell,CL:0000798,mock infected controls,normal,PATO:0000461,notAvailable,ROR_Cre_ROSA26_LSL_ZsGreen_reporter,notAvailable,notAvailable,notAvailable,notAvailable,naive
PROJ139,GSE271329,SAM0828,STm,Mus musculus,GSM8374617,colon,colon,UBERON:0001155,0,0,notAvailable,notAvailable,notAvailable,gd T cells and ILCs,gamma-delta T cell,CL:0000798,Salmonella infection,salmonellosis,DOID:0060859,notAvailable,ROR_Cre_ROSA26_LSL_ZsGreen_reporter,notAvailable,notAvailable,notAvailable,notAvailable,Salmonella typhimurium
PROJ140,GSE272025,SAM0829,WT,Mus musculus,GSM8391373,spleen,spleen,UBERON:0002106,0,0,notAvailable,notAvailable,notAvailable,CD8+ T cells,"CD8-positive, alpha-beta T cell",CL:0000625,notAvailable,notAvailable,notAvailable,notAvailable,WT,notAvailable,notAvailable,notAvailable,notAvailable,notAvailable
PROJ140,GSE272025,SAM0830,KO,Mus musculus,GSM8391375,spleen,spleen,UBERON:0002106,0,0,notAvailable,notAvailable,notAvailable,CD8+ T cells,"CD8-positive, alpha-beta T cell",CL:0000625,notAvailable,notAvailable,notAvailable,notAvailable,GFI1_KO,notAvailable,notAvailable,notAvailable,notAvailable,notAvailable
PROJ141,GSE272187,SAM0831,GSE272187,Homo sapiens,GSM8395401,CD34+/CD38-,blood,UBERON:0000178,0,0,notAvailable,notAvailable,notAvailable,human primary AML cell derived OCI-AML22,hematopoietic stem cell,CL:0000037,AML,acute myeloid leukemia,DOID:9119,notAvailable,notAvailable,notAvailable,notAvailable,notAvailable,notAvailable,notAvailable
PROJ142,GSE273429,SAM0832,HUVEC_TNFa_30min,Homo sapiens,GSM8428177,umbilical vein,umbilical vein,UBERON:0002066,0,1,HUVEC,HUVEC-C,CVCL_2959,Umbilical vein endothelial cells,endothelial cell of umbilical vein,CL:0002618,healthy,normal,PATO:0000461,TNFa_30min,notAvailable,notAvailable,notAvailable,notAvailable,notAvailable,notAvailable
PROJ142,GSE273429,SAM0833,HUVEC_TNFa_0min,Homo sapiens,GSM8428175,umbilical vein,umbilical vein,UBERON:0002066,0,1,HUVEC,HUVEC-C,CVCL_2959,Umbilical vein endothelial cells,endothelial cell of umbilical vein,CL:0002618,healthy,normal,PATO:0000461,TNFa_0min,notAvailable,notAvailable,notAvailable,notAvailable,notAvailable,notAvailable
PROJ142,GSE273429,SAM0834,HUVEC_TNFa_240min,Homo sapiens,GSM8428179,umbilical vein,umbilical vein,UBERON:0002066,0,1,HUVEC,HUVEC-C,CVCL_2959,Umbilical vein endothelial cells,endothelial cell of umbilical vein,CL:0002618,healthy,normal,PATO:0000461,TNFa_240min,notAvailable,notAvailable,notAvailable,notAvailable,notAvailable,notAvailable
PROJ143,GSE273633,SAM0835,islet-1,Mus musculus,GSM8434198,Pancreatic islets,islet of Langerhans,UBERON:0000006,0,0,notAvailable,notAvailable,notAvailable,T cells,T cell,CL:0000084,normal,normal,PATO:0000461,notAvailable,NOD_WT,notAvailable,female,10_week,notAvailable,notAvailable
PROJ143,GSE273633,SAM0836,LN-1,Mus musculus,GSM8434200,Non-draining Lymph node,lymph node,UBERON:0000029,0,0,notAvailable,notAvailable,notAvailable,T cells,T cell,CL:0000084,healthy,normal,PATO:0000461,notAvailable,NOD_WT,notAvailable,female,10_week,notAvailable,notAvailable
PROJ143,GSE273633,SAM0837,LN-2,Mus musculus,GSM8434201,Non-draining Lymph node,lymph node,UBERON:0000029,0,0,notAvailable,notAvailable,notAvailable,T cells,T cell,CL:0000084,healthy,normal,PATO:0000461,notAvailable,NOD_WT,notAvailable,female,10_week,notAvailable,notAvailable
PROJ143,GSE273633,SAM0838,islet-2,Mus musculus,GSM8434199,Pancreatic islets,islet of Langerhans,UBERON:0000006,0,0,notAvailable,notAvailable,notAvailable,T cells,T cell,CL:0000084,normal,normal,PATO:0000461,notAvailable,NOD_WT,notAvailable,female,10_week,notAvailable,notAvailable
PROJ144,GSE274040,SAM0839,SP_tumor_rep3,Mus musculus,GSM8442341,Spleen,spleen,UBERON:0002106,0,0,notAvailable,notAvailable,notAvailable,Hematopoietic progenitors,hematopoietic lineage restricted progenitor cell,CL:0002031,subcutaneous MMTV-PyMT tumor,breast carcinoma,DOID:3459,notAvailable,WT,notAvailable,notAvailable,notAvailable,notAvailable,notAvailable
PROJ144,GSE274040,SAM0840,BM_tumor_rep1,Mus musculus,GSM8442333,Bone Marrow,bone marrow,UBERON:0002371,0,0,notAvailable,notAvailable,notAvailable,Hematopoietic progenitors,hematopoietic lineage restricted progenitor cell,CL:0002031,subcutaneous MMTV-PyMT tumor,breast carcinoma,DOID:3459,notAvailable,WT,notAvailable,notAvailable,notAvailable,notAvailable,notAvailable
PROJ144,GSE274040,SAM0841,BM_tumor_rep2,Mus musculus,GSM8442335,Bone Marrow,bone marrow,UBERON:0002371,0,0,notAvailable,notAvailable,notAvailable,Hematopoietic progenitors,hematopoietic lineage restricted progenitor cell,CL:0002031,subcutaneous MMTV-PyMT tumor,breast carcinoma,DOID:3459,notAvailable,WT,notAvailable,notAvailable,notAvailable,notAvailable,notAvailable
PROJ144,GSE274040,SAM0842,SP_tumor_rep4,Mus musculus,GSM8442343,Spleen,spleen,UBERON:0002106,0,0,notAvailable,notAvailable,notAvailable,Hematopoietic progenitors,hematopoietic lineage restricted progenitor cell,CL:0002031,subcutaneous MMTV-PyMT tumor,breast carcinoma,DOID:3459,notAvailable,WT,notAvailable,notAvailable,notAvailable,notAvailable,notAvailable
PROJ144,GSE274040,SAM0843,BM_ctrl_rep1,Mus musculus,GSM8442329,Bone Marrow,bone marrow,UBERON:0002371,0,0,notAvailable,notAvailable,notAvailable,Hematopoietic progenitors,hematopoietic lineage restricted progenitor cell,CL:0002031,control,normal,PATO:0000461,notAvailable,WT,notAvailable,notAvailable,notAvailable,notAvailable,notAvailable
PROJ144,GSE274040,SAM0844,SP_tumor_rep1,Mus musculus,GSM8442337,Spleen,spleen,UBERON:0002106,0,0,notAvailable,notAvailable,notAvailable,Hematopoietic progenitors,hematopoietic lineage restricted progenitor cell,CL:0002031,subcutaneous MMTV-PyMT tumor,breast carcinoma,DOID:3459,notAvailable,WT,notAvailable,notAvailable,notAvailable,notAvailable,notAvailable
PROJ144,GSE274040,SAM0845,SP_tumor_rep2,Mus musculus,GSM8442339,Spleen,spleen,UBERON:0002106,0,0,notAvailable,notAvailable,notAvailable,Hematopoietic progenitors,hematopoietic lineage restricted progenitor cell,CL:0002031,subcutaneous MMTV-PyMT tumor,breast carcinoma,DOID:3459,notAvailable,WT,notAvailable,notAvailable,notAvailable,notAvailable,notAvailable
PROJ144,GSE274040,SAM0846,BM_ctrl_rep2,Mus musculus,GSM8442331,Bone Marrow,bone marrow,UBERON:0002371,0,0,notAvailable,notAvailable,notAvailable,Hematopoietic progenitors,hematopoietic lineage restricted progenitor cell,CL:0002031,control,normal,PATO:0000461,notAvailable,WT,notAvailable,notAvailable,notAvailable,notAvailable,notAvailable
PROJ145,GSE274113,SAM0847,rep2,Homo sapiens,GSM8443598,Hematopoietic cells,blood,UBERON:0000178,0,0,notAvailable,notAvailable,notAvailable,erythroid cells,erythroid lineage cell,CL:0000764,healthy,normal,PATO:0000461,notAvailable,notAvailable,notAvailable,notAvailable,notAvailable,notAvailable,notAvailable
PROJ145,GSE274113,SAM0848,rep1,Homo sapiens,GSM8443597,Hematopoietic cells,blood,UBERON:0000178,0,0,notAvailable,notAvailable,notAvailable,erythroid cells,erythroid lineage cell,CL:0000764,healthy,normal,PATO:0000461,notAvailable,notAvailable,notAvailable,notAvailable,notAvailable,notAvailable,notAvailable
PROJ145,GSE274113,SAM0849,rep9,Homo sapiens,GSM8443605,Hematopoietic cells,blood,UBERON:0000178,0,0,notAvailable,notAvailable,notAvailable,erythroid cells,erythroid lineage cell,CL:0000764,healthy,normal,PATO:0000461,notAvailable,notAvailable,notAvailable,notAvailable,notAvailable,notAvailable,notAvailable
PROJ145,GSE274113,SAM0850,rep10,Homo sapiens,GSM8443606,Hematopoietic cells,blood,UBERON:0000178,0,0,notAvailable,notAvailable,notAvailable,erythroid cells,erythroid lineage cell,CL:0000764,healthy,normal,PATO:0000461,notAvailable,notAvailable,notAvailable,notAvailable,notAvailable,notAvailable,notAvailable
PROJ145,GSE274113,SAM0851,rep7,Homo sapiens,GSM8443603,Hematopoietic cells,blood,UBERON:0000178,0,0,notAvailable,notAvailable,notAvailable,erythroid cells,erythroid lineage cell,CL:0000764,healthy,normal,PATO:0000461,notAvailable,notAvailable,notAvailable,notAvailable,notAvailable,notAvailable,notAvailable
PROJ145,GSE274113,SAM0852,rep14,Homo sapiens,GSM8443609,Hematopoietic cells,blood,UBERON:0000178,0,0,notAvailable,notAvailable,notAvailable,erythroid cells,erythroid lineage cell,CL:0000764,healthy,normal,PATO:0000461,notAvailable,notAvailable,notAvailable,notAvailable,notAvailable,notAvailable,notAvailable
PROJ145,GSE274113,SAM0853,rep3,Homo sapiens,GSM8443599,Hematopoietic cells,blood,UBERON:0000178,0,0,notAvailable,notAvailable,notAvailable,erythroid cells,erythroid lineage cell,CL:0000764,healthy,normal,PATO:0000461,notAvailable,notAvailable,notAvailable,notAvailable,notAvailable,notAvailable,notAvailable
PROJ145,GSE274113,SAM0854,rep6,Homo sapiens,GSM8443602,Hematopoietic cells,blood,UBERON:0000178,0,0,notAvailable,notAvailable,notAvailable,erythroid cells,erythroid lineage cell,CL:0000764,healthy,normal,PATO:0000461,notAvailable,notAvailable,notAvailable,notAvailable,notAvailable,notAvailable,notAvailable
PROJ145,GSE274113,SAM0855,rep8,Homo sapiens,GSM8443604,Hematopoietic cells,blood,UBERON:0000178,0,0,notAvailable,notAvailable,notAvailable,erythroid cells,erythroid lineage cell,CL:0000764,healthy,normal,PATO:0000461,notAvailable,notAvailable,notAvailable,notAvailable,notAvailable,notAvailable,notAvailable
PROJ145,GSE274113,SAM0856,rep12,Homo sapiens,GSM8443607,Hematopoietic cells,blood,UBERON:0000178,0,0,notAvailable,notAvailable,notAvailable,erythroid cells,erythroid lineage cell,CL:0000764,healthy,normal,PATO:0000461,notAvailable,notAvailable,notAvailable,notAvailable,notAvailable,notAvailable,notAvailable
PROJ145,GSE274113,SAM0857,rep5,Homo sapiens,GSM8443601,Hematopoietic cells,blood,UBERON:0000178,0,0,notAvailable,notAvailable,notAvailable,erythroid cells,erythroid lineage cell,CL:0000764,healthy,normal,PATO:0000461,notAvailable,notAvailable,notAvailable,notAvailable,notAvailable,notAvailable,notAvailable
PROJ145,GSE274113,SAM0858,rep13,Homo sapiens,GSM8443608,Hematopoietic cells,blood,UBERON:0000178,0,0,notAvailable,notAvailable,notAvailable,erythroid cells,erythroid lineage cell,CL:0000764,healthy,normal,PATO:0000461,notAvailable,notAvailable,notAvailable,notAvailable,notAvailable,notAvailable,notAvailable
PROJ145,GSE274113,SAM0859,rep16,Homo sapiens,GSM8443610,Hematopoietic cells,blood,UBERON:0000178,0,0,notAvailable,notAvailable,notAvailable,erythroid cells,erythroid lineage cell,CL:0000764,healthy,normal,PATO:0000461,notAvailable,notAvailable,notAvailable,notAvailable,notAvailable,notAvailable,notAvailable
PROJ145,GSE274113,SAM0860,rep4,Homo sapiens,GSM8443600,Hematopoietic cells,blood,UBERON:0000178,0,0,notAvailable,notAvailable,notAvailable,erythroid cells,erythroid lineage cell,CL:0000764,healthy,normal,PATO:0000461,notAvailable,notAvailable,notAvailable,notAvailable,notAvailable,notAvailable,notAvailable
PROJ146,GSE274986,SAM0861,6467_C,Homo sapiens,GSM8820715,GBM patient brain tissue,brain,UBERON:0000955,0,0,notAvailable,notAvailable,notAvailable,notAvailable,notAvailable,notAvailable,GBM,glioblastoma,DOID:3068,notAvailable,notAvailable,P6467,male,46_year,adult,peritumoral zone
PROJ146,GSE274986,SAM0862,6509_C,Homo sapiens,GSM8820721,GBM patient brain tissue,brain,UBERON:0000955,0,0,notAvailable,notAvailable,notAvailable,notAvailable,notAvailable,notAvailable,GBM,glioblastoma,DOID:3068,notAvailable,notAvailable,P6509,male,66_year,adult,tumor core
PROJ146,GSE274986,SAM0863,6419_C,Homo sapiens,GSM8820704,GBM patient brain tissue,brain,UBERON:0000955,0,0,notAvailable,notAvailable,notAvailable,notAvailable,notAvailable,notAvailable,GBM,glioblastoma,DOID:3068,notAvailable,notAvailable,P6419,female,59_year,adult,tumor core
PROJ146,GSE274986,SAM0864,6467_F,Homo sapiens,GSM8820718,GBM patient brain tissue,brain,UBERON:0000955,0,0,notAvailable,notAvailable,notAvailable,notAvailable,notAvailable,notAvailable,GBM,glioblastoma,DOID:3068,notAvailable,notAvailable,P6467,male,46_year,adult,peritumoral zone
PROJ146,GSE274986,SAM0865,6419_B,Homo sapiens,GSM8820703,GBM patient brain tissue,brain,UBERON:0000955,0,0,notAvailable,notAvailable,notAvailable,notAvailable,notAvailable,notAvailable,GBM,glioblastoma,DOID:3068,notAvailable,notAvailable,P6419,female,59_year,adult,peritumoral zone
PROJ146,GSE274986,SAM0866,6425_F,Homo sapiens,GSM8820710,GBM patient brain tissue,brain,UBERON:0000955,0,0,notAvailable,notAvailable,notAvailable,notAvailable,notAvailable,notAvailable,GBM,glioblastoma,DOID:3068,notAvailable,notAvailable,P6425,male,67_year,adult,peritumoral zone
PROJ146,GSE274986,SAM0867,6514_D,Homo sapiens,GSM8820727,GBM patient brain tissue,brain,UBERON:0000955,0,0,notAvailable,notAvailable,notAvailable,notAvailable,notAvailable,notAvailable,GBM,glioblastoma,DOID:3068,notAvailable,notAvailable,P6514,female,67_year,adult,peritumoral zone
PROJ146,GSE274986,SAM0868,6514_A,Homo sapiens,GSM8820724,GBM patient brain tissue,brain,UBERON:0000955,0,0,notAvailable,notAvailable,notAvailable,notAvailable,notAvailable,notAvailable,GBM,glioblastoma,DOID:3068,notAvailable,notAvailable,P6514,female,67_year,adult,tumor edge
PROJ146,GSE274986,SAM0869,6425_C,Homo sapiens,GSM8820707,GBM patient brain tissue,brain,UBERON:0000955,0,0,notAvailable,notAvailable,notAvailable,notAvailable,notAvailable,notAvailable,GBM,glioblastoma,DOID:3068,notAvailable,notAvailable,P6425,male,67_year,adult,tumor edge
PROJ146,GSE274986,SAM0870,6425_G,Homo sapiens,GSM8820711,GBM patient brain tissue,brain,UBERON:0000955,0,0,notAvailable,notAvailable,notAvailable,notAvailable,notAvailable,notAvailable,GBM,glioblastoma,DOID:3068,notAvailable,notAvailable,P6425,male,67_year,adult,peritumoral zone
PROJ146,GSE274986,SAM0871,6509_B,Homo sapiens,GSM8820720,GBM patient brain tissue,brain,UBERON:0000955,0,0,notAvailable,notAvailable,notAvailable,notAvailable,notAvailable,notAvailable,GBM,glioblastoma,DOID:3068,notAvailable,notAvailable,P6509,male,66_year,adult,tumor edge
PROJ146,GSE274986,SAM0872,6509_D,Homo sapiens,GSM8820722,GBM patient brain tissue,brain,UBERON:0000955,0,0,notAvailable,notAvailable,notAvailable,notAvailable,notAvailable,notAvailable,GBM,glioblastoma,DOID:3068,notAvailable,notAvailable,P6509,male,66_year,adult,tumor core
PROJ146,GSE274986,SAM0873,6467_D,Homo sapiens,GSM8820716,GBM patient brain tissue,brain,UBERON:0000955,0,0,notAvailable,notAvailable,notAvailable,notAvailable,notAvailable,notAvailable,GBM,glioblastoma,DOID:3068,notAvailable,notAvailable,P6467,male,46_year,adult,tumor core
PROJ146,GSE274986,SAM0874,6509_A,Homo sapiens,GSM8820719,GBM patient brain tissue,brain,UBERON:0000955,0,0,notAvailable,notAvailable,notAvailable,notAvailable,notAvailable,notAvailable,GBM,glioblastoma,DOID:3068,notAvailable,notAvailable,P6509,male,66_year,adult,peritumoral zone
PROJ146,GSE274986,SAM0875,6467_B,Homo sapiens,GSM8820714,GBM patient brain tissue,brain,UBERON:0000955,0,0,notAvailable,notAvailable,notAvailable,notAvailable,notAvailable,notAvailable,GBM,glioblastoma,DOID:3068,notAvailable,notAvailable,P6467,male,46_year,adult,peritumoral zone
PROJ146,GSE274986,SAM0876,6467_A,Homo sapiens,GSM8820713,GBM patient brain tissue,brain,UBERON:0000955,0,0,notAvailable,notAvailable,notAvailable,notAvailable,notAvailable,notAvailable,GBM,glioblastoma,DOID:3068,notAvailable,notAvailable,P6467,male,46_year,adult,peritumoral zone
PROJ146,GSE274986,SAM0877,6514_C,Homo sapiens,GSM8820726,GBM patient brain tissue,brain,UBERON:0000955,0,0,notAvailable,notAvailable,notAvailable,notAvailable,notAvailable,notAvailable,GBM,glioblastoma,DOID:3068,notAvailable,notAvailable,P6514,female,67_year,adult,tumor core
PROJ146,GSE274986,SAM0878,6419_D,Homo sapiens,GSM8820705,GBM patient brain tissue,brain,UBERON:0000955,0,0,notAvailable,notAvailable,notAvailable,notAvailable,notAvailable,notAvailable,GBM,glioblastoma,DOID:3068,notAvailable,notAvailable,P6419,female,59_year,adult,tumor core
PROJ146,GSE274986,SAM0879,6425_D,Homo sapiens,GSM8820708,GBM patient brain tissue,brain,UBERON:0000955,0,0,notAvailable,notAvailable,notAvailable,notAvailable,notAvailable,notAvailable,GBM,glioblastoma,DOID:3068,notAvailable,notAvailable,P6425,male,67_year,adult,tumor edge
PROJ146,GSE274986,SAM0880,6467_E,Homo sapiens,GSM8820717,GBM patient brain tissue,brain,UBERON:0000955,0,0,notAvailable,notAvailable,notAvailable,notAvailable,notAvailable,notAvailable,GBM,glioblastoma,DOID:3068,notAvailable,notAvailable,P6467,male,46_year,adult,tumor core
PROJ146,GSE274986,SAM0881,6425_A,Homo sapiens,GSM8820706,GBM patient brain tissue,brain,UBERON:0000955,0,0,notAvailable,notAvailable,notAvailable,notAvailable,notAvailable,notAvailable,GBM,glioblastoma,DOID:3068,notAvailable,notAvailable,P6425,male,67_year,adult,peritumoral zone
PROJ146,GSE274986,SAM0882,6419_A,Homo sapiens,GSM8820702,GBM patient brain tissue,brain,UBERON:0000955,0,0,notAvailable,notAvailable,notAvailable,notAvailable,notAvailable,notAvailable,GBM,glioblastoma,DOID:3068,notAvailable,notAvailable,P6419,female,59_year,adult,peritumoral zone
PROJ146,GSE274986,SAM0883,6434_A,Homo sapiens,GSM8820712,GBM patient brain tissue,brain,UBERON:0000955,0,0,notAvailable,notAvailable,notAvailable,notAvailable,notAvailable,notAvailable,GBM,glioblastoma,DOID:3068,notAvailable,notAvailable,P6434,female,68_year,adult,tumor core
PROJ146,GSE274986,SAM0884,6425_E,Homo sapiens,GSM8820709,GBM patient brain tissue,brain,UBERON:0000955,0,0,notAvailable,notAvailable,notAvailable,notAvailable,notAvailable,notAvailable,GBM,glioblastoma,DOID:3068,notAvailable,notAvailable,P6425,male,67_year,adult,peritumoral zone
PROJ146,GSE274986,SAM0885,6509_E,Homo sapiens,GSM8820723,GBM patient brain tissue,brain,UBERON:0000955,0,0,notAvailable,notAvailable,notAvailable,notAvailable,notAvailable,notAvailable,GBM,glioblastoma,DOID:3068,notAvailable,notAvailable,P6509,male,66_year,adult,peritumoral zone
PROJ146,GSE274986,SAM0886,6514_B,Homo sapiens,GSM8820725,GBM patient brain tissue,brain,UBERON:0000955,0,0,notAvailable,notAvailable,notAvailable,notAvailable,notAvailable,notAvailable,GBM,glioblastoma,DOID:3068,notAvailable,notAvailable,P6514,female,67_year,adult,tumor core
PROJ147,GSE276058,SAM0887,ms,Mus musculus,GSM8490462,129S2C1a mouse epiblast stem cells,embryo,UBERON:0000922,1,1,129S2C1a mouse epiblast stem cells,mouse embryonic stem cell line cell,CLO:0037317,epiblast stem cells,embryonic stem cell,CL:0002322,healthy,normal,PATO:0000461,notAvailable,WT,notAvailable,notAvailable,notAvailable,notAvailable,notAvailable
PROJ147,GSE276058,SAM0888,hu,Homo sapiens,GSM8490458,H9 human embryonic stem cells,embryo,UBERON:0000922,1,1,H9 human embryonic stem cells,WA09,CVCL_9773,hESC,embryonic stem cell,CL:0002322,healthy,normal,PATO:0000461,notAvailable,notAvailable,notAvailable,notAvailable,notAvailable,notAvailable,notAvailable
PROJ148,GSE276177,SAM0889,tumor_3_25T,Homo sapiens,GSM8492631,human glioblastoma,brain,UBERON:0000955,0,0,notAvailable,notAvailable,notAvailable,notAvailable,notAvailable,notAvailable,human glioblastoma,glioblastoma,DOID:3068,notAvailable,notAvailable,GBM25,female,notAvailable,notAvailable,tumor
PROJ148,GSE276177,SAM0890,tumor_1,Homo sapiens,GSM8492633,human glioblastoma,brain,UBERON:0000955,0,0,notAvailable,notAvailable,notAvailable,notAvailable,notAvailable,notAvailable,human glioblastoma,glioblastoma,DOID:3068,notAvailable,notAvailable,GBM38,male,notAvailable,notAvailable,tumor
PROJ148,GSE276177,SAM0891,margin_2,Homo sapiens,GSM8492625,human glioblastoma,brain,UBERON:0000955,0,0,notAvailable,notAvailable,notAvailable,notAvailable,notAvailable,notAvailable,human glioblastoma,glioblastoma,DOID:3068,notAvailable,notAvailable,GBM20,male,notAvailable,notAvailable,margin
PROJ148,GSE276177,SAM0892,margin_1,Homo sapiens,GSM8492629,human glioblastoma,brain,UBERON:0000955,0,0,notAvailable,notAvailable,notAvailable,notAvailable,notAvailable,notAvailable,human glioblastoma,glioblastoma,DOID:3068,notAvailable,notAvailable,GBM25,female,notAvailable,notAvailable,margin
PROJ148,GSE276177,SAM0893,tumor_2,Homo sapiens,GSM8492627,human glioblastoma,brain,UBERON:0000955,0,0,notAvailable,notAvailable,notAvailable,notAvailable,notAvailable,notAvailable,human glioblastoma,glioblastoma,DOID:3068,notAvailable,notAvailable,GBM20,male,notAvailable,notAvailable,tumor
PROJ149,GSE276572,SAM0894,8487-RD-1_AL,Mus musculus,GSM8502271,Pancreatic islets,islet of Langerhans,UBERON:0000006,0,0,notAvailable,notAvailable,notAvailable,notAvailable,notAvailable,notAvailable,normal,normal,PATO:0000461,ad_libitum_diet,WT,notAvailable,notAvailable,4_month,notAvailable,notAvailable
PROJ149,GSE276572,SAM0895,8487-RD-5_HF,Mus musculus,GSM8502279,Pancreatic islets,islet of Langerhans,UBERON:0000006,0,0,notAvailable,notAvailable,notAvailable,notAvailable,notAvailable,notAvailable,normal,normal,PATO:0000461,high_fat_diet_60percent,WT,notAvailable,notAvailable,4_month,notAvailable,notAvailable
PROJ149,GSE276572,SAM0896,8487-RD-3_AL,Mus musculus,GSM8502275,Pancreatic islets,islet of Langerhans,UBERON:0000006,0,0,notAvailable,notAvailable,notAvailable,notAvailable,notAvailable,notAvailable,normal,normal,PATO:0000461,ad_libitum_diet,WT,notAvailable,notAvailable,4_month,notAvailable,notAvailable
PROJ149,GSE276572,SAM0897,8487-RD-2_CR,Mus musculus,GSM8502273,Pancreatic islets,islet of Langerhans,UBERON:0000006,0,0,notAvailable,notAvailable,notAvailable,notAvailable,notAvailable,notAvailable,normal,normal,PATO:0000461,caloric_restriction_20percent,WT,notAvailable,notAvailable,4_month,notAvailable,notAvailable
PROJ149,GSE276572,SAM0898,8401-RD-1_HF,Mus musculus,GSM8502269,Pancreatic islets,islet of Langerhans,UBERON:0000006,0,0,notAvailable,notAvailable,notAvailable,notAvailable,notAvailable,notAvailable,normal,normal,PATO:0000461,high_fat_diet_60percent,WT,notAvailable,notAvailable,4_month,notAvailable,notAvailable
PROJ149,GSE276572,SAM0899,8487-RD-4_CR,Mus musculus,GSM8502277,Pancreatic islets,islet of Langerhans,UBERON:0000006,0,0,notAvailable,notAvailable,notAvailable,notAvailable,notAvailable,notAvailable,normal,normal,PATO:0000461,caloric_restriction_20percent,WT,notAvailable,notAvailable,4_month,notAvailable,notAvailable
PROJ150,GSE277326,SAM0900,QY_1840_1_2_QY_1839_1,Homo sapiens,GSM8519431,macula,macula,UBERON:0000054,0,0,notAvailable,notAvailable,notAvailable,notAvailable,notAvailable,notAvailable,Healthy unaffcted,normal,PATO:0000461,notAvailable,notAvailable,donor 1,notAvailable,21_year,adult,notAvailable
PROJ150,GSE277326,SAM0901,QY_1960_1_2_QY_1959_1,Homo sapiens,GSM8519436,RPE,pigmented layer of retina,UBERON:0001782,0,0,notAvailable,notAvailable,notAvailable,notAvailable,notAvailable,notAvailable,Healthy unaffcted,normal,PATO:0000461,notAvailable,notAvailable,donor 2,notAvailable,27_year,adult,notAvailable
PROJ150,GSE277326,SAM0902,QY_1993_1_2_QY_1992_1,Homo sapiens,GSM8519437,macula,macula,UBERON:0000054,0,0,notAvailable,notAvailable,notAvailable,notAvailable,notAvailable,notAvailable,Healthy unaffcted,normal,PATO:0000461,notAvailable,notAvailable,donor 3,notAvailable,43_year,adult,notAvailable
PROJ150,GSE277326,SAM0903,QY_1997_1_2_QY_1996_1,Homo sapiens,GSM8519439,RPE,pigmented layer of retina,UBERON:0001782,0,0,notAvailable,notAvailable,notAvailable,notAvailable,notAvailable,notAvailable,Healthy unaffcted,normal,PATO:0000461,notAvailable,notAvailable,donor 3,notAvailable,43_year,adult,notAvailable
PROJ150,GSE277326,SAM0904,QY_1958_1_2_QY_1957_1,Homo sapiens,GSM8519435,RPE,pigmented layer of retina,UBERON:0001782,0,0,notAvailable,notAvailable,notAvailable,notAvailable,notAvailable,notAvailable,Healthy unaffcted,normal,PATO:0000461,notAvailable,notAvailable,donor 1,notAvailable,21_year,adult,notAvailable
PROJ150,GSE277326,SAM0905,QY_1956_1_2_QY_1955_1,Homo sapiens,GSM8519434,retina,retina,UBERON:0000966,0,0,notAvailable,notAvailable,notAvailable,notAvailable,notAvailable,notAvailable,Healthy unaffcted,normal,PATO:0000461,notAvailable,notAvailable,donor 2,notAvailable,27_year,adult,notAvailable
PROJ150,GSE277326,SAM0906,QY_1952_1_2_QY_1951_1,Homo sapiens,GSM8519432,macula,macula,UBERON:0000054,0,0,notAvailable,notAvailable,notAvailable,notAvailable,notAvailable,notAvailable,Healthy unaffcted,normal,PATO:0000461,notAvailable,notAvailable,donor 2,notAvailable,27_year,adult,notAvailable
PROJ150,GSE277326,SAM0907,QY_1954_1_2_QY_1953_1,Homo sapiens,GSM8519433,retina,retina,UBERON:0000966,0,0,notAvailable,notAvailable,notAvailable,notAvailable,notAvailable,notAvailable,Healthy unaffcted,normal,PATO:0000461,notAvailable,notAvailable,donor 1,notAvailable,21_year,adult,notAvailable
PROJ150,GSE277326,SAM0908,QY_1995_1_2_QY_1994_1,Homo sapiens,GSM8519438,retina,retina,UBERON:0000966,0,0,notAvailable,notAvailable,notAvailable,notAvailable,notAvailable,notAvailable,Healthy unaffcted,normal,PATO:0000461,notAvailable,notAvailable,donor 3,notAvailable,43_year,adult,notAvailable
PROJ151,GSE277390,SAM0909,Rbpj_mCherry_NMDA,Mus musculus,GSM8521522,Retina,retina,UBERON:0000966,0,0,notAvailable,notAvailable,notAvailable,retinal cells,retinal cell,CL:0009004,normal,normal,PATO:0000461,notAvailable,RBPJ_KO_Gfap_mCherry,notAvailable,notAvailable,adult,adult,notAvailable
PROJ151,GSE277390,SAM0910,Control_mCherry_NMDA,Mus musculus,GSM8521523,Retina,retina,UBERON:0000966,0,0,notAvailable,notAvailable,notAvailable,retinal cells,retinal cell,CL:0009004,normal,normal,PATO:0000461,notAvailable,Gfap_mCherry,notAvailable,notAvailable,adult,adult,notAvailable
PROJ151,GSE277390,SAM0911,Rbpj_Oct4_NMDA,Mus musculus,GSM8521520,Retina,retina,UBERON:0000966,0,0,notAvailable,notAvailable,notAvailable,retinal cells,retinal cell,CL:0009004,normal,normal,PATO:0000461,notAvailable,RBPJ_KO_Gfap_Oct4,notAvailable,notAvailable,adult,adult,notAvailable
PROJ151,GSE277390,SAM0912,Control_Oct4_NMDA,Mus musculus,GSM8521521,Retina,retina,UBERON:0000966,0,0,notAvailable,notAvailable,notAvailable,retinal cells,retinal cell,CL:0009004,normal,normal,PATO:0000461,notAvailable,Gfap_Oct4,notAvailable,notAvailable,adult,adult,notAvailable
PROJ152,GSE278576,SAM0913,hc5614,Homo sapiens,GSM8549621,hippocampus,hippocampal formation,UBERON:0002421,0,0,notAvailable,notAvailable,notAvailable,notAvailable,notAvailable,notAvailable,notAvailable,notAvailable,notAvailable,notAvailable,notAvailable,hc5614,notAvailable,notAvailable,notAvailable,notAvailable
PROJ152,GSE278576,SAM0914,hc937,Homo sapiens,GSM8549624,hippocampus,hippocampal formation,UBERON:0002421,0,0,notAvailable,notAvailable,notAvailable,notAvailable,notAvailable,notAvailable,notAvailable,notAvailable,notAvailable,notAvailable,notAvailable,hc937,notAvailable,notAvailable,notAvailable,notAvailable
PROJ152,GSE278576,SAM0915,hc5551,Homo sapiens,GSM8549633,hippocampus,hippocampal formation,UBERON:0002421,0,0,notAvailable,notAvailable,notAvailable,notAvailable,notAvailable,notAvailable,notAvailable,notAvailable,notAvailable,notAvailable,notAvailable,hc5551,notAvailable,notAvailable,notAvailable,notAvailable
PROJ152,GSE278576,SAM0916,hc13394,Homo sapiens,GSM8549635,hippocampus,hippocampal formation,UBERON:0002421,0,0,notAvailable,notAvailable,notAvailable,notAvailable,notAvailable,notAvailable,notAvailable,notAvailable,notAvailable,notAvailable,notAvailable,hc13394,notAvailable,notAvailable,notAvailable,notAvailable
PROJ152,GSE278576,SAM0917,hc46426,Homo sapiens,GSM8549637,hippocampus,hippocampal formation,UBERON:0002421,0,0,notAvailable,notAvailable,notAvailable,notAvailable,notAvailable,notAvailable,notAvailable,notAvailable,notAvailable,notAvailable,notAvailable,hc46426,notAvailable,notAvailable,notAvailable,notAvailable
PROJ152,GSE278576,SAM0918,hc26,Homo sapiens,GSM8549650,hippocampus,hippocampal formation,UBERON:0002421,0,0,notAvailable,notAvailable,notAvailable,notAvailable,notAvailable,notAvailable,notAvailable,notAvailable,notAvailable,notAvailable,notAvailable,hc26,notAvailable,notAvailable,notAvailable,notAvailable
PROJ152,GSE278576,SAM0919,hc212191,Homo sapiens,GSM8549652,hippocampus,hippocampal formation,UBERON:0002421,0,0,notAvailable,notAvailable,notAvailable,notAvailable,notAvailable,notAvailable,notAvailable,notAvailable,notAvailable,notAvailable,notAvailable,hc212191,notAvailable,notAvailable,notAvailable,notAvailable
PROJ152,GSE278576,SAM0920,hc5087,Homo sapiens,GSM8549628,hippocampus,hippocampal formation,UBERON:0002421,0,0,notAvailable,notAvailable,notAvailable,notAvailable,notAvailable,notAvailable,notAvailable,notAvailable,notAvailable,notAvailable,notAvailable,hc5087,notAvailable,notAvailable,notAvailable,notAvailable
PROJ152,GSE278576,SAM0921,hc6021,Homo sapiens,GSM8549634,hippocampus,hippocampal formation,UBERON:0002421,0,0,notAvailable,notAvailable,notAvailable,notAvailable,notAvailable,notAvailable,notAvailable,notAvailable,notAvailable,notAvailable,notAvailable,hc6021,notAvailable,notAvailable,notAvailable,notAvailable
PROJ152,GSE278576,SAM0922,hc11,Homo sapiens,GSM8549647,hippocampus,hippocampal formation,UBERON:0002421,0,0,notAvailable,notAvailable,notAvailable,notAvailable,notAvailable,notAvailable,notAvailable,notAvailable,notAvailable,notAvailable,notAvailable,hc11,notAvailable,notAvailable,notAvailable,notAvailable
PROJ152,GSE278576,SAM0923,hc9,Homo sapiens,GSM8549654,hippocampus,hippocampal formation,UBERON:0002421,0,0,notAvailable,notAvailable,notAvailable,notAvailable,notAvailable,notAvailable,notAvailable,notAvailable,notAvailable,notAvailable,notAvailable,hc9,notAvailable,notAvailable,notAvailable,notAvailable
PROJ152,GSE278576,SAM0924,hc6052,Homo sapiens,GSM8549620,hippocampus,hippocampal formation,UBERON:0002421,0,0,notAvailable,notAvailable,notAvailable,notAvailable,notAvailable,notAvailable,notAvailable,notAvailable,notAvailable,notAvailable,notAvailable,hc6052,notAvailable,notAvailable,notAvailable,notAvailable
PROJ152,GSE278576,SAM0925,hc8,Homo sapiens,GSM8549679,hippocampus,hippocampal formation,UBERON:0002421,0,0,notAvailable,notAvailable,notAvailable,notAvailable,notAvailable,notAvailable,notAvailable,notAvailable,notAvailable,notAvailable,notAvailable,hc8,notAvailable,notAvailable,notAvailable,notAvailable
PROJ152,GSE278576,SAM0926,hc69984,Homo sapiens,GSM8549643,hippocampus,hippocampal formation,UBERON:0002421,0,0,notAvailable,notAvailable,notAvailable,notAvailable,notAvailable,notAvailable,notAvailable,notAvailable,notAvailable,notAvailable,notAvailable,hc69984,notAvailable,notAvailable,notAvailable,notAvailable
PROJ152,GSE278576,SAM0927,hc29,Homo sapiens,GSM8549619,hippocampus,hippocampal formation,UBERON:0002421,0,0,notAvailable,notAvailable,notAvailable,notAvailable,notAvailable,notAvailable,notAvailable,notAvailable,notAvailable,notAvailable,notAvailable,hc29,notAvailable,notAvailable,notAvailable,notAvailable
PROJ152,GSE278576,SAM0928,hc1134,Homo sapiens,GSM8549625,hippocampus,hippocampal formation,UBERON:0002421,0,0,notAvailable,notAvailable,notAvailable,notAvailable,notAvailable,notAvailable,notAvailable,notAvailable,notAvailable,notAvailable,notAvailable,hc1134,notAvailable,notAvailable,notAvailable,notAvailable
PROJ152,GSE278576,SAM0929,hc5610,Homo sapiens,GSM8549632,hippocampus,hippocampal formation,UBERON:0002421,0,0,notAvailable,notAvailable,notAvailable,notAvailable,notAvailable,notAvailable,notAvailable,notAvailable,notAvailable,notAvailable,notAvailable,hc5610,notAvailable,notAvailable,notAvailable,notAvailable
PROJ152,GSE278576,SAM0930,hc1271,Homo sapiens,GSM8549640,hippocampus,hippocampal formation,UBERON:0002421,0,0,notAvailable,notAvailable,notAvailable,notAvailable,notAvailable,notAvailable,notAvailable,notAvailable,notAvailable,notAvailable,notAvailable,hc1271,notAvailable,notAvailable,notAvailable,notAvailable
PROJ152,GSE278576,SAM0931,hc1203,Homo sapiens,GSM8549642,hippocampus,hippocampal formation,UBERON:0002421,0,0,notAvailable,notAvailable,notAvailable,notAvailable,notAvailable,notAvailable,notAvailable,notAvailable,notAvailable,notAvailable,notAvailable,hc1203,notAvailable,notAvailable,notAvailable,notAvailable
PROJ152,GSE278576,SAM0932,hc35,Homo sapiens,GSM8549653,hippocampus,hippocampal formation,UBERON:0002421,0,0,notAvailable,notAvailable,notAvailable,notAvailable,notAvailable,notAvailable,notAvailable,notAvailable,notAvailable,notAvailable,notAvailable,hc35,notAvailable,notAvailable,notAvailable,notAvailable
PROJ152,GSE278576,SAM0933,hc935,Homo sapiens,GSM8549623,hippocampus,hippocampal formation,UBERON:0002421,0,0,notAvailable,notAvailable,notAvailable,notAvailable,notAvailable,notAvailable,notAvailable,notAvailable,notAvailable,notAvailable,notAvailable,hc935,notAvailable,notAvailable,notAvailable,notAvailable
PROJ152,GSE278576,SAM0934,hc1265,Homo sapiens,GSM8549638,hippocampus,hippocampal formation,UBERON:0002421,0,0,notAvailable,notAvailable,notAvailable,notAvailable,notAvailable,notAvailable,notAvailable,notAvailable,notAvailable,notAvailable,notAvailable,hc1265,notAvailable,notAvailable,notAvailable,notAvailable
PROJ152,GSE278576,SAM0935,hc78,Homo sapiens,GSM8549616,hippocampus,hippocampal formation,UBERON:0002421,0,0,notAvailable,notAvailable,notAvailable,notAvailable,notAvailable,notAvailable,notAvailable,notAvailable,notAvailable,notAvailable,notAvailable,hc78,notAvailable,notAvailable,notAvailable,notAvailable
PROJ152,GSE278576,SAM0936,hc76,Homo sapiens,GSM8549618,hippocampus,hippocampal formation,UBERON:0002421,0,0,notAvailable,notAvailable,notAvailable,notAvailable,notAvailable,notAvailable,notAvailable,notAvailable,notAvailable,notAvailable,notAvailable,hc76,notAvailable,notAvailable,notAvailable,notAvailable
PROJ152,GSE278576,SAM0937,hc13344,Homo sapiens,GSM8549622,hippocampus,hippocampal formation,UBERON:0002421,0,0,notAvailable,notAvailable,notAvailable,notAvailable,notAvailable,notAvailable,notAvailable,notAvailable,notAvailable,notAvailable,notAvailable,hc13344,notAvailable,notAvailable,notAvailable,notAvailable
PROJ152,GSE278576,SAM0938,hc13414,Homo sapiens,GSM8549626,hippocampus,hippocampal formation,UBERON:0002421,0,0,notAvailable,notAvailable,notAvailable,notAvailable,notAvailable,notAvailable,notAvailable,notAvailable,notAvailable,notAvailable,notAvailable,hc13414,notAvailable,notAvailable,notAvailable,notAvailable
PROJ152,GSE278576,SAM0939,hc81,Homo sapiens,GSM8549631,hippocampus,hippocampal formation,UBERON:0002421,0,0,notAvailable,notAvailable,notAvailable,notAvailable,notAvailable,notAvailable,notAvailable,notAvailable,notAvailable,notAvailable,notAvailable,hc81,notAvailable,notAvailable,notAvailable,notAvailable
PROJ152,GSE278576,SAM0940,hc73787,Homo sapiens,GSM8549636,hippocampus,hippocampal formation,UBERON:0002421,0,0,notAvailable,notAvailable,notAvailable,notAvailable,notAvailable,notAvailable,notAvailable,notAvailable,notAvailable,notAvailable,notAvailable,hc73787,notAvailable,notAvailable,notAvailable,notAvailable
PROJ152,GSE278576,SAM0941,hc98,Homo sapiens,GSM8549645,hippocampus,hippocampal formation,UBERON:0002421,0,0,notAvailable,notAvailable,notAvailable,notAvailable,notAvailable,notAvailable,notAvailable,notAvailable,notAvailable,notAvailable,notAvailable,hc98,notAvailable,notAvailable,notAvailable,notAvailable
PROJ152,GSE278576,SAM0942,hc73,Homo sapiens,GSM8549688,hippocampus,hippocampal formation,UBERON:0002421,0,0,notAvailable,notAvailable,notAvailable,notAvailable,notAvailable,notAvailable,notAvailable,notAvailable,notAvailable,notAvailable,notAvailable,hc73,notAvailable,notAvailable,notAvailable,notAvailable
PROJ152,GSE278576,SAM0943,hc77,Homo sapiens,GSM8549615,hippocampus,hippocampal formation,UBERON:0002421,0,0,notAvailable,notAvailable,notAvailable,notAvailable,notAvailable,notAvailable,notAvailable,notAvailable,notAvailable,notAvailable,notAvailable,hc77,notAvailable,notAvailable,notAvailable,notAvailable
PROJ152,GSE278576,SAM0944,hc5579,Homo sapiens,GSM8549617,hippocampus,hippocampal formation,UBERON:0002421,0,0,notAvailable,notAvailable,notAvailable,notAvailable,notAvailable,notAvailable,notAvailable,notAvailable,notAvailable,notAvailable,notAvailable,hc5579,notAvailable,notAvailable,notAvailable,notAvailable
PROJ152,GSE278576,SAM0945,hc1745,Homo sapiens,GSM8549629,hippocampus,hippocampal formation,UBERON:0002421,0,0,notAvailable,notAvailable,notAvailable,notAvailable,notAvailable,notAvailable,notAvailable,notAvailable,notAvailable,notAvailable,notAvailable,hc1745,notAvailable,notAvailable,notAvailable,notAvailable
PROJ152,GSE278576,SAM0946,hc4781,Homo sapiens,GSM8549630,hippocampus,hippocampal formation,UBERON:0002421,0,0,notAvailable,notAvailable,notAvailable,notAvailable,notAvailable,notAvailable,notAvailable,notAvailable,notAvailable,notAvailable,notAvailable,hc4781,notAvailable,notAvailable,notAvailable,notAvailable
PROJ152,GSE278576,SAM0947,hc12,Homo sapiens,GSM8549646,hippocampus,hippocampal formation,UBERON:0002421,0,0,notAvailable,notAvailable,notAvailable,notAvailable,notAvailable,notAvailable,notAvailable,notAvailable,notAvailable,notAvailable,notAvailable,hc12,notAvailable,notAvailable,notAvailable,notAvailable
PROJ152,GSE278576,SAM0948,hc19,Homo sapiens,GSM8549649,hippocampus,hippocampal formation,UBERON:0002421,0,0,notAvailable,notAvailable,notAvailable,notAvailable,notAvailable,notAvailable,notAvailable,notAvailable,notAvailable,notAvailable,notAvailable,hc19,notAvailable,notAvailable,notAvailable,notAvailable
PROJ152,GSE278576,SAM0949,hc5021,Homo sapiens,GSM8549627,hippocampus,hippocampal formation,UBERON:0002421,0,0,notAvailable,notAvailable,notAvailable,notAvailable,notAvailable,notAvailable,notAvailable,notAvailable,notAvailable,notAvailable,notAvailable,hc5021,notAvailable,notAvailable,notAvailable,notAvailable
PROJ152,GSE278576,SAM0950,hc1153,Homo sapiens,GSM8549641,hippocampus,hippocampal formation,UBERON:0002421,0,0,notAvailable,notAvailable,notAvailable,notAvailable,notAvailable,notAvailable,notAvailable,notAvailable,notAvailable,notAvailable,notAvailable,hc1153,notAvailable,notAvailable,notAvailable,notAvailable
PROJ152,GSE278576,SAM0951,hc1216,Homo sapiens,GSM8549644,hippocampus,hippocampal formation,UBERON:0002421,0,0,notAvailable,notAvailable,notAvailable,notAvailable,notAvailable,notAvailable,notAvailable,notAvailable,notAvailable,notAvailable,notAvailable,hc1216,notAvailable,notAvailable,notAvailable,notAvailable
PROJ152,GSE278576,SAM0952,hc40,Homo sapiens,GSM8549651,hippocampus,hippocampal formation,UBERON:0002421,0,0,notAvailable,notAvailable,notAvailable,notAvailable,notAvailable,notAvailable,notAvailable,notAvailable,notAvailable,notAvailable,notAvailable,hc40,notAvailable,notAvailable,notAvailable,notAvailable
PROJ153,GSE280167,SAM0953,VV_M1,Mus musculus,GSM8590677,Brain,brain,UBERON:0000955,0,0,notAvailable,notAvailable,notAvailable,notAvailable,notAvailable,notAvailable,notAvailable,notAvailable,notAvailable,notAvailable,V321L_WT,M1,male,notAvailable,notAvailable,notAvailable
PROJ153,GSE280167,SAM0954,VV_F2,Mus musculus,GSM8590676,Brain,brain,UBERON:0000955,0,0,notAvailable,notAvailable,notAvailable,notAvailable,notAvailable,notAvailable,notAvailable,notAvailable,notAvailable,notAvailable,V321L_WT,F2,female,notAvailable,notAvailable,notAvailable
PROJ153,GSE280167,SAM0955,LL_F2,Mus musculus,GSM8590680,Brain,brain,UBERON:0000955,0,0,notAvailable,notAvailable,notAvailable,notAvailable,notAvailable,notAvailable,notAvailable,notAvailable,notAvailable,notAvailable,V321L_HET_MUT,F2,female,notAvailable,notAvailable,notAvailable
PROJ153,GSE280167,SAM0956,LL_M1,Mus musculus,GSM8590681,Brain,brain,UBERON:0000955,0,0,notAvailable,notAvailable,notAvailable,notAvailable,notAvailable,notAvailable,notAvailable,notAvailable,notAvailable,notAvailable,V321L_HET_MUT,M1,male,notAvailable,notAvailable,notAvailable
PROJ153,GSE280167,SAM0957,VV_F1,Mus musculus,GSM8590675,Brain,brain,UBERON:0000955,0,0,notAvailable,notAvailable,notAvailable,notAvailable,notAvailable,notAvailable,notAvailable,notAvailable,notAvailable,notAvailable,V321L_WT,F1,female,notAvailable,notAvailable,notAvailable
PROJ153,GSE280167,SAM0958,LL_M2,Mus musculus,GSM8590682,Brain,brain,UBERON:0000955,0,0,notAvailable,notAvailable,notAvailable,notAvailable,notAvailable,notAvailable,notAvailable,notAvailable,notAvailable,notAvailable,V321L_HET_MUT,M2,male,notAvailable,notAvailable,notAvailable
PROJ153,GSE280167,SAM0959,VV_M2,Mus musculus,GSM8590678,Brain,brain,UBERON:0000955,0,0,notAvailable,notAvailable,notAvailable,notAvailable,notAvailable,notAvailable,notAvailable,notAvailable,notAvailable,notAvailable,V321L_WT,M2,male,notAvailable,notAvailable,notAvailable
PROJ153,GSE280167,SAM0960,LL_F1,Mus musculus,GSM8590679,Brain,brain,UBERON:0000955,0,0,notAvailable,notAvailable,notAvailable,notAvailable,notAvailable,notAvailable,notAvailable,notAvailable,notAvailable,notAvailable,V321L_HET_MUT,F1,female,notAvailable,notAvailable,notAvailable
PROJ154,GSE280543,SAM0961,s1,Mus musculus,GSM8600334,embryo,embryo,UBERON:0000922,0,0,notAvailable,notAvailable,notAvailable,notAvailable,notAvailable,notAvailable,normal,normal,PATO:0000461,notAvailable,WT,notAvailable,notAvailable,7.75_day,embryonic,notAvailable
PROJ154,GSE280543,SAM0962,s10,Mus musculus,GSM8600343,embryo,embryo,UBERON:0000922,0,0,notAvailable,notAvailable,notAvailable,notAvailable,notAvailable,notAvailable,normal,normal,PATO:0000461,notAvailable,WT,notAvailable,notAvailable,8.5_day,embryonic,notAvailable
PROJ154,GSE280543,SAM0963,s11,Mus musculus,GSM8600344,embryo,embryo,UBERON:0000922,0,0,notAvailable,notAvailable,notAvailable,notAvailable,notAvailable,notAvailable,normal,normal,PATO:0000461,notAvailable,WT,notAvailable,notAvailable,8.5_day,embryonic,notAvailable
PROJ154,GSE280543,SAM0964,s12,Mus musculus,GSM8600345,embryo,embryo,UBERON:0000922,0,0,notAvailable,notAvailable,notAvailable,notAvailable,notAvailable,notAvailable,normal,normal,PATO:0000461,notAvailable,MEF2C_KO,notAvailable,notAvailable,8.5_day,embryonic,notAvailable
PROJ154,GSE280543,SAM0965,s2,Mus musculus,GSM8600335,embryo,embryo,UBERON:0000922,0,0,notAvailable,notAvailable,notAvailable,notAvailable,notAvailable,notAvailable,normal,normal,PATO:0000461,notAvailable,MEF2C_KO,notAvailable,notAvailable,7.75_day,embryonic,notAvailable
PROJ154,GSE280543,SAM0966,s3,Mus musculus,GSM8600336,embryo,embryo,UBERON:0000922,0,0,notAvailable,notAvailable,notAvailable,notAvailable,notAvailable,notAvailable,normal,normal,PATO:0000461,notAvailable,MEF2C_KO,notAvailable,notAvailable,7.75_day,embryonic,notAvailable
PROJ154,GSE280543,SAM0967,s4,Mus musculus,GSM8600337,embryo,embryo,UBERON:0000922,0,0,notAvailable,notAvailable,notAvailable,notAvailable,notAvailable,notAvailable,normal,normal,PATO:0000461,notAvailable,WT,notAvailable,notAvailable,7.75_day,embryonic,notAvailable
PROJ154,GSE280543,SAM0968,s5,Mus musculus,GSM8600338,embryo,embryo,UBERON:0000922,0,0,notAvailable,notAvailable,notAvailable,notAvailable,notAvailable,notAvailable,normal,normal,PATO:0000461,notAvailable,WT,notAvailable,notAvailable,9_day,embryonic,notAvailable
PROJ154,GSE280543,SAM0969,s6,Mus musculus,GSM8600339,embryo,embryo,UBERON:0000922,0,0,notAvailable,notAvailable,notAvailable,notAvailable,notAvailable,notAvailable,normal,normal,PATO:0000461,notAvailable,MEF2C_KO,notAvailable,notAvailable,9_day,embryonic,notAvailable
PROJ154,GSE280543,SAM0970,s7,Mus musculus,GSM8600340,embryo,embryo,UBERON:0000922,0,0,notAvailable,notAvailable,notAvailable,notAvailable,notAvailable,notAvailable,normal,normal,PATO:0000461,notAvailable,MEF2C_KO,notAvailable,notAvailable,9_day,embryonic,notAvailable
PROJ154,GSE280543,SAM0971,s8,Mus musculus,GSM8600341,embryo,embryo,UBERON:0000922,0,0,notAvailable,notAvailable,notAvailable,notAvailable,notAvailable,notAvailable,normal,normal,PATO:0000461,notAvailable,WT,notAvailable,notAvailable,9_day,embryonic,notAvailable
PROJ154,GSE280543,SAM0972,s9,Mus musculus,GSM8600342,embryo,embryo,UBERON:0000922,0,0,notAvailable,notAvailable,notAvailable,notAvailable,notAvailable,notAvailable,normal,normal,PATO:0000461,notAvailable,MEF2C_KO,notAvailable,notAvailable,8.5_day,embryonic,notAvailable
PROJ155,GSE280587,SAM0973,s1,Mus musculus,GSM8600003,embryo,embryo,UBERON:0000922,0,0,notAvailable,notAvailable,notAvailable,notAvailable,notAvailable,notAvailable,normal,normal,PATO:0000461,notAvailable,WT,notAvailable,notAvailable,notAvailable,notAvailable,notAvailable
PROJ155,GSE280587,SAM0974,s10,Mus musculus,GSM8600012,embryo,embryo,UBERON:0000922,0,0,notAvailable,notAvailable,notAvailable,notAvailable,notAvailable,notAvailable,normal,normal,PATO:0000461,notAvailable,WT,notAvailable,notAvailable,notAvailable,notAvailable,notAvailable
PROJ155,GSE280587,SAM0975,s11,Mus musculus,GSM8600013,embryo,embryo,UBERON:0000922,0,0,notAvailable,notAvailable,notAvailable,notAvailable,notAvailable,notAvailable,normal,normal,PATO:0000461,notAvailable,WT,notAvailable,notAvailable,notAvailable,notAvailable,notAvailable
PROJ155,GSE280587,SAM0976,s12,Mus musculus,GSM8600014,embryo,embryo,UBERON:0000922,0,0,notAvailable,notAvailable,notAvailable,notAvailable,notAvailable,notAvailable,normal,normal,PATO:0000461,notAvailable,WT,notAvailable,notAvailable,notAvailable,notAvailable,notAvailable
PROJ155,GSE280587,SAM0977,s2,Mus musculus,GSM8600004,embryo,embryo,UBERON:0000922,0,0,notAvailable,notAvailable,notAvailable,notAvailable,notAvailable,notAvailable,normal,normal,PATO:0000461,notAvailable,WT,notAvailable,notAvailable,notAvailable,notAvailable,notAvailable
PROJ155,GSE280587,SAM0978,s3,Mus musculus,GSM8600005,embryo,embryo,UBERON:0000922,0,0,notAvailable,notAvailable,notAvailable,notAvailable,notAvailable,notAvailable,normal,normal,PATO:0000461,notAvailable,WT,notAvailable,notAvailable,notAvailable,notAvailable,notAvailable
PROJ155,GSE280587,SAM0979,s4,Mus musculus,GSM8600006,embryo,embryo,UBERON:0000922,0,0,notAvailable,notAvailable,notAvailable,notAvailable,notAvailable,notAvailable,normal,normal,PATO:0000461,notAvailable,WT,notAvailable,notAvailable,notAvailable,notAvailable,notAvailable
PROJ155,GSE280587,SAM0980,s5,Mus musculus,GSM8600007,embryo,embryo,UBERON:0000922,0,0,notAvailable,notAvailable,notAvailable,notAvailable,notAvailable,notAvailable,normal,normal,PATO:0000461,notAvailable,WT,notAvailable,notAvailable,notAvailable,notAvailable,notAvailable
PROJ155,GSE280587,SAM0981,s6,Mus musculus,GSM8600008,embryo,embryo,UBERON:0000922,0,0,notAvailable,notAvailable,notAvailable,notAvailable,notAvailable,notAvailable,normal,normal,PATO:0000461,notAvailable,WT,notAvailable,notAvailable,notAvailable,notAvailable,notAvailable
PROJ155,GSE280587,SAM0982,s7,Mus musculus,GSM8600009,embryo,embryo,UBERON:0000922,0,0,notAvailable,notAvailable,notAvailable,notAvailable,notAvailable,notAvailable,normal,normal,PATO:0000461,notAvailable,WT,notAvailable,notAvailable,notAvailable,notAvailable,notAvailable
PROJ155,GSE280587,SAM0983,s8,Mus musculus,GSM8600010,embryo,embryo,UBERON:0000922,0,0,notAvailable,notAvailable,notAvailable,notAvailable,notAvailable,notAvailable,normal,normal,PATO:0000461,notAvailable,WT,notAvailable,notAvailable,notAvailable,notAvailable,notAvailable
PROJ155,GSE280587,SAM0984,s9,Mus musculus,GSM8600011,embryo,embryo,UBERON:0000922,0,0,notAvailable,notAvailable,notAvailable,notAvailable,notAvailable,notAvailable,normal,normal,PATO:0000461,notAvailable,WT,notAvailable,notAvailable,notAvailable,notAvailable,notAvailable
PROJ156,GSE280876,SAM0985,SI_33635_SI_33643,Mus musculus,GSM8606862,prostate,prostate gland,UBERON:0002367,0,0,notAvailable,notAvailable,notAvailable,mixed,notAvailable,notAvailable,Control,normal,PATO:0000461,notAvailable,FOXA1_P358fsA_HET_PbCre_negative,notAvailable,male,notAvailable,notAvailable,notAvailable
PROJ156,GSE280876,SAM0986,SI_33634_SI_33642,Mus musculus,GSM8606861,prostate,prostate gland,UBERON:0002367,0,0,notAvailable,notAvailable,notAvailable,mixed,notAvailable,notAvailable,healthy,normal,PATO:0000461,notAvailable,FOXA1_P358fsA_HET_PbCre_negative,notAvailable,male,notAvailable,notAvailable,notAvailable
PROJ156,GSE280876,SAM0987,SI_33637_SI_33645,Mus musculus,GSM8606864,prostate,prostate gland,UBERON:0002367,0,0,notAvailable,notAvailable,notAvailable,mixed,notAvailable,notAvailable,prostate tumorigenesis,prostatic adenoma,DOID:2883,notAvailable,FOXA1_P358fsA_HET_PbCre_positive,notAvailable,male,notAvailable,notAvailable,notAvailable
PROJ156,GSE280876,SAM0988,SI_33636_SI_33644,Mus musculus,GSM8606863,prostate,prostate gland,UBERON:0002367,0,0,notAvailable,notAvailable,notAvailable,mixed,notAvailable,notAvailable,healthy,normal,PATO:0000461,notAvailable,FOXA1_P358fsA_HET_PbCre_negative,notAvailable,male,notAvailable,notAvailable,notAvailable
PROJ156,GSE280876,SAM0989,SI_32162_SI_32166,Mus musculus,GSM8606848,prostate,prostate gland,UBERON:0002367,0,0,notAvailable,notAvailable,notAvailable,mixed,notAvailable,notAvailable,prostate tumorigenesis,prostatic adenoma,DOID:2883,notAvailable,FOXA1_R265_71del_HOM_PbCre_positive,notAvailable,male,notAvailable,notAvailable,notAvailable
PROJ156,GSE280876,SAM0990,SI_32163_SI_32167,Mus musculus,GSM8606849,prostate,prostate gland,UBERON:0002367,0,0,notAvailable,notAvailable,notAvailable,mixed,notAvailable,notAvailable,prostate tumorigenesis,prostatic adenoma,DOID:2883,notAvailable,FOXA1_R265_71del_HOM_PbCre_positive,notAvailable,male,notAvailable,notAvailable,notAvailable
PROJ156,GSE280876,SAM0991,SI_33640_SI_33648,Mus musculus,GSM8606867,prostate,prostate gland,UBERON:0002367,0,0,notAvailable,notAvailable,notAvailable,mixed,notAvailable,notAvailable,healthy,normal,PATO:0000461,notAvailable,FOXA1_P358fsA_HET_PbCre_positive,notAvailable,male,notAvailable,notAvailable,notAvailable
PROJ156,GSE280876,SAM0992,SI_32175_SI_32182,Mus musculus,GSM8606855,prostate,prostate gland,UBERON:0002367,0,0,notAvailable,notAvailable,notAvailable,mixed,notAvailable,notAvailable,Control,normal,PATO:0000461,notAvailable,FOXA1_R265_71del_HET_PbCre_negative,notAvailable,male,notAvailable,notAvailable,notAvailable
PROJ156,GSE280876,SAM0993,SI_32164_SI_32168,Mus musculus,GSM8606850,prostate,prostate gland,UBERON:0002367,0,0,notAvailable,notAvailable,notAvailable,mixed,notAvailable,notAvailable,Control,normal,PATO:0000461,notAvailable,FOXA1_R265_71del_HOM_PbCre_negative,notAvailable,male,notAvailable,notAvailable,notAvailable
PROJ156,GSE280876,SAM0994,SI_34508_SI_34512,Mus musculus,GSM8606878,prostate,prostate gland,UBERON:0002367,0,0,notAvailable,notAvailable,notAvailable,mixed,notAvailable,notAvailable,Control,normal,PATO:0000461,notAvailable,FOXA1_R265_71del_HOM_TP53_WT_PbCre_negative,notAvailable,male,notAvailable,notAvailable,notAvailable
PROJ156,GSE280876,SAM0995,SI_34509_SI_34513,Mus musculus,GSM8606879,prostate,prostate gland,UBERON:0002367,0,0,notAvailable,notAvailable,notAvailable,mixed,notAvailable,notAvailable,prostate tumorigenesis,prostatic adenoma,DOID:2883,notAvailable,FOXA1_R265_71del_HOM_TP53_WT_PbCre_positive,notAvailable,male,notAvailable,notAvailable,notAvailable
PROJ156,GSE280876,SAM0996,SI_37332_SI_37329,Mus musculus,GSM8606887,prostate,prostate gland,UBERON:0002367,0,0,notAvailable,notAvailable,notAvailable,mixed,notAvailable,notAvailable,Control,normal,PATO:0000461,notAvailable,FOXA1_R265_71del_HOM_TP53_WT_PbCre_negative,notAvailable,male,notAvailable,notAvailable,notAvailable
PROJ156,GSE280876,SAM0997,SI_31631_SI_31635,Mus musculus,GSM8606840,prostate,prostate gland,UBERON:0002367,0,0,notAvailable,notAvailable,notAvailable,mixed,notAvailable,notAvailable,Control,normal,PATO:0000461,notAvailable,FOXA1_R265_71del_HOM_TP53_WT_PbCre_negative,notAvailable,male,notAvailable,notAvailable,notAvailable
PROJ156,GSE280876,SAM0998,SI_37334_SI_37331,Mus musculus,GSM8606889,prostate,prostate gland,UBERON:0002367,0,0,notAvailable,notAvailable,notAvailable,mixed,notAvailable,notAvailable,prostate tumorigenesis,prostatic adenoma,DOID:2883,notAvailable,FOXA1_R265_71del_HOM_TP53_WT_PbCre_positive,notAvailable,male,notAvailable,notAvailable,notAvailable
PROJ156,GSE280876,SAM0999,SI_31634_SI_31638,Mus musculus,GSM8606843,prostate,prostate gland,UBERON:0002367,0,0,notAvailable,notAvailable,notAvailable,mixed,notAvailable,notAvailable,prostate tumorigenesis,prostatic adenoma,DOID:2883,notAvailable,FOXA1_R265_71del_HOM_TP53_WT_PbCre_positive,notAvailable,male,notAvailable,notAvailable,notAvailable
PROJ156,GSE280876,SAM1000,SI_32176_SI_32183,Mus musculus,GSM8606856,prostate,prostate gland,UBERON:0002367,0,0,notAvailable,notAvailable,notAvailable,mixed,notAvailable,notAvailable,Control,normal,PATO:0000461,notAvailable,FOXA1_P358fsC_HET_PTEN_HET_PbCre_negative,notAvailable,male,notAvailable,notAvailable,notAvailable
PROJ156,GSE280876,SAM1001,SI_33633_SI_33641,Mus musculus,GSM8606860,prostate,prostate gland,UBERON:0002367,0,0,notAvailable,notAvailable,notAvailable,mixed,notAvailable,notAvailable,Control,normal,PATO:0000461,notAvailable,FOXA1_P358fsA_HET_PbCre_negative,notAvailable,male,notAvailable,notAvailable,notAvailable
PROJ156,GSE280876,SAM1002,SI_34507_SI_34511,Mus musculus,GSM8606877,prostate,prostate gland,UBERON:0002367,0,0,notAvailable,notAvailable,notAvailable,mixed,notAvailable,notAvailable,prostate tumorigenesis,prostatic adenoma,DOID:2883,notAvailable,FOXA1_R265_71del_HOM_PbCre_positive,notAvailable,male,notAvailable,notAvailable,notAvailable
PROJ156,GSE280876,SAM1003,SI_34506_SI_34510,Mus musculus,GSM8606876,prostate,prostate gland,UBERON:0002367,0,0,notAvailable,notAvailable,notAvailable,mixed,notAvailable,notAvailable,Control,normal,PATO:0000461,notAvailable,FOXA1_R265_71del_HOM_PbCre_negative,notAvailable,male,notAvailable,notAvailable,notAvailable
PROJ156,GSE280876,SAM1004,SI_33639_SI_33647,Mus musculus,GSM8606866,prostate,prostate gland,UBERON:0002367,0,0,notAvailable,notAvailable,notAvailable,mixed,notAvailable,notAvailable,prostate tumorigenesis,prostatic adenoma,DOID:2883,notAvailable,FOXA1_P358fsA_HET_PbCre_positive,notAvailable,male,notAvailable,notAvailable,notAvailable
PROJ156,GSE280876,SAM1005,SI_32174_SI_32181,Mus musculus,GSM8606854,prostate,prostate gland,UBERON:0002367,0,0,notAvailable,notAvailable,notAvailable,mixed,notAvailable,notAvailable,Control,normal,PATO:0000461,notAvailable,FOXA1_P358fsC_HET_PTEN_HET_PbCre_negative,notAvailable,male,notAvailable,notAvailable,notAvailable
PROJ156,GSE280876,SAM1006,SI_33638_SI_33646,Mus musculus,GSM8606865,prostate,prostate gland,UBERON:0002367,0,0,notAvailable,notAvailable,notAvailable,mixed,notAvailable,notAvailable,healthy,normal,PATO:0000461,notAvailable,FOXA1_P358fsA_HET_PbCre_positive,notAvailable,male,notAvailable,notAvailable,notAvailable
PROJ156,GSE280876,SAM1007,SI_30744_SI_30746,Mus musculus,GSM8606836,prostate,prostate gland,UBERON:0002367,0,0,notAvailable,notAvailable,notAvailable,mixed,notAvailable,notAvailable,Control,normal,PATO:0000461,notAvailable,FOXA1_P358fs_KO_or_HOM_PbCre_negative,notAvailable,male,notAvailable,notAvailable,notAvailable
PROJ156,GSE280876,SAM1008,SI_30745_SI_30747,Mus musculus,GSM8606837,prostate,prostate gland,UBERON:0002367,0,0,notAvailable,notAvailable,notAvailable,mixed,notAvailable,notAvailable,prostate tumorigenesis,prostatic adenoma,DOID:2883,notAvailable,FOXA1_P358fs_HET_PbCre_positive,notAvailable,male,notAvailable,notAvailable,notAvailable
PROJ156,GSE280876,SAM1009,SI_37333_SI_37330,Mus musculus,GSM8606888,prostate,prostate gland,UBERON:0002367,0,0,notAvailable,notAvailable,notAvailable,mixed,notAvailable,notAvailable,prostate tumorigenesis,prostatic adenoma,DOID:2883,notAvailable,FOXA1_R265_71del_HOM_TP53_flox_PbCre_positive,notAvailable,male,notAvailable,notAvailable,notAvailable
PROJ156,GSE280876,SAM1010,SI_31633_SI_31637,Mus musculus,GSM8606842,prostate,prostate gland,UBERON:0002367,0,0,notAvailable,notAvailable,notAvailable,mixed,notAvailable,notAvailable,prostate tumorigenesis,prostatic adenoma,DOID:2883,notAvailable,FOXA1_R265_71del_HOM_TP53_WT_PbCre_positive,notAvailable,male,notAvailable,notAvailable,notAvailable
PROJ156,GSE280876,SAM1011,SI_31632_SI_31636,Mus musculus,GSM8606841,prostate,prostate gland,UBERON:0002367,0,0,notAvailable,notAvailable,notAvailable,mixed,notAvailable,notAvailable,Control,normal,PATO:0000461,notAvailable,FOXA1_R265_71del_HOM_TP53_WT_PbCre_negative,notAvailable,male,notAvailable,notAvailable,notAvailable
PROJ157,GSE281085,SAM1012,Beads_2,Mus musculus,GSM8610659,frozen heart,heart,UBERON:0000948,0,0,notAvailable,notAvailable,notAvailable,"cardiomyocyte,macrophage, endothelial cell, epicardial cell, fibroblast, et al",notAvailable,notAvailable,healthy,normal,PATO:0000461,notAvailable,WT,notAvailable,notAvailable,notAvailable,notAvailable,Beads
PROJ157,GSE281085,SAM1013,DFGC_3,Mus musculus,GSM8610672,frozen heart,heart,UBERON:0000948,0,0,notAvailable,notAvailable,notAvailable,"cardiomyocyte,macrophage, endothelial cell, epicardial cell, fibroblast, et al",notAvailable,notAvailable,healthy,normal,PATO:0000461,notAvailable,WT,notAvailable,notAvailable,notAvailable,notAvailable,DFGC
PROJ157,GSE281085,SAM1014,Beads_3,Mus musculus,GSM8610660,frozen heart,heart,UBERON:0000948,0,0,notAvailable,notAvailable,notAvailable,"cardiomyocyte,macrophage, endothelial cell, epicardial cell, fibroblast, et al",notAvailable,notAvailable,healthy,normal,PATO:0000461,notAvailable,WT,notAvailable,notAvailable,notAvailable,notAvailable,Beads
PROJ157,GSE281085,SAM1015,DFGC_2,Mus musculus,GSM8610671,frozen heart,heart,UBERON:0000948,0,0,notAvailable,notAvailable,notAvailable,"cardiomyocyte,macrophage, endothelial cell, epicardial cell, fibroblast, et al",notAvailable,notAvailable,healthy,normal,PATO:0000461,notAvailable,WT,notAvailable,notAvailable,notAvailable,notAvailable,DFGC
PROJ157,GSE281085,SAM1016,FACS_1,Mus musculus,GSM8610664,frozen heart,heart,UBERON:0000948,0,0,notAvailable,notAvailable,notAvailable,"cardiomyocyte,macrophage, endothelial cell, epicardial cell, fibroblast, et al",notAvailable,notAvailable,healthy,normal,PATO:0000461,notAvailable,WT,notAvailable,notAvailable,notAvailable,notAvailable,FACS
PROJ157,GSE281085,SAM1017,FACS_2,Mus musculus,GSM8610665,frozen heart,heart,UBERON:0000948,0,0,notAvailable,notAvailable,notAvailable,"cardiomyocyte,macrophage, endothelial cell, epicardial cell, fibroblast, et al",notAvailable,notAvailable,healthy,normal,PATO:0000461,notAvailable,WT,notAvailable,notAvailable,notAvailable,notAvailable,FACS
PROJ157,GSE281085,SAM1018,DFGC_1,Mus musculus,GSM8610670,frozen heart,heart,UBERON:0000948,0,0,notAvailable,notAvailable,notAvailable,"cardiomyocyte,macrophage, endothelial cell, epicardial cell, fibroblast, et al",notAvailable,notAvailable,healthy,normal,PATO:0000461,notAvailable,WT,notAvailable,notAvailable,notAvailable,notAvailable,DFGC
PROJ157,GSE281085,SAM1019,FACS_3,Mus musculus,GSM8610666,frozen heart,heart,UBERON:0000948,0,0,notAvailable,notAvailable,notAvailable,"cardiomyocyte,macrophage, endothelial cell, epicardial cell, fibroblast, et al",notAvailable,notAvailable,healthy,normal,PATO:0000461,notAvailable,WT,notAvailable,notAvailable,notAvailable,notAvailable,FACS
PROJ157,GSE281085,SAM1020,Beads_1,Mus musculus,GSM8610658,frozen heart,heart,UBERON:0000948,0,0,notAvailable,notAvailable,notAvailable,"cardiomyocyte,macrophage, endothelial cell, epicardial cell, fibroblast, et al",notAvailable,notAvailable,healthy,normal,PATO:0000461,notAvailable,WT,notAvailable,notAvailable,notAvailable,notAvailable,Beads
PROJ158,GSE281994,SAM1021,ipf2,Homo sapiens,GSM8634115,lung,lung,UBERON:0002048,0,0,notAvailable,notAvailable,notAvailable,Airway epithelium,respiratory tract epithelial cell,CL:0002368,ipf,idiopathic pulmonary fibrosis,DOID:0050156,notAvailable,notAvailable,IPF II,notAvailable,notAvailable,notAvailable,IPF
PROJ158,GSE281994,SAM1022,ipf1,Homo sapiens,GSM8634114,lung,lung,UBERON:0002048,0,0,notAvailable,notAvailable,notAvailable,Airway epithelium,respiratory tract epithelial cell,CL:0002368,ipf,idiopathic pulmonary fibrosis,DOID:0050156,notAvailable,notAvailable,IPF I,notAvailable,notAvailable,notAvailable,IPF
PROJ158,GSE281994,SAM1023,control2,Homo sapiens,GSM8634113,lung,lung,UBERON:0002048,0,0,notAvailable,notAvailable,notAvailable,Airway epithelium,respiratory tract epithelial cell,CL:0002368,healthy,normal,PATO:0000461,notAvailable,notAvailable,Control II,notAvailable,notAvailable,notAvailable,Control
PROJ158,GSE281994,SAM1024,control1,Homo sapiens,GSM8634112,lung,lung,UBERON:0002048,0,0,notAvailable,notAvailable,notAvailable,Airway epithelium,respiratory tract epithelial cell,CL:0002368,healthy,normal,PATO:0000461,notAvailable,notAvailable,Control I,notAvailable,notAvailable,notAvailable,Control
PROJ159,GSE283276,SAM1025,GSE283276,Mus musculus,GSM8659073,retina,retina,UBERON:0000966,0,0,notAvailable,notAvailable,notAvailable,Mueller cell,Mueller cell,CL:0000636,retinal neovascularization,retinal disease,DOID:5679,oxygen_induced_retinopathy_OIR_model,WT,notAvailable,notAvailable,17_day,postnatal,notAvailable
PROJ160,GSE283483,SAM1026,250220-EE6h-3-HIP,Mus musculus,GSM9059631,hippocampus,hippocampal formation,UBERON:0002421,0,0,notAvailable,notAvailable,notAvailable,notAvailable,notAvailable,notAvailable,notAvailable,notAvailable,notAvailable,notAvailable,WT,notAvailable,male,8-10 week,adult,6 h novel environment
PROJ160,GSE283483,SAM1027,240212-Ctrl-2-HIP,Mus musculus,GSM8663291,hippocampus,hippocampal formation,UBERON:0002421,0,0,notAvailable,notAvailable,notAvailable,notAvailable,notAvailable,notAvailable,notAvailable,notAvailable,notAvailable,notAvailable,WT,notAvailable,male,8-10 week,adult,home cage
PROJ160,GSE283483,SAM1028,240212-EE1h-2-HIP,Mus musculus,GSM8663292,hippocampus,hippocampal formation,UBERON:0002421,0,0,notAvailable,notAvailable,notAvailable,notAvailable,notAvailable,notAvailable,notAvailable,notAvailable,notAvailable,notAvailable,WT,notAvailable,male,8-10 week,adult,30 min novel environment + 30 min home cage
PROJ160,GSE283483,SAM1029,250220-Ctrl-3-HIP,Mus musculus,GSM9059629,hippocampus,hippocampal formation,UBERON:0002421,0,0,notAvailable,notAvailable,notAvailable,notAvailable,notAvailable,notAvailable,notAvailable,notAvailable,notAvailable,notAvailable,WT,notAvailable,male,8-10 week,adult,home cage
PROJ160,GSE283483,SAM1030,250220-EE1h-3-HIP,Mus musculus,GSM9059630,hippocampus,hippocampal formation,UBERON:0002421,0,0,notAvailable,notAvailable,notAvailable,notAvailable,notAvailable,notAvailable,notAvailable,notAvailable,notAvailable,notAvailable,WT,notAvailable,male,8-10 week,adult,30 min novel environment + 30 min home cage
PROJ160,GSE283483,SAM1031,240212-EE6h-2-HIP,Mus musculus,GSM8663293,hippocampus,hippocampal formation,UBERON:0002421,0,0,notAvailable,notAvailable,notAvailable,notAvailable,notAvailable,notAvailable,notAvailable,notAvailable,notAvailable,notAvailable,WT,notAvailable,male,8-10 week,adult,6 h novel environment
PROJ161,GSE284073,SAM1032,G23_GM,Homo sapiens,GSM8677444,cortex,cerebral cortex,UBERON:0000956,0,0,notAvailable,notAvailable,notAvailable,notAvailable,notAvailable,notAvailable,healthy,normal,PATO:0000461,notAvailable,notAvailable,G23,female,22_year,adult,notAvailable
PROJ161,GSE284073,SAM1033,G23_WM,Homo sapiens,GSM8677446,subcortex,cerebral subcortex,UBERON:0000454,0,0,notAvailable,notAvailable,notAvailable,notAvailable,notAvailable,notAvailable,healthy,normal,PATO:0000461,notAvailable,notAvailable,G23,female,22_year,adult,notAvailable
PROJ161,GSE284073,SAM1034,G39_GM,Homo sapiens,GSM8677448,cortex,cerebral cortex,UBERON:0000956,0,0,notAvailable,notAvailable,notAvailable,notAvailable,notAvailable,notAvailable,healthy,normal,PATO:0000461,notAvailable,notAvailable,G39,male,57_year,adult,notAvailable
PROJ161,GSE284073,SAM1035,G39_WM,Homo sapiens,GSM8677450,subcortex,cerebral subcortex,UBERON:0000454,0,0,notAvailable,notAvailable,notAvailable,notAvailable,notAvailable,notAvailable,healthy,normal,PATO:0000461,notAvailable,notAvailable,G39,male,57_year,adult,notAvailable
PROJ162,GSE284323,SAM1036,MCMV_D1.5_gof_rep1,Mus musculus,GSM8682332,liver,liver,UBERON:0002107,0,0,notAvailable,notAvailable,notAvailable,"Liver, CD45+, Ter119-, Ly6G-",innate lymphoid cell,CL:0001065,MCMV,cytomegalovirus infection,MONDO:0005132,notAvailable,STAT1_T385M_HET_MUT,notAvailable,notAvailable,notAvailable,notAvailable,notAvailable
PROJ162,GSE284323,SAM1037,MCMV_D1.5_gof_rep2,Mus musculus,GSM8682333,liver,liver,UBERON:0002107,0,0,notAvailable,notAvailable,notAvailable,"Liver, CD45+, Ter119-, Ly6G-",innate lymphoid cell,CL:0001065,MCMV,cytomegalovirus infection,MONDO:0005132,notAvailable,STAT1_T385M_HET_MUT,notAvailable,notAvailable,notAvailable,notAvailable,notAvailable
PROJ162,GSE284323,SAM1038,MCMV_D1.5_wt_rep1,Mus musculus,GSM8682330,liver,liver,UBERON:0002107,0,0,notAvailable,notAvailable,notAvailable,"Liver, CD45+, Ter119-, Ly6G-",innate lymphoid cell,CL:0001065,MCMV,cytomegalovirus infection,MONDO:0005132,notAvailable,WT,notAvailable,notAvailable,notAvailable,notAvailable,notAvailable
PROJ162,GSE284323,SAM1039,MCMV_D1.5_wt_rep2,Mus musculus,GSM8682331,liver,liver,UBERON:0002107,0,0,notAvailable,notAvailable,notAvailable,"Liver, CD45+, Ter119-, Ly6G-",innate lymphoid cell,CL:0001065,MCMV,cytomegalovirus infection,MONDO:0005132,notAvailable,WT,notAvailable,notAvailable,notAvailable,notAvailable,notAvailable
PROJ163,GSE284640,SAM1040,SI_32221_SI_32227,Mus musculus,GSM8689751,prostate,prostate gland,UBERON:0002367,0,0,notAvailable,notAvailable,notAvailable,mixed,notAvailable,notAvailable,healthy,normal,PATO:0000461,notAvailable,WT,notAvailable,notAvailable,notAvailable,notAvailable,notAvailable
PROJ163,GSE284640,SAM1041,SI_32222_SI_32228,Mus musculus,GSM8689752,prostate,prostate gland,UBERON:0002367,0,0,notAvailable,notAvailable,notAvailable,mixed,notAvailable,notAvailable,healthy,normal,PATO:0000461,castration_androgen_deprivation,WT,notAvailable,notAvailable,notAvailable,notAvailable,notAvailable
PROJ164,GSE285278,SAM1042,Fresh,Mus musculus,GSM8699900,Hematopoietic cells,bone marrow,UBERON:0002371,0,0,notAvailable,notAvailable,notAvailable,Fresh CMP,common myeloid progenitor,CL:0000049,healthy,normal,PATO:0000461,notAvailable,WT,notAvailable,notAvailable,notAvailable,notAvailable,Fresh BM
PROJ164,GSE285278,SAM1043,Spleen,Mus musculus,GSM8699902,Hematopoietic cells,spleen,UBERON:0002106,0,0,notAvailable,notAvailable,notAvailable,Spleen aCMP,common myeloid progenitor,CL:0000049,notAvailable,notAvailable,notAvailable,post_stem_cell_transplantation_spleen,WT,notAvailable,notAvailable,notAvailable,notAvailable,notAvailable
PROJ164,GSE285278,SAM1044,Expanded,Mus musculus,GSM8699898,Hematopoietic cells,bone marrow,UBERON:0002371,0,0,notAvailable,notAvailable,notAvailable,Expanded CMP,common myeloid progenitor,CL:0000049,healthy,normal,PATO:0000461,notAvailable,WT,notAvailable,notAvailable,notAvailable,notAvailable,Ex vivo expansion
PROJ165,GSE286205,SAM1045,Cas9,Homo sapiens,GSM8720915,HAP1,bone marrow,UBERON:0002371,0,1,HAP1,HAP1,CVCL_Y019,notAvailable,notAvailable,notAvailable,chronic myeloid leukemia,chronic myeloid leukemia,DOID:8552,notAvailable,CRISPRko_KO,notAvailable,notAvailable,notAvailable,notAvailable,notAvailable
PROJ165,GSE286205,SAM1046,KRAB,Homo sapiens,GSM8720909,HAP1,bone marrow,UBERON:0002371,0,1,HAP1,HAP1,CVCL_Y019,notAvailable,notAvailable,notAvailable,chronic myeloid leukemia,chronic myeloid leukemia,DOID:8552,notAvailable,CRISPRi_KD,notAvailable,notAvailable,notAvailable,notAvailable,notAvailable
PROJ165,GSE286205,SAM1047,VP64,Homo sapiens,GSM8720912,HAP1,bone marrow,UBERON:0002371,0,1,HAP1,HAP1,CVCL_Y019,notAvailable,notAvailable,notAvailable,chronic myeloid leukemia,chronic myeloid leukemia,DOID:8552,notAvailable,CRISPRa_OE,notAvailable,notAvailable,notAvailable,notAvailable,notAvailable
PROJ166,GSE286488,SAM1048,libraries_8_6,Homo sapiens,GSM8728348,Neuron,brain,UBERON:0000955,1,1,"CD0000008, CD0000025, CD0000026",human induced pluripotent stem cell line cell,CLO:0037308,cultured glutamatergic and GABAergic neurons derived from iPS cells,neuron,CL:0000540,healthy,normal,PATO:0000461,KCl_1h,notAvailable,notAvailable,notAvailable,notAvailable,notAvailable,notAvailable
PROJ166,GSE286488,SAM1049,libraries_2_1,Homo sapiens,GSM8728345,Neuron,brain,UBERON:0000955,1,1,"CD0000027, CD0000054",human induced pluripotent stem cell line cell,CLO:0037308,cultured glutamatergic and GABAergic neurons derived from iPS cells,neuron,CL:0000540,healthy,normal,PATO:0000461,KCl_1h,notAvailable,notAvailable,notAvailable,notAvailable,notAvailable,notAvailable
PROJ166,GSE286488,SAM1050,libraries_2_0,Homo sapiens,GSM8728344,Neuron,brain,UBERON:0000955,1,1,"CD0000027, CD0000054",human induced pluripotent stem cell line cell,CLO:0037308,cultured glutamatergic and GABAergic neurons derived from iPS cells,neuron,CL:0000540,healthy,normal,PATO:0000461,KCl_0h,notAvailable,notAvailable,notAvailable,notAvailable,notAvailable,notAvailable
PROJ166,GSE286488,SAM1051,libraries_8_1,Homo sapiens,GSM8728349,Neuron,brain,UBERON:0000955,1,1,"CD0000008, CD0000025, CD0000026",human induced pluripotent stem cell line cell,CLO:0037308,cultured glutamatergic and GABAergic neurons derived from iPS cells,neuron,CL:0000540,healthy,normal,PATO:0000461,KCl_6h,notAvailable,notAvailable,notAvailable,notAvailable,notAvailable,notAvailable
PROJ166,GSE286488,SAM1052,libraries_2_6,Homo sapiens,GSM8728346,Neuron,brain,UBERON:0000955,1,1,"CD0000027, CD0000054",human induced pluripotent stem cell line cell,CLO:0037308,cultured glutamatergic and GABAergic neurons derived from iPS cells,neuron,CL:0000540,healthy,normal,PATO:0000461,KCl_6h,notAvailable,notAvailable,notAvailable,notAvailable,notAvailable,notAvailable
PROJ166,GSE286488,SAM1053,libraries_8_0,Homo sapiens,GSM8728347,Neuron,brain,UBERON:0000955,1,1,"CD0000008, CD0000025, CD0000026",human induced pluripotent stem cell line cell,CLO:0037308,cultured glutamatergic and GABAergic neurons derived from iPS cells,neuron,CL:0000540,healthy,normal,PATO:0000461,KCl_0h,notAvailable,notAvailable,notAvailable,notAvailable,notAvailable,notAvailable
PROJ167,GSE287551,SAM1054,wild-type1,Mus musculus,GSM8747643,DRG,dorsal root ganglion,UBERON:0000044,0,0,notAvailable,notAvailable,notAvailable,Neuron,neuron,CL:0000540,healthy,normal,PATO:0000461,notAvailable,WT,notAvailable,notAvailable,8-10_week,notAvailable,notAvailable
PROJ167,GSE287551,SAM1055,wild-type2,Mus musculus,GSM8747645,DRG,dorsal root ganglion,UBERON:0000044,0,0,notAvailable,notAvailable,notAvailable,Neuron,neuron,CL:0000540,healthy,normal,PATO:0000461,notAvailable,WT,notAvailable,notAvailable,8-10_week,notAvailable,notAvailable
PROJ167,GSE287551,SAM1056,wild-type3,Mus musculus,GSM8747647,DRG,dorsal root ganglion,UBERON:0000044,0,0,notAvailable,notAvailable,notAvailable,Neuron,neuron,CL:0000540,healthy,normal,PATO:0000461,notAvailable,WT,notAvailable,notAvailable,8-10_week,notAvailable,notAvailable
PROJ167,GSE287551,SAM1057,wild-type4,Mus musculus,GSM8747649,DRG,dorsal root ganglion,UBERON:0000044,0,0,notAvailable,notAvailable,notAvailable,Neuron,neuron,CL:0000540,healthy,normal,PATO:0000461,notAvailable,WT,notAvailable,notAvailable,8-10_week,notAvailable,notAvailable
PROJ167,GSE287551,SAM1058,wild-type5,Mus musculus,GSM8747651,DRG,dorsal root ganglion,UBERON:0000044,0,0,notAvailable,notAvailable,notAvailable,Neuron,neuron,CL:0000540,healthy,normal,PATO:0000461,notAvailable,WT,notAvailable,notAvailable,8-10_week,notAvailable,notAvailable
PROJ168,GSE288206,SAM1059,E13-F-R1,Mus musculus,GSM8761252,gonad,gonad,UBERON:0000991,0,0,notAvailable,notAvailable,notAvailable,gonadal cell populations,notAvailable,notAvailable,normal,normal,PATO:0000461,notAvailable,WT,notAvailable,female,13.5_day,embryonic,notAvailable
PROJ168,GSE288206,SAM1060,E13-M-R1,Mus musculus,GSM8761256,gonad,gonad,UBERON:0000991,0,0,notAvailable,notAvailable,notAvailable,gonadal cell populations,notAvailable,notAvailable,normal,normal,PATO:0000461,notAvailable,WT,notAvailable,male,13.5_day,embryonic,notAvailable
PROJ168,GSE288206,SAM1061,E12-M-R1,Mus musculus,GSM8761248,gonad,gonad,UBERON:0000991,0,0,notAvailable,notAvailable,notAvailable,gonadal cell populations,notAvailable,notAvailable,normal,normal,PATO:0000461,notAvailable,WT,notAvailable,male,12.5_day,embryonic,notAvailable
PROJ168,GSE288206,SAM1062,E11-M-R1,Mus musculus,GSM8761240,gonad,gonad,UBERON:0000991,0,0,notAvailable,notAvailable,notAvailable,gonadal cell populations,notAvailable,notAvailable,normal,normal,PATO:0000461,notAvailable,WT,notAvailable,male,11.5_day,embryonic,notAvailable
PROJ168,GSE288206,SAM1063,E11-M-R2,Mus musculus,GSM8761242,gonad,gonad,UBERON:0000991,0,0,notAvailable,notAvailable,notAvailable,gonadal cell populations,notAvailable,notAvailable,normal,normal,PATO:0000461,notAvailable,WT,notAvailable,male,11.5_day,embryonic,notAvailable
PROJ168,GSE288206,SAM1064,E12-F-R2,Mus musculus,GSM8761246,gonad,gonad,UBERON:0000991,0,0,notAvailable,notAvailable,notAvailable,gonadal cell populations,notAvailable,notAvailable,normal,normal,PATO:0000461,notAvailable,WT,notAvailable,female,12.5_day,embryonic,notAvailable
PROJ168,GSE288206,SAM1065,E11-F-R2,Mus musculus,GSM8761238,gonad,gonad,UBERON:0000991,0,0,notAvailable,notAvailable,notAvailable,gonadal cell populations,notAvailable,notAvailable,normal,normal,PATO:0000461,notAvailable,WT,notAvailable,female,11.5_day,embryonic,notAvailable
PROJ168,GSE288206,SAM1066,E12-M-R2,Mus musculus,GSM8761250,gonad,gonad,UBERON:0000991,0,0,notAvailable,notAvailable,notAvailable,gonadal cell populations,notAvailable,notAvailable,normal,normal,PATO:0000461,notAvailable,WT,notAvailable,male,12.5_day,embryonic,notAvailable
PROJ168,GSE288206,SAM1067,E13-M-R2,Mus musculus,GSM8761258,gonad,gonad,UBERON:0000991,0,0,notAvailable,notAvailable,notAvailable,gonadal cell populations,notAvailable,notAvailable,normal,normal,PATO:0000461,notAvailable,WT,notAvailable,male,13.5_day,embryonic,notAvailable
PROJ168,GSE288206,SAM1068,E13-F-R2,Mus musculus,GSM8761254,gonad,gonad,UBERON:0000991,0,0,notAvailable,notAvailable,notAvailable,gonadal cell populations,notAvailable,notAvailable,normal,normal,PATO:0000461,notAvailable,WT,notAvailable,female,13.5_day,embryonic,notAvailable
PROJ168,GSE288206,SAM1069,E12-F-R1,Mus musculus,GSM8761244,gonad,gonad,UBERON:0000991,0,0,notAvailable,notAvailable,notAvailable,gonadal cell populations,notAvailable,notAvailable,normal,normal,PATO:0000461,notAvailable,WT,notAvailable,female,12.5_day,embryonic,notAvailable
PROJ168,GSE288206,SAM1070,E11-F-R1,Mus musculus,GSM8761236,gonad,gonad,UBERON:0000991,0,0,notAvailable,notAvailable,notAvailable,gonadal cell populations,notAvailable,notAvailable,normal,normal,PATO:0000461,notAvailable,WT,notAvailable,female,11.5_day,embryonic,notAvailable
PROJ169,GSE288996,SAM1071,K562_DMSO_ATAC_1,Homo sapiens,GSM8780558,pleural effusion,pleural effusion,UBERON:0000175,0,1,K562,K-562,CVCL_0004,Myeloid,myeloid cell,CL:0000763,chronic myeloid leukemia,chronic myeloid leukemia,DOID:8552,DMSO_vehicle,CRISPRi_KD,notAvailable,notAvailable,notAvailable,notAvailable,notAvailable
PROJ169,GSE288996,SAM1072,K562_DMSO_ATAC_2,Homo sapiens,GSM8780559,pleural effusion,pleural effusion,UBERON:0000175,0,1,K562,K-562,CVCL_0004,Myeloid,myeloid cell,CL:0000763,chronic myeloid leukemia,chronic myeloid leukemia,DOID:8552,DMSO_vehicle,CRISPRi_KD,notAvailable,notAvailable,notAvailable,notAvailable,notAvailable
PROJ169,GSE288996,SAM1073,K562_Dasatinib_ATAC_1,Homo sapiens,GSM8780556,pleural effusion,pleural effusion,UBERON:0000175,0,1,K562,K-562,CVCL_0004,Myeloid,myeloid cell,CL:0000763,chronic myeloid leukemia,chronic myeloid leukemia,DOID:8552,dasatinib_treatment,CRISPRi_KD,notAvailable,notAvailable,notAvailable,notAvailable,notAvailable
PROJ169,GSE288996,SAM1074,K562_Dasatinib_ATAC_2,Homo sapiens,GSM8780557,pleural effusion,pleural effusion,UBERON:0000175,0,1,K562,K-562,CVCL_0004,Myeloid,myeloid cell,CL:0000763,chronic myeloid leukemia,chronic myeloid leukemia,DOID:8552,dasatinib_treatment,CRISPRi_KD,notAvailable,notAvailable,notAvailable,notAvailable,notAvailable
PROJ169,GSE288996,SAM1075,iPSC,Homo sapiens,GSM8780553,embryo,embryo,UBERON:0000922,1,1,iPSC,human induced pluripotent stem cell line cell,CLO:0037308,Pluripotent stem cell,pluripotent stem cell,CL:0002248,healthy,normal,PATO:0000461,notAvailable,CRISPRa_OE,notAvailable,notAvailable,notAvailable,notAvailable,notAvailable
PROJ170,GSE289515,SAM1076,Duan_024_5-1_input_lib_GRCh38,Homo sapiens,GSM8793175,Neuron,brain,UBERON:0000955,1,1,"CD0000002, CD000005, CD000006",human induced pluripotent stem cell line cell,CLO:0037308,cultured glutamatergic and GABAergic neurons derived from iPS cells,neuron,CL:0000540,healthy,normal,PATO:0000461,KCl_1h,notAvailable,notAvailable,notAvailable,notAvailable,notAvailable,notAvailable
PROJ170,GSE289515,SAM1077,Duan_024_35-1_input_lib_GRCh38,Homo sapiens,GSM8793181,Neuron,brain,UBERON:0000955,1,1,"CD0000035, CD0000050,  CD0000056",human induced pluripotent stem cell line cell,CLO:0037308,cultured glutamatergic and GABAergic neurons derived from iPS cells,neuron,CL:0000540,healthy,normal,PATO:0000461,KCl_1h,notAvailable,notAvailable,notAvailable,notAvailable,notAvailable,notAvailable
PROJ170,GSE289515,SAM1078,Duan_024_35-6_input_lib_GRCh38,Homo sapiens,GSM8793182,Neuron,brain,UBERON:0000955,1,1,"CD0000035, CD0000050,  CD0000056",human induced pluripotent stem cell line cell,CLO:0037308,cultured glutamatergic and GABAergic neurons derived from iPS cells,neuron,CL:0000540,healthy,normal,PATO:0000461,KCl_6h,notAvailable,notAvailable,notAvailable,notAvailable,notAvailable,notAvailable
PROJ170,GSE289515,SAM1079,Duan_024_5-6_input_lib_GRCh38,Homo sapiens,GSM8793176,Neuron,brain,UBERON:0000955,1,1,"CD0000002, CD000005, CD000006",human induced pluripotent stem cell line cell,CLO:0037308,cultured glutamatergic and GABAergic neurons derived from iPS cells,neuron,CL:0000540,healthy,normal,PATO:0000461,KCl_6h,notAvailable,notAvailable,notAvailable,notAvailable,notAvailable,notAvailable
PROJ170,GSE289515,SAM1080,Duan_024_51-0_input_lib_GRCh38,Homo sapiens,GSM8793183,Neuron,brain,UBERON:0000955,1,1,"CD0000051, CD0000060, CD0000062, CD0000066",human induced pluripotent stem cell line cell,CLO:0037308,cultured glutamatergic and GABAergic neurons derived from iPS cells,neuron,CL:0000540,healthy,normal,PATO:0000461,KCl_0h,notAvailable,notAvailable,notAvailable,notAvailable,notAvailable,notAvailable
PROJ170,GSE289515,SAM1081,Duan_024_33-0_input_lib_GRCh38,Homo sapiens,GSM8793177,Neuron,brain,UBERON:0000955,1,1,"CD0000033, CD0000034, CD0000052, CD0000055",human induced pluripotent stem cell line cell,CLO:0037308,cultured glutamatergic and GABAergic neurons derived from iPS cells,neuron,CL:0000540,healthy,normal,PATO:0000461,KCl_0h,notAvailable,notAvailable,notAvailable,notAvailable,notAvailable,notAvailable
PROJ170,GSE289515,SAM1082,Duan_024_63-0_input_lib_GRCh38,Homo sapiens,GSM8793186,Neuron,brain,UBERON:0000955,1,1,"CD0000004, CD0000063, CD0000064, CD0000065",human induced pluripotent stem cell line cell,CLO:0037308,cultured glutamatergic and GABAergic neurons derived from iPS cells,neuron,CL:0000540,healthy,normal,PATO:0000461,KCl_0h,notAvailable,notAvailable,notAvailable,notAvailable,notAvailable,notAvailable
PROJ170,GSE289515,SAM1083,Duan_024_33-6_input_lib_GRCh38,Homo sapiens,GSM8793179,Neuron,brain,UBERON:0000955,1,1,"CD0000033, CD0000034, CD0000052, CD0000055",human induced pluripotent stem cell line cell,CLO:0037308,cultured glutamatergic and GABAergic neurons derived from iPS cells,neuron,CL:0000540,healthy,normal,PATO:0000461,KCl_6h,notAvailable,notAvailable,notAvailable,notAvailable,notAvailable,notAvailable
PROJ170,GSE289515,SAM1084,Duan_024_51-1_input_lib_GRCh38,Homo sapiens,GSM8793184,Neuron,brain,UBERON:0000955,1,1,"CD0000051, CD0000060, CD0000062, CD0000066",human induced pluripotent stem cell line cell,CLO:0037308,cultured glutamatergic and GABAergic neurons derived from iPS cells,neuron,CL:0000540,healthy,normal,PATO:0000461,KCl_1h,notAvailable,notAvailable,notAvailable,notAvailable,notAvailable,notAvailable
PROJ170,GSE289515,SAM1085,Duan_024_33-1_input_lib_GRCh38,Homo sapiens,GSM8793178,Neuron,brain,UBERON:0000955,1,1,"CD0000033, CD0000034, CD0000052, CD0000055",human induced pluripotent stem cell line cell,CLO:0037308,cultured glutamatergic and GABAergic neurons derived from iPS cells,neuron,CL:0000540,healthy,normal,PATO:0000461,KCl_1h,notAvailable,notAvailable,notAvailable,notAvailable,notAvailable,notAvailable
PROJ170,GSE289515,SAM1086,Duan_024_51-6_input_lib_GRCh38,Homo sapiens,GSM8793185,Neuron,brain,UBERON:0000955,1,1,"CD0000051, CD0000060, CD0000062, CD0000066",human induced pluripotent stem cell line cell,CLO:0037308,cultured glutamatergic and GABAergic neurons derived from iPS cells,neuron,CL:0000540,healthy,normal,PATO:0000461,KCl_6h,notAvailable,notAvailable,notAvailable,notAvailable,notAvailable,notAvailable
PROJ170,GSE289515,SAM1087,Duan_024_35-0_input_lib_GRCh38,Homo sapiens,GSM8793180,Neuron,brain,UBERON:0000955,1,1,"CD0000035, CD0000050,  CD0000056",human induced pluripotent stem cell line cell,CLO:0037308,cultured glutamatergic and GABAergic neurons derived from iPS cells,neuron,CL:0000540,healthy,normal,PATO:0000461,KCl_0h,notAvailable,notAvailable,notAvailable,notAvailable,notAvailable,notAvailable
PROJ170,GSE289515,SAM1088,Duan_024_5-0_input_lib_GRCh38,Homo sapiens,GSM8793174,Neuron,brain,UBERON:0000955,1,1,"CD0000002, CD000005, CD000006",human induced pluripotent stem cell line cell,CLO:0037308,cultured glutamatergic and GABAergic neurons derived from iPS cells,neuron,CL:0000540,healthy,normal,PATO:0000461,KCl_0h,notAvailable,notAvailable,notAvailable,notAvailable,notAvailable,notAvailable
PROJ170,GSE289515,SAM1089,Duan_024_63-1_input_lib_GRCh38,Homo sapiens,GSM8793187,Neuron,brain,UBERON:0000955,1,1,"CD0000004, CD0000063, CD0000064, CD0000065",human induced pluripotent stem cell line cell,CLO:0037308,cultured glutamatergic and GABAergic neurons derived from iPS cells,neuron,CL:0000540,healthy,normal,PATO:0000461,KCl_1h,notAvailable,notAvailable,notAvailable,notAvailable,notAvailable,notAvailable
PROJ170,GSE289515,SAM1090,Duan_024_63-6_input_lib_GRCh38,Homo sapiens,GSM8793188,Neuron,brain,UBERON:0000955,1,1,"CD0000004, CD0000063, CD0000064, CD0000065",human induced pluripotent stem cell line cell,CLO:0037308,cultured glutamatergic and GABAergic neurons derived from iPS cells,neuron,CL:0000540,healthy,normal,PATO:0000461,KCl_6h,notAvailable,notAvailable,notAvailable,notAvailable,notAvailable,notAvailable
PROJ171,GSE289518,SAM1091,Duan_029_20088-0_input_lib_hg38only,Homo sapiens,GSM8793215,Neuron,brain,UBERON:0000955,1,1,"CW20058, CW20777, CW20088, CW60109",human induced pluripotent stem cell line cell,CLO:0037308,cultured glutamatergic and GABAergic neurons derived from iPS cells,neuron,CL:0000540,healthy,normal,PATO:0000461,KCl_0h,notAvailable,notAvailable,notAvailable,notAvailable,notAvailable,notAvailable
PROJ171,GSE289518,SAM1092,Duan_029_20088-1_input_lib_hg38only,Homo sapiens,GSM8793216,Neuron,brain,UBERON:0000955,1,1,"CW20058, CW20777, CW20088, CW60109",human induced pluripotent stem cell line cell,CLO:0037308,cultured glutamatergic and GABAergic neurons derived from iPS cells,neuron,CL:0000540,healthy,normal,PATO:0000461,KCl_1h,notAvailable,notAvailable,notAvailable,notAvailable,notAvailable,notAvailable
PROJ171,GSE289518,SAM1093,Duan_029_60060-0_input_lib_hg38only,Homo sapiens,GSM8793221,Neuron,brain,UBERON:0000955,1,1,"CW60060, CW70224, CW70316, CW70330",human induced pluripotent stem cell line cell,CLO:0037308,cultured glutamatergic and GABAergic neurons derived from iPS cells,neuron,CL:0000540,healthy,normal,PATO:0000461,KCl_0h,notAvailable,notAvailable,notAvailable,notAvailable,notAvailable,notAvailable
PROJ171,GSE289518,SAM1094,Duan_029_60060-1_input_lib_hg38only,Homo sapiens,GSM8793222,Neuron,brain,UBERON:0000955,1,1,"CW60060, CW70224, CW70316, CW70330",human induced pluripotent stem cell line cell,CLO:0037308,cultured glutamatergic and GABAergic neurons derived from iPS cells,neuron,CL:0000540,healthy,normal,PATO:0000461,KCl_1h,notAvailable,notAvailable,notAvailable,notAvailable,notAvailable,notAvailable
PROJ171,GSE289518,SAM1095,Duan_029_20087-1_input_lib_hg38only,Homo sapiens,GSM8793213,Neuron,brain,UBERON:0000955,1,1,"CW20087, CW60134, CW70001, CW70177",human induced pluripotent stem cell line cell,CLO:0037308,cultured glutamatergic and GABAergic neurons derived from iPS cells,neuron,CL:0000540,healthy,normal,PATO:0000461,KCl_1h,notAvailable,notAvailable,notAvailable,notAvailable,notAvailable,notAvailable
PROJ171,GSE289518,SAM1096,Duan_029_20087-0_input_lib_hg38only,Homo sapiens,GSM8793212,Neuron,brain,UBERON:0000955,1,1,"CW20087, CW60134, CW70001, CW70177",human induced pluripotent stem cell line cell,CLO:0037308,cultured glutamatergic and GABAergic neurons derived from iPS cells,neuron,CL:0000540,healthy,normal,PATO:0000461,KCl_0h,notAvailable,notAvailable,notAvailable,notAvailable,notAvailable,notAvailable
PROJ171,GSE289518,SAM1097,Duan_029_50040-6_input_lib_hg38only,Homo sapiens,GSM8793220,Neuron,brain,UBERON:0000955,1,1,"CW20080, CW20144, CW50040, CW50166",human induced pluripotent stem cell line cell,CLO:0037308,cultured glutamatergic and GABAergic neurons derived from iPS cells,neuron,CL:0000540,healthy,normal,PATO:0000461,KCl_6h,notAvailable,notAvailable,notAvailable,notAvailable,notAvailable,notAvailable
PROJ171,GSE289518,SAM1098,Duan_029_20088-6_input_lib_hg38only,Homo sapiens,GSM8793217,Neuron,brain,UBERON:0000955,1,1,"CW20058, CW20777, CW20088, CW60109",human induced pluripotent stem cell line cell,CLO:0037308,cultured glutamatergic and GABAergic neurons derived from iPS cells,neuron,CL:0000540,healthy,normal,PATO:0000461,KCl_6h,notAvailable,notAvailable,notAvailable,notAvailable,notAvailable,notAvailable
PROJ171,GSE289518,SAM1099,Duan_029_60060-6_input_lib_hg38only,Homo sapiens,GSM8793223,Neuron,brain,UBERON:0000955,1,1,"CW60060, CW70224, CW70316, CW70330",human induced pluripotent stem cell line cell,CLO:0037308,cultured glutamatergic and GABAergic neurons derived from iPS cells,neuron,CL:0000540,healthy,normal,PATO:0000461,KCl_6h,notAvailable,notAvailable,notAvailable,notAvailable,notAvailable,notAvailable
PROJ171,GSE289518,SAM1100,Duan_029_20087-6_input_lib_hg38only,Homo sapiens,GSM8793214,Neuron,brain,UBERON:0000955,1,1,"CW20087, CW60134, CW70001, CW70177",human induced pluripotent stem cell line cell,CLO:0037308,cultured glutamatergic and GABAergic neurons derived from iPS cells,neuron,CL:0000540,healthy,normal,PATO:0000461,KCl_6h,notAvailable,notAvailable,notAvailable,notAvailable,notAvailable,notAvailable
PROJ171,GSE289518,SAM1101,Duan_029_50040-1_input_lib_hg38only,Homo sapiens,GSM8793219,Neuron,brain,UBERON:0000955,1,1,"CW20080, CW20144, CW50040, CW50166",human induced pluripotent stem cell line cell,CLO:0037308,cultured glutamatergic and GABAergic neurons derived from iPS cells,neuron,CL:0000540,healthy,normal,PATO:0000461,KCl_1h,notAvailable,notAvailable,notAvailable,notAvailable,notAvailable,notAvailable
PROJ171,GSE289518,SAM1102,Duan_029_50040-0_input_lib_hg38only,Homo sapiens,GSM8793218,Neuron,brain,UBERON:0000955,1,1,"CW20080, CW20144, CW50040, CW50166",human induced pluripotent stem cell line cell,CLO:0037308,cultured glutamatergic and GABAergic neurons derived from iPS cells,neuron,CL:0000540,healthy,normal,PATO:0000461,KCl_0h,notAvailable,notAvailable,notAvailable,notAvailable,notAvailable,notAvailable
PROJ172,GSE289522,SAM1103,Duan_030_20063-0_input_lib_hg38only,Homo sapiens,GSM8793268,Neuron,brain,UBERON:0000955,1,1,"CW20063, CW20079, CW20112, CW20137",human induced pluripotent stem cell line cell,CLO:0037308,cultured glutamatergic and GABAergic neurons derived from iPS cells,neuron,CL:0000540,healthy,normal,PATO:0000461,KCl_0h,notAvailable,notAvailable,notAvailable,notAvailable,notAvailable,notAvailable
PROJ172,GSE289522,SAM1104,Duan_030_20063-1_input_lib_hg38only,Homo sapiens,GSM8793269,Neuron,brain,UBERON:0000955,1,1,"CW20063, CW20079, CW20112, CW20137",human induced pluripotent stem cell line cell,CLO:0037308,cultured glutamatergic and GABAergic neurons derived from iPS cells,neuron,CL:0000540,healthy,normal,PATO:0000461,KCl_1h,notAvailable,notAvailable,notAvailable,notAvailable,notAvailable,notAvailable
PROJ172,GSE289522,SAM1105,Duan_030_20111-1_input_lib_hg38only,Homo sapiens,GSM8793272,Neuron,brain,UBERON:0000955,1,1,"CW20111, CW50059, CW50148, CW70030",human induced pluripotent stem cell line cell,CLO:0037308,cultured glutamatergic and GABAergic neurons derived from iPS cells,neuron,CL:0000540,healthy,normal,PATO:0000461,KCl_1h,notAvailable,notAvailable,notAvailable,notAvailable,notAvailable,notAvailable
PROJ172,GSE289522,SAM1106,Duan_030_20111-0_input_lib_hg38only,Homo sapiens,GSM8793271,Neuron,brain,UBERON:0000955,1,1,"CW20111, CW50059, CW50148, CW70030",human induced pluripotent stem cell line cell,CLO:0037308,cultured glutamatergic and GABAergic neurons derived from iPS cells,neuron,CL:0000540,healthy,normal,PATO:0000461,KCl_0h,notAvailable,notAvailable,notAvailable,notAvailable,notAvailable,notAvailable
PROJ172,GSE289522,SAM1107,Duan_030_50094-0_input_lib_hg38only,Homo sapiens,GSM8793274,Neuron,brain,UBERON:0000955,1,1,"CW50021, CW50023, CW50094, CW50150, CW70282",human induced pluripotent stem cell line cell,CLO:0037308,cultured glutamatergic and GABAergic neurons derived from iPS cells,neuron,CL:0000540,healthy,normal,PATO:0000461,KCl_0h,notAvailable,notAvailable,notAvailable,notAvailable,notAvailable,notAvailable
PROJ172,GSE289522,SAM1108,Duan_030_50094-1_input_lib_hg38only,Homo sapiens,GSM8793275,Neuron,brain,UBERON:0000955,1,1,"CW50021, CW50023, CW50094, CW50150, CW70282",human induced pluripotent stem cell line cell,CLO:0037308,cultured glutamatergic and GABAergic neurons derived from iPS cells,neuron,CL:0000540,healthy,normal,PATO:0000461,KCl_1h,notAvailable,notAvailable,notAvailable,notAvailable,notAvailable,notAvailable
PROJ172,GSE289522,SAM1109,Duan_030_70305-0_input_lib_hg38only,Homo sapiens,GSM8793277,Neuron,brain,UBERON:0000955,1,1,"CD0000039, CW50037, CW70079, CW70305, CW70344",human induced pluripotent stem cell line cell,CLO:0037308,cultured glutamatergic and GABAergic neurons derived from iPS cells,neuron,CL:0000540,healthy,normal,PATO:0000461,KCl_0h,notAvailable,notAvailable,notAvailable,notAvailable,notAvailable,notAvailable
PROJ172,GSE289522,SAM1110,Duan_030_70305-1_input_lib_hg38only,Homo sapiens,GSM8793278,Neuron,brain,UBERON:0000955,1,1,"CD0000039, CW50037, CW70079, CW70305, CW70344",human induced pluripotent stem cell line cell,CLO:0037308,cultured glutamatergic and GABAergic neurons derived from iPS cells,neuron,CL:0000540,healthy,normal,PATO:0000461,KCl_1h,notAvailable,notAvailable,notAvailable,notAvailable,notAvailable,notAvailable
PROJ172,GSE289522,SAM1111,Duan_030_70305-6_input_lib_hg38only,Homo sapiens,GSM8793279,Neuron,brain,UBERON:0000955,1,1,"CD0000039, CW50037, CW70079, CW70305, CW70344",human induced pluripotent stem cell line cell,CLO:0037308,cultured glutamatergic and GABAergic neurons derived from iPS cells,neuron,CL:0000540,healthy,normal,PATO:0000461,KCl_6h,notAvailable,notAvailable,notAvailable,notAvailable,notAvailable,notAvailable
PROJ172,GSE289522,SAM1112,Duan_030_20063-6_input_lib_hg38only,Homo sapiens,GSM8793270,Neuron,brain,UBERON:0000955,1,1,"CW20063, CW20079, CW20112, CW20137",human induced pluripotent stem cell line cell,CLO:0037308,cultured glutamatergic and GABAergic neurons derived from iPS cells,neuron,CL:0000540,healthy,normal,PATO:0000461,KCl_6h,notAvailable,notAvailable,notAvailable,notAvailable,notAvailable,notAvailable
PROJ172,GSE289522,SAM1113,Duan_030_20111-6_input_lib_hg38only,Homo sapiens,GSM8793273,Neuron,brain,UBERON:0000955,1,1,"CW20111, CW50059, CW50148, CW70030",human induced pluripotent stem cell line cell,CLO:0037308,cultured glutamatergic and GABAergic neurons derived from iPS cells,neuron,CL:0000540,healthy,normal,PATO:0000461,KCl_6h,notAvailable,notAvailable,notAvailable,notAvailable,notAvailable,notAvailable
PROJ172,GSE289522,SAM1114,Duan_030_50094-6_input_lib_hg38only,Homo sapiens,GSM8793276,Neuron,brain,UBERON:0000955,1,1,"CW50021, CW50023, CW50094, CW50150, CW70282",human induced pluripotent stem cell line cell,CLO:0037308,cultured glutamatergic and GABAergic neurons derived from iPS cells,neuron,CL:0000540,healthy,normal,PATO:0000461,KCl_6h,notAvailable,notAvailable,notAvailable,notAvailable,notAvailable,notAvailable
PROJ173,GSE290242,SAM1115,KO,Mus musculus,GSM8809084,lumbar spinal cord,lumbar spinal cord,UBERON:0002792,0,0,notAvailable,notAvailable,notAvailable,Cholinergic neurons,cholinergic neuron,CL:0000108,healthy,normal,PATO:0000461,notAvailable,METTL14_cKO_ChAT_Cre_Sun1sfGFP,notAvailable,notAvailable,100-120_day,adult,notAvailable
PROJ173,GSE290242,SAM1116,WT,Mus musculus,GSM8809082,lumbar spinal cord,lumbar spinal cord,UBERON:0002792,0,0,notAvailable,notAvailable,notAvailable,Cholinergic neurons,cholinergic neuron,CL:0000108,healthy,normal,PATO:0000461,notAvailable,Sun1sfGFP_ChAT_Cre_reporter,notAvailable,notAvailable,100-120_day,adult,notAvailable
PROJ174,GSE290848,SAM1117,C24,Mus musculus,GSM8824010,Skin,zone of skin,UBERON:0000014,0,0,notAvailable,notAvailable,notAvailable,CD45+ immune cells,leukocyte,CL:0000738,control,normal,PATO:0000461,notAvailable,WT,notAvailable,notAvailable,24_week,adult,Control offspring
PROJ174,GSE290848,SAM1118,C8,Mus musculus,GSM8824008,Skin,zone of skin,UBERON:0000014,0,0,notAvailable,notAvailable,notAvailable,CD45+ immune cells,leukocyte,CL:0000738,control,normal,PATO:0000461,notAvailable,WT,notAvailable,notAvailable,8_week,adult,Control offspring
PROJ174,GSE290848,SAM1119,PS24,Mus musculus,GSM8824014,Skin,zone of skin,UBERON:0000014,0,0,notAvailable,notAvailable,notAvailable,CD45+ immune cells,leukocyte,CL:0000738,prenatal stress,anxiety disorder,DOID:2030,notAvailable,WT,notAvailable,notAvailable,24_week,adult,Prenatal stress offspring
PROJ174,GSE290848,SAM1120,PS8,Mus musculus,GSM8824012,Skin,zone of skin,UBERON:0000014,0,0,notAvailable,notAvailable,notAvailable,CD45+ immune cells,leukocyte,CL:0000738,prenatal stress,anxiety disorder,DOID:2030,notAvailable,WT,notAvailable,notAvailable,8_week,adult,Prenatal stress offspring
PROJ175,GSE291330,SAM1121,control,Mus musculus,GSM8833505,back skin,skin of back,UBERON:0001068,0,0,notAvailable,notAvailable,notAvailable,Mixed - epidermis/dermis,notAvailable,notAvailable,healthy,normal,PATO:0000461,notAvailable,PRMT5_cKO_control,notAvailable,notAvailable,15.5_day,embryonic,notAvailable
PROJ175,GSE291330,SAM1122,Prmt5cKO,Mus musculus,GSM8833510,back skin,skin of back,UBERON:0001068,0,0,notAvailable,notAvailable,notAvailable,Mixed - epidermis/dermis,notAvailable,notAvailable,healthy,normal,PATO:0000461,notAvailable,PRMT5_cKO,notAvailable,notAvailable,15.5_day,embryonic,notAvailable
PROJ176,GSE293381,SAM1123,Ctrl,Mus musculus,GSM8881191,Retina,retina,UBERON:0000966,0,0,notAvailable,notAvailable,notAvailable,All retinal cell types,retinal cell,CL:0009004,Na?ve,normal,PATO:0000461,notAvailable,WT,notAvailable,notAvailable,notAvailable,notAvailable,Control
PROJ176,GSE293381,SAM1124,WIF1-4w,Mus musculus,GSM8881194,Retina,retina,UBERON:0000966,0,0,notAvailable,notAvailable,notAvailable,All retinal cell types,retinal cell,CL:0009004,WIF1-mediated glaucoma,glaucoma,DOID:1686,notAvailable,WT,notAvailable,notAvailable,notAvailable,notAvailable,4 weeks AVI
PROJ176,GSE293381,SAM1125,WIF1-2w,Mus musculus,GSM8881193,Retina,retina,UBERON:0000966,0,0,notAvailable,notAvailable,notAvailable,All retinal cell types,retinal cell,CL:0009004,WIF1-mediated glaucoma,glaucoma,DOID:1686,notAvailable,WT,notAvailable,notAvailable,notAvailable,notAvailable,2 weeks AVI
PROJ177,GSE293865,SAM1126,GEMM_Ctr1,Mus musculus,GSM8892198,Tumor,peripheral nervous system,UBERON:0000010,0,0,notAvailable,notAvailable,notAvailable,Tumor,notAvailable,notAvailable,neuroblastoma,neuroblastoma,DOID:769,vehicle_control,TH_MYCN_ALK_F1178L,notAvailable,notAvailable,notAvailable,notAvailable,notAvailable
PROJ177,GSE293865,SAM1127,GEMM_Ctr2,Mus musculus,GSM8892200,Tumor,peripheral nervous system,UBERON:0000010,0,0,notAvailable,notAvailable,notAvailable,Tumor,notAvailable,notAvailable,neuroblastoma,neuroblastoma,DOID:769,vehicle_control,TH_MYCN_ALK_F1178L,notAvailable,notAvailable,notAvailable,notAvailable,notAvailable
PROJ177,GSE293865,SAM1128,GEMM_Inte1,Mus musculus,GSM8892199,Tumor,peripheral nervous system,UBERON:0000010,0,0,notAvailable,notAvailable,notAvailable,Tumor,notAvailable,notAvailable,neuroblastoma,neuroblastoma,DOID:769,indisulam_25mg_per_kg,TH_MYCN_ALK_F1178L,notAvailable,notAvailable,notAvailable,notAvailable,notAvailable
PROJ178,GSE294559,SAM1129,NP003,Homo sapiens,GSM8911220,colorectal,colon,UBERON:0001155,0,0,notAvailable,notAvailable,notAvailable,notAvailable,notAvailable,notAvailable,primary colorectal normal tissue,normal,PATO:0000461,notAvailable,notAvailable,P003,notAvailable,notAvailable,notAvailable,notAvailable
PROJ178,GSE294559,SAM1130,NP008,Homo sapiens,GSM8911225,colorectal,colon,UBERON:0001155,0,0,notAvailable,notAvailable,notAvailable,notAvailable,notAvailable,notAvailable,primary colorectal normal tissue,normal,PATO:0000461,notAvailable,notAvailable,P008,notAvailable,notAvailable,notAvailable,notAvailable
PROJ178,GSE294559,SAM1131,NP006,Homo sapiens,GSM8911223,colorectal,colon,UBERON:0001155,0,0,notAvailable,notAvailable,notAvailable,notAvailable,notAvailable,notAvailable,primary colorectal normal tissue,normal,PATO:0000461,notAvailable,notAvailable,P006,notAvailable,notAvailable,notAvailable,notAvailable
PROJ178,GSE294559,SAM1132,TO003,Homo sapiens,GSM8911274,colorectal organoid,colon,UBERON:0001155,1,1,colorectal organoid,notAvailable,notAvailable,epithelial cells,intestinal epithelial cell,CL:0002563,colorectal cancer,colorectal cancer,DOID:9256,notAvailable,notAvailable,P003,notAvailable,notAvailable,notAvailable,notAvailable
PROJ178,GSE294559,SAM1133,TO006,Homo sapiens,GSM8911277,colorectal organoid,colon,UBERON:0001155,1,1,colorectal organoid,notAvailable,notAvailable,epithelial cells,intestinal epithelial cell,CL:0002563,colorectal cancer,colorectal cancer,DOID:9256,notAvailable,notAvailable,P006,notAvailable,notAvailable,notAvailable,notAvailable
PROJ178,GSE294559,SAM1134,TO008,Homo sapiens,GSM8911279,colorectal organoid,colon,UBERON:0001155,1,1,colorectal organoid,notAvailable,notAvailable,epithelial cells,intestinal epithelial cell,CL:0002563,colorectal cancer,colorectal cancer,DOID:9256,notAvailable,notAvailable,P008,notAvailable,notAvailable,notAvailable,notAvailable
PROJ178,GSE294559,SAM1135,NO002,Homo sapiens,GSM8911255,colorectal organoid,colon,UBERON:0001155,1,1,colorectal organoid,notAvailable,notAvailable,epithelial cells,intestinal epithelial cell,CL:0002563,healthy,normal,PATO:0000461,notAvailable,notAvailable,P002,notAvailable,notAvailable,notAvailable,notAvailable
PROJ178,GSE294559,SAM1136,TP007,Homo sapiens,GSM8911242,colorectal,colon,UBERON:0001155,0,0,notAvailable,notAvailable,notAvailable,notAvailable,notAvailable,notAvailable,primary colorectal tumor tissue,colorectal cancer,DOID:9256,notAvailable,notAvailable,P007,notAvailable,notAvailable,notAvailable,notAvailable
PROJ178,GSE294559,SAM1137,NO007,Homo sapiens,GSM8911260,colorectal organoid,colon,UBERON:0001155,1,1,colorectal organoid,notAvailable,notAvailable,epithelial cells,intestinal epithelial cell,CL:0002563,healthy,normal,PATO:0000461,notAvailable,notAvailable,P007,notAvailable,notAvailable,notAvailable,notAvailable
PROJ178,GSE294559,SAM1138,TP002,Homo sapiens,GSM8911237,colorectal,colon,UBERON:0001155,0,0,notAvailable,notAvailable,notAvailable,notAvailable,notAvailable,notAvailable,primary colorectal tumor tissue,colorectal cancer,DOID:9256,notAvailable,notAvailable,P002,notAvailable,notAvailable,notAvailable,notAvailable
PROJ178,GSE294559,SAM1139,TP009,Homo sapiens,GSM8911244,colorectal,colon,UBERON:0001155,0,0,notAvailable,notAvailable,notAvailable,notAvailable,notAvailable,notAvailable,primary colorectal tumor tissue,colorectal cancer,DOID:9256,notAvailable,notAvailable,P009,notAvailable,notAvailable,notAvailable,notAvailable
PROJ178,GSE294559,SAM1140,NO009,Homo sapiens,GSM8911262,colorectal organoid,colon,UBERON:0001155,1,1,colorectal organoid,notAvailable,notAvailable,epithelial cells,intestinal epithelial cell,CL:0002563,healthy,normal,PATO:0000461,notAvailable,notAvailable,P009,notAvailable,notAvailable,notAvailable,notAvailable
PROJ178,GSE294559,SAM1141,NO003,Homo sapiens,GSM8911256,colorectal organoid,colon,UBERON:0001155,1,1,colorectal organoid,notAvailable,notAvailable,epithelial cells,intestinal epithelial cell,CL:0002563,healthy,normal,PATO:0000461,notAvailable,notAvailable,P003,notAvailable,notAvailable,notAvailable,notAvailable
PROJ178,GSE294559,SAM1142,TP003,Homo sapiens,GSM8911238,colorectal,colon,UBERON:0001155,0,0,notAvailable,notAvailable,notAvailable,notAvailable,notAvailable,notAvailable,primary colorectal tumor tissue,colorectal cancer,DOID:9256,notAvailable,notAvailable,P003,notAvailable,notAvailable,notAvailable,notAvailable
PROJ178,GSE294559,SAM1143,TP006,Homo sapiens,GSM8911241,colorectal,colon,UBERON:0001155,0,0,notAvailable,notAvailable,notAvailable,notAvailable,notAvailable,notAvailable,primary colorectal tumor tissue,colorectal cancer,DOID:9256,notAvailable,notAvailable,P006,notAvailable,notAvailable,notAvailable,notAvailable
PROJ178,GSE294559,SAM1144,TP008,Homo sapiens,GSM8911243,colorectal,colon,UBERON:0001155,0,0,notAvailable,notAvailable,notAvailable,notAvailable,notAvailable,notAvailable,primary colorectal tumor tissue,colorectal cancer,DOID:9256,notAvailable,notAvailable,P008,notAvailable,notAvailable,notAvailable,notAvailable
PROJ178,GSE294559,SAM1145,NO006,Homo sapiens,GSM8911259,colorectal organoid,colon,UBERON:0001155,1,1,colorectal organoid,notAvailable,notAvailable,epithelial cells,intestinal epithelial cell,CL:0002563,healthy,normal,PATO:0000461,notAvailable,notAvailable,P006,notAvailable,notAvailable,notAvailable,notAvailable
PROJ178,GSE294559,SAM1146,NO008,Homo sapiens,GSM8911261,colorectal organoid,colon,UBERON:0001155,1,1,colorectal organoid,notAvailable,notAvailable,epithelial cells,intestinal epithelial cell,CL:0002563,healthy,normal,PATO:0000461,notAvailable,notAvailable,P008,notAvailable,notAvailable,notAvailable,notAvailable
PROJ178,GSE294559,SAM1147,NP002,Homo sapiens,GSM8911219,colorectal,colon,UBERON:0001155,0,0,notAvailable,notAvailable,notAvailable,notAvailable,notAvailable,notAvailable,primary colorectal normal tissue,normal,PATO:0000461,notAvailable,notAvailable,P002,notAvailable,notAvailable,notAvailable,notAvailable
PROJ178,GSE294559,SAM1148,NP007,Homo sapiens,GSM8911224,colorectal,colon,UBERON:0001155,0,0,notAvailable,notAvailable,notAvailable,notAvailable,notAvailable,notAvailable,primary colorectal normal tissue,normal,PATO:0000461,notAvailable,notAvailable,P007,notAvailable,notAvailable,notAvailable,notAvailable
PROJ178,GSE294559,SAM1149,TO002,Homo sapiens,GSM8911273,colorectal organoid,colon,UBERON:0001155,1,1,colorectal organoid,notAvailable,notAvailable,epithelial cells,intestinal epithelial cell,CL:0002563,colorectal cancer,colorectal cancer,DOID:9256,notAvailable,notAvailable,P002,notAvailable,notAvailable,notAvailable,notAvailable
PROJ178,GSE294559,SAM1150,NP009,Homo sapiens,GSM8911226,colorectal,colon,UBERON:0001155,0,0,notAvailable,notAvailable,notAvailable,notAvailable,notAvailable,notAvailable,primary colorectal normal tissue,normal,PATO:0000461,notAvailable,notAvailable,P009,notAvailable,notAvailable,notAvailable,notAvailable
PROJ178,GSE294559,SAM1151,TO007,Homo sapiens,GSM8911278,colorectal organoid,colon,UBERON:0001155,1,1,colorectal organoid,notAvailable,notAvailable,epithelial cells,intestinal epithelial cell,CL:0002563,colorectal cancer,colorectal cancer,DOID:9256,notAvailable,notAvailable,P007,notAvailable,notAvailable,notAvailable,notAvailable
PROJ178,GSE294559,SAM1152,TO009,Homo sapiens,GSM8911280,colorectal organoid,colon,UBERON:0001155,1,1,colorectal organoid,notAvailable,notAvailable,epithelial cells,intestinal epithelial cell,CL:0002563,colorectal cancer,colorectal cancer,DOID:9256,notAvailable,notAvailable,P009,notAvailable,notAvailable,notAvailable,notAvailable
PROJ178,GSE294559,SAM1153,NP001,Homo sapiens,GSM8911218,colorectal,colon,UBERON:0001155,0,0,notAvailable,notAvailable,notAvailable,notAvailable,notAvailable,notAvailable,primary colorectal normal tissue,normal,PATO:0000461,notAvailable,notAvailable,P001,notAvailable,notAvailable,notAvailable,notAvailable
PROJ178,GSE294559,SAM1154,NP004,Homo sapiens,GSM8911221,colorectal,colon,UBERON:0001155,0,0,notAvailable,notAvailable,notAvailable,notAvailable,notAvailable,notAvailable,primary colorectal normal tissue,normal,PATO:0000461,notAvailable,notAvailable,P004,notAvailable,notAvailable,notAvailable,notAvailable
PROJ178,GSE294559,SAM1155,TO001,Homo sapiens,GSM8911272,colorectal organoid,colon,UBERON:0001155,1,1,colorectal organoid,notAvailable,notAvailable,epithelial cells,intestinal epithelial cell,CL:0002563,colorectal cancer,colorectal cancer,DOID:9256,notAvailable,notAvailable,P001,notAvailable,notAvailable,notAvailable,notAvailable
PROJ178,GSE294559,SAM1156,TO004,Homo sapiens,GSM8911275,colorectal organoid,colon,UBERON:0001155,1,1,colorectal organoid,notAvailable,notAvailable,epithelial cells,intestinal epithelial cell,CL:0002563,colorectal cancer,colorectal cancer,DOID:9256,notAvailable,notAvailable,P004,notAvailable,notAvailable,notAvailable,notAvailable
PROJ178,GSE294559,SAM1157,TP005,Homo sapiens,GSM8911240,colorectal,colon,UBERON:0001155,0,0,notAvailable,notAvailable,notAvailable,notAvailable,notAvailable,notAvailable,primary colorectal tumor tissue,colorectal cancer,DOID:9256,notAvailable,notAvailable,P005,notAvailable,notAvailable,notAvailable,notAvailable
PROJ178,GSE294559,SAM1158,NO005,Homo sapiens,GSM8911258,colorectal organoid,colon,UBERON:0001155,1,1,colorectal organoid,notAvailable,notAvailable,epithelial cells,intestinal epithelial cell,CL:0002563,healthy,normal,PATO:0000461,notAvailable,notAvailable,P005,notAvailable,notAvailable,notAvailable,notAvailable
PROJ178,GSE294559,SAM1159,TP004,Homo sapiens,GSM8911239,colorectal,colon,UBERON:0001155,0,0,notAvailable,notAvailable,notAvailable,notAvailable,notAvailable,notAvailable,primary colorectal tumor tissue,colorectal cancer,DOID:9256,notAvailable,notAvailable,P004,notAvailable,notAvailable,notAvailable,notAvailable
PROJ178,GSE294559,SAM1160,NO001,Homo sapiens,GSM8911254,colorectal organoid,colon,UBERON:0001155,1,1,colorectal organoid,notAvailable,notAvailable,epithelial cells,intestinal epithelial cell,CL:0002563,healthy,normal,PATO:0000461,notAvailable,notAvailable,P001,notAvailable,notAvailable,notAvailable,notAvailable
PROJ178,GSE294559,SAM1161,TP001,Homo sapiens,GSM8911236,colorectal,colon,UBERON:0001155,0,0,notAvailable,notAvailable,notAvailable,notAvailable,notAvailable,notAvailable,primary colorectal tumor tissue,colorectal cancer,DOID:9256,notAvailable,notAvailable,P001,notAvailable,notAvailable,notAvailable,notAvailable
PROJ178,GSE294559,SAM1162,NO004,Homo sapiens,GSM8911257,colorectal organoid,colon,UBERON:0001155,1,1,colorectal organoid,notAvailable,notAvailable,epithelial cells,intestinal epithelial cell,CL:0002563,healthy,normal,PATO:0000461,notAvailable,notAvailable,P004,notAvailable,notAvailable,notAvailable,notAvailable
PROJ178,GSE294559,SAM1163,NP005,Homo sapiens,GSM8911222,colorectal,colon,UBERON:0001155,0,0,notAvailable,notAvailable,notAvailable,notAvailable,notAvailable,notAvailable,primary colorectal normal tissue,normal,PATO:0000461,notAvailable,notAvailable,P005,notAvailable,notAvailable,notAvailable,notAvailable
PROJ178,GSE294559,SAM1164,TO005,Homo sapiens,GSM8911276,colorectal organoid,colon,UBERON:0001155,1,1,colorectal organoid,notAvailable,notAvailable,epithelial cells,intestinal epithelial cell,CL:0002563,colorectal cancer,colorectal cancer,DOID:9256,notAvailable,notAvailable,P005,notAvailable,notAvailable,notAvailable,notAvailable
PROJ179,GSE294772,SAM1165,MM_1031_1_2_MM_1030_1_2,Mus musculus,GSM8958053,Entorhinal cortex (ENT),entorhinal cortex,UBERON:0002728,0,0,notAvailable,notAvailable,notAvailable,notAvailable,notAvailable,notAvailable,healthy,normal,PATO:0000461,notAvailable,WT,notAvailable,female,18_month,notAvailable,notAvailable
PROJ179,GSE294772,SAM1166,MM_1100_1_2_MM_1091_1_2,Mus musculus,GSM8958088,DR+LC+PAG+PCG (PAG/PCG),brain,UBERON:0000955,0,0,notAvailable,notAvailable,notAvailable,notAvailable,notAvailable,notAvailable,notAvailable,notAvailable,notAvailable,notAvailable,WT,notAvailable,female,2_month,notAvailable,notAvailable
PROJ179,GSE294772,SAM1167,MM_1103_1_2_MM_1094_1_2,Mus musculus,GSM8958046,Caudate Putamen (CP),caudate-putamen,UBERON:0005383,0,0,notAvailable,notAvailable,notAvailable,notAvailable,notAvailable,notAvailable,healthy,normal,PATO:0000461,notAvailable,WT,notAvailable,female,18_month,notAvailable,notAvailable
PROJ179,GSE294772,SAM1168,EE_178_1_2_EE_172_1_2,Mus musculus,GSM8958059,Entorhinal cortex (ENT),entorhinal cortex,UBERON:0002728,0,0,notAvailable,notAvailable,notAvailable,notAvailable,notAvailable,notAvailable,healthy,normal,PATO:0000461,notAvailable,WT,notAvailable,female,9_month,notAvailable,notAvailable
PROJ179,GSE294772,SAM1169,EE_174_1_2_EE_168_1_2,Mus musculus,GSM8958055,Entorhinal cortex (ENT),entorhinal cortex,UBERON:0002728,0,0,notAvailable,notAvailable,notAvailable,notAvailable,notAvailable,notAvailable,healthy,normal,PATO:0000461,notAvailable,WT,notAvailable,female,18_month,notAvailable,notAvailable
PROJ179,GSE294772,SAM1170,MM_985_1_2_3_MM_983_1_2,Mus musculus,GSM8958087,DR+LC+PAG+PCG (PAG/PCG),brain,UBERON:0000955,0,0,notAvailable,notAvailable,notAvailable,notAvailable,notAvailable,notAvailable,notAvailable,notAvailable,notAvailable,notAvailable,WT,notAvailable,female,2_month,notAvailable,notAvailable
PROJ179,GSE294772,SAM1171,MM_989_1_2_3_MM_987_1_2,Mus musculus,GSM8958049,Caudate Putamen (CP),caudate-putamen,UBERON:0005383,0,0,notAvailable,notAvailable,notAvailable,notAvailable,notAvailable,notAvailable,healthy,normal,PATO:0000461,notAvailable,WT,notAvailable,female,2_month,notAvailable,notAvailable
PROJ179,GSE294772,SAM1172,QY_1587_1_2_3_QY_1586_1_2,Mus musculus,GSM8958083,Nucleus Accumbens (ACB),nucleus accumbens,UBERON:0001882,0,0,notAvailable,notAvailable,notAvailable,notAvailable,notAvailable,notAvailable,healthy,normal,PATO:0000461,notAvailable,WT,notAvailable,female,9_month,notAvailable,notAvailable
PROJ179,GSE294772,SAM1173,QY_1702_1_2_QY_1701_1_2,Mus musculus,GSM8958039,Amygdala (AMY),amygdala,UBERON:0001876,0,0,notAvailable,notAvailable,notAvailable,notAvailable,notAvailable,notAvailable,healthy,normal,PATO:0000461,notAvailable,WT,notAvailable,female,18_month,notAvailable,notAvailable
PROJ179,GSE294772,SAM1174,MM_1099_1_2_MM_1090_1_2,Mus musculus,GSM8958073,Posterior hippocampus (PHC),hippocampal formation,UBERON:0002421,0,0,notAvailable,notAvailable,notAvailable,notAvailable,notAvailable,notAvailable,notAvailable,notAvailable,notAvailable,notAvailable,WT,notAvailable,female,18 month,notAvailable,notAvailable
PROJ179,GSE294772,SAM1175,EE_177_1_2_EE_171_1_2,Mus musculus,GSM8958078,Posterior hippocampus (PHC),hippocampal formation,UBERON:0002421,0,0,notAvailable,notAvailable,notAvailable,notAvailable,notAvailable,notAvailable,notAvailable,notAvailable,notAvailable,notAvailable,WT,notAvailable,female,9 month,notAvailable,notAvailable
PROJ179,GSE294772,SAM1176,MM_988_1_2_3_MM_986_1_2,Mus musculus,GSM8958062,Frontal Cortex (FC),frontal cortex,UBERON:0001870,0,0,notAvailable,notAvailable,notAvailable,notAvailable,notAvailable,notAvailable,healthy,normal,PATO:0000461,notAvailable,WT,notAvailable,female,2_month,notAvailable,notAvailable
PROJ179,GSE294772,SAM1177,MM_946_1_2_MM_941_1_2,Mus musculus,GSM8958048,Caudate Putamen (CP),caudate-putamen,UBERON:0005383,0,0,notAvailable,notAvailable,notAvailable,notAvailable,notAvailable,notAvailable,healthy,normal,PATO:0000461,notAvailable,WT,notAvailable,female,2_month,notAvailable,notAvailable
PROJ179,GSE294772,SAM1178,MM_1095_1_2_MM_1086_1_2,Mus musculus,GSM8958068,Anterior hippocampus (AHC),hippocampal formation,UBERON:0002421,0,0,notAvailable,notAvailable,notAvailable,notAvailable,notAvailable,notAvailable,notAvailable,notAvailable,notAvailable,notAvailable,WT,notAvailable,female,2 month,notAvailable,notAvailable
PROJ179,GSE294772,SAM1179,MM_1073_1_2_MM_1064_1_2,Mus musculus,GSM8958038,Amygdala (AMY),amygdala,UBERON:0001876,0,0,notAvailable,notAvailable,notAvailable,notAvailable,notAvailable,notAvailable,healthy,normal,PATO:0000461,notAvailable,WT,notAvailable,female,18_month,notAvailable,notAvailable
PROJ179,GSE294772,SAM1180,MM_949_1_2_MM_944_1_2,Mus musculus,GSM8958081,Nucleus Accumbens (ACB),nucleus accumbens,UBERON:0001882,0,0,notAvailable,notAvailable,notAvailable,notAvailable,notAvailable,notAvailable,healthy,normal,PATO:0000461,notAvailable,WT,notAvailable,female,2_month,notAvailable,notAvailable
PROJ179,GSE294772,SAM1181,QY_1608_1_2_3_QY_1607_1_2,Mus musculus,GSM8958051,Caudate Putamen (CP),caudate-putamen,UBERON:0005383,0,0,notAvailable,notAvailable,notAvailable,notAvailable,notAvailable,notAvailable,healthy,normal,PATO:0000461,notAvailable,WT,notAvailable,female,9_month,notAvailable,notAvailable
PROJ179,GSE294772,SAM1182,QY_1590_1_2_QY_1589_1_2,Mus musculus,GSM8958069,Anterior hippocampus (AHC),hippocampal formation,UBERON:0002421,0,0,notAvailable,notAvailable,notAvailable,notAvailable,notAvailable,notAvailable,notAvailable,notAvailable,notAvailable,notAvailable,WT,notAvailable,female,2 month,notAvailable,notAvailable
PROJ179,GSE294772,SAM1183,KA_37_1_2_KA_35_1_2,Mus musculus,GSM8958065,Frontal Cortex (FC),frontal cortex,UBERON:0001870,0,0,notAvailable,notAvailable,notAvailable,notAvailable,notAvailable,notAvailable,healthy,normal,PATO:0000461,notAvailable,WT,notAvailable,female,9_month,notAvailable,notAvailable
PROJ179,GSE294772,SAM1184,QY_1594_1_2_QY_1593_1_2,Mus musculus,GSM8958063,Frontal Cortex (FC),frontal cortex,UBERON:0001870,0,0,notAvailable,notAvailable,notAvailable,notAvailable,notAvailable,notAvailable,healthy,normal,PATO:0000461,notAvailable,WT,notAvailable,female,2_month,notAvailable,notAvailable
PROJ179,GSE294772,SAM1185,MM_1076_1_2_3_MM_1067_1_2,Mus musculus,GSM8958086,DR+LC+PAG+PCG (PAG/PCG),brain,UBERON:0000955,0,0,notAvailable,notAvailable,notAvailable,notAvailable,notAvailable,notAvailable,notAvailable,notAvailable,notAvailable,notAvailable,WT,notAvailable,female,18_month,notAvailable,notAvailable
PROJ179,GSE294772,SAM1186,MM_1102_1_2_MM_1093_1_2,Mus musculus,GSM8958085,DR+LC+PAG+PCG (PAG/PCG),brain,UBERON:0000955,0,0,notAvailable,notAvailable,notAvailable,notAvailable,notAvailable,notAvailable,notAvailable,notAvailable,notAvailable,notAvailable,WT,notAvailable,female,18_month,notAvailable,notAvailable
PROJ179,GSE294772,SAM1187,MM_1045_1_2_MM_1044_1_2,Mus musculus,GSM8958077,Posterior hippocampus (PHC),hippocampal formation,UBERON:0002421,0,0,notAvailable,notAvailable,notAvailable,notAvailable,notAvailable,notAvailable,notAvailable,notAvailable,notAvailable,notAvailable,WT,notAvailable,female,9 month,notAvailable,notAvailable
PROJ179,GSE294772,SAM1188,QY_1606_1_2_3_QY_1605_1_2,Mus musculus,GSM8958064,Frontal Cortex (FC),frontal cortex,UBERON:0001870,0,0,notAvailable,notAvailable,notAvailable,notAvailable,notAvailable,notAvailable,healthy,normal,PATO:0000461,notAvailable,WT,notAvailable,female,9_month,notAvailable,notAvailable
PROJ179,GSE294772,SAM1189,MM_992_1_2_MM_990_1_2,Mus musculus,GSM8958075,Posterior hippocampus (PHC),hippocampal formation,UBERON:0002421,0,0,notAvailable,notAvailable,notAvailable,notAvailable,notAvailable,notAvailable,notAvailable,notAvailable,notAvailable,notAvailable,WT,notAvailable,female,2 month,notAvailable,notAvailable
PROJ179,GSE294772,SAM1190,QY_1596_1_2_QY_1595_1_2,Mus musculus,GSM8958050,Caudate Putamen (CP),caudate-putamen,UBERON:0005383,0,0,notAvailable,notAvailable,notAvailable,notAvailable,notAvailable,notAvailable,healthy,normal,PATO:0000461,notAvailable,WT,notAvailable,female,9_month,notAvailable,notAvailable
PROJ179,GSE294772,SAM1191,QY_1696_1_2_QY_1695_1_2,Mus musculus,GSM8958060,Frontal Cortex (FC),frontal cortex,UBERON:0001870,0,0,notAvailable,notAvailable,notAvailable,notAvailable,notAvailable,notAvailable,healthy,normal,PATO:0000461,notAvailable,WT,notAvailable,female,18_month,notAvailable,notAvailable
PROJ179,GSE294772,SAM1192,QY_1618_1_2_3_QY_1617_1_2,Mus musculus,GSM8958058,Entorhinal cortex (ENT),entorhinal cortex,UBERON:0002728,0,0,notAvailable,notAvailable,notAvailable,notAvailable,notAvailable,notAvailable,healthy,normal,PATO:0000461,notAvailable,WT,notAvailable,female,9_month,notAvailable,notAvailable
PROJ179,GSE294772,SAM1193,QY_1698_1_2_QY_1697_1_2,Mus musculus,GSM8958047,Caudate Putamen (CP),caudate-putamen,UBERON:0005383,0,0,notAvailable,notAvailable,notAvailable,notAvailable,notAvailable,notAvailable,healthy,normal,PATO:0000461,notAvailable,WT,notAvailable,female,18_month,notAvailable,notAvailable
PROJ179,GSE294772,SAM1194,MM_1004_1_2_3_MM_1002_1_2,Mus musculus,GSM8958056,Entorhinal cortex (ENT),entorhinal cortex,UBERON:0002728,0,0,notAvailable,notAvailable,notAvailable,notAvailable,notAvailable,notAvailable,healthy,normal,PATO:0000461,notAvailable,WT,notAvailable,female,2_month,notAvailable,notAvailable
PROJ179,GSE294772,SAM1195,MM_981_1_2_3_4_MM_979_1_2_3,Mus musculus,GSM8958041,Amygdala (AMY),amygdala,UBERON:0001876,0,0,notAvailable,notAvailable,notAvailable,notAvailable,notAvailable,notAvailable,healthy,normal,PATO:0000461,notAvailable,WT,notAvailable,female,2_month,notAvailable,notAvailable
PROJ179,GSE294772,SAM1196,MM_1023_1_2_3_MM_1022_1_2,Mus musculus,GSM8958090,DR+LC+PAG+PCG (PAG/PCG),brain,UBERON:0000955,0,0,notAvailable,notAvailable,notAvailable,notAvailable,notAvailable,notAvailable,notAvailable,notAvailable,notAvailable,notAvailable,WT,notAvailable,female,9_month,notAvailable,notAvailable
PROJ179,GSE294772,SAM1197,EE_175_1_2_EE_169_1_2,Mus musculus,GSM8958043,Amygdala (AMY),amygdala,UBERON:0001876,0,0,notAvailable,notAvailable,notAvailable,notAvailable,notAvailable,notAvailable,healthy,normal,PATO:0000461,notAvailable,WT,notAvailable,female,2_month,notAvailable,notAvailable
PROJ179,GSE294772,SAM1198,MM_1043_1_2_MM_1042_1_2,Mus musculus,GSM8958089,DR+LC+PAG+PCG (PAG/PCG),brain,UBERON:0000955,0,0,notAvailable,notAvailable,notAvailable,notAvailable,notAvailable,notAvailable,notAvailable,notAvailable,notAvailable,notAvailable,WT,notAvailable,female,9_month,notAvailable,notAvailable
PROJ179,GSE294772,SAM1199,QY_1585_1_2_QY_1584_1_2,Mus musculus,GSM8958076,Posterior hippocampus (PHC),hippocampal formation,UBERON:0002421,0,0,notAvailable,notAvailable,notAvailable,notAvailable,notAvailable,notAvailable,notAvailable,notAvailable,notAvailable,notAvailable,WT,notAvailable,female,9 month,notAvailable,notAvailable
PROJ179,GSE294772,SAM1200,EE_176_1_2_EE_170_1_2,Mus musculus,GSM8958052,Caudate Putamen (CP),caudate-putamen,UBERON:0005383,0,0,notAvailable,notAvailable,notAvailable,notAvailable,notAvailable,notAvailable,healthy,normal,PATO:0000461,notAvailable,WT,notAvailable,female,9_month,notAvailable,notAvailable
PROJ179,GSE294772,SAM1201,MM_1035_1_2_MM_1034_1_2,Mus musculus,GSM8958066,Anterior hippocampus (AHC),hippocampal formation,UBERON:0002421,0,0,notAvailable,notAvailable,notAvailable,notAvailable,notAvailable,notAvailable,notAvailable,notAvailable,notAvailable,notAvailable,WT,notAvailable,female,18 month,notAvailable,notAvailable
PROJ179,GSE294772,SAM1202,QY_1600_1_2_QY_1599_1_2,Mus musculus,GSM8958044,Amygdala (AMY),amygdala,UBERON:0001876,0,0,notAvailable,notAvailable,notAvailable,notAvailable,notAvailable,notAvailable,healthy,normal,PATO:0000461,notAvailable,WT,notAvailable,female,9_month,notAvailable,notAvailable
PROJ179,GSE294772,SAM1203,MM_1098_1_2_MM_1089_1_2,Mus musculus,GSM8958080,Nucleus Accumbens (ACB),nucleus accumbens,UBERON:0001882,0,0,notAvailable,notAvailable,notAvailable,notAvailable,notAvailable,notAvailable,healthy,normal,PATO:0000461,notAvailable,WT,notAvailable,female,18_month,notAvailable,notAvailable
PROJ179,GSE294772,SAM1204,MM_993_1_2_MM_991_1_2,Mus musculus,GSM8958082,Nucleus Accumbens (ACB),nucleus accumbens,UBERON:0001882,0,0,notAvailable,notAvailable,notAvailable,notAvailable,notAvailable,notAvailable,healthy,normal,PATO:0000461,notAvailable,WT,notAvailable,female,2_month,notAvailable,notAvailable
PROJ179,GSE294772,SAM1205,MM_1101_1_2_3_MM_1092_1_2,Mus musculus,GSM8958057,Entorhinal cortex (ENT),entorhinal cortex,UBERON:0002728,0,0,notAvailable,notAvailable,notAvailable,notAvailable,notAvailable,notAvailable,healthy,normal,PATO:0000461,notAvailable,WT,notAvailable,female,9_month,notAvailable,notAvailable
PROJ179,GSE294772,SAM1206,QY_1602_1_2_QY_1601_1_2,Mus musculus,GSM8958070,Anterior hippocampus (AHC),hippocampal formation,UBERON:0002421,0,0,notAvailable,notAvailable,notAvailable,notAvailable,notAvailable,notAvailable,notAvailable,notAvailable,notAvailable,notAvailable,WT,notAvailable,female,9 month,notAvailable,notAvailable
PROJ179,GSE294772,SAM1207,QY_1700_1_2_QY_1699_1_2,Mus musculus,GSM8958054,Entorhinal cortex (ENT),entorhinal cortex,UBERON:0002728,0,0,notAvailable,notAvailable,notAvailable,notAvailable,notAvailable,notAvailable,healthy,normal,PATO:0000461,notAvailable,WT,notAvailable,female,18_month,notAvailable,notAvailable
PROJ179,GSE294772,SAM1208,MM_1021_1_2_3_MM_1020_1_2,Mus musculus,GSM8958071,Anterior hippocampus (AHC),hippocampal formation,UBERON:0002421,0,0,notAvailable,notAvailable,notAvailable,notAvailable,notAvailable,notAvailable,notAvailable,notAvailable,notAvailable,notAvailable,WT,notAvailable,female,9 month,notAvailable,notAvailable
PROJ179,GSE294772,SAM1209,EE_173_1_2_EE_167_1_2,Mus musculus,GSM8958040,Amygdala (AMY),amygdala,UBERON:0001876,0,0,notAvailable,notAvailable,notAvailable,notAvailable,notAvailable,notAvailable,healthy,normal,PATO:0000461,notAvailable,WT,notAvailable,female,18_month,notAvailable,notAvailable
PROJ179,GSE294772,SAM1210,MM_1041_1_2_MM_1040_1_2,Mus musculus,GSM8958074,Posterior hippocampus (PHC),hippocampal formation,UBERON:0002421,0,0,notAvailable,notAvailable,notAvailable,notAvailable,notAvailable,notAvailable,notAvailable,notAvailable,notAvailable,notAvailable,WT,notAvailable,female,2 month,notAvailable,notAvailable
PROJ179,GSE294772,SAM1211,MM_1029_1_2_MM_1028_1_2,Mus musculus,GSM8958072,Posterior hippocampus (PHC),hippocampal formation,UBERON:0002421,0,0,notAvailable,notAvailable,notAvailable,notAvailable,notAvailable,notAvailable,notAvailable,notAvailable,notAvailable,notAvailable,WT,notAvailable,female,18 month,notAvailable,notAvailable
PROJ179,GSE294772,SAM1212,MM_1097_1_2_MM_1088_1_2,Mus musculus,GSM8958084,Nucleus Accumbens (ACB),nucleus accumbens,UBERON:0001882,0,0,notAvailable,notAvailable,notAvailable,notAvailable,notAvailable,notAvailable,healthy,normal,PATO:0000461,notAvailable,WT,notAvailable,female,9_month,notAvailable,notAvailable
PROJ179,GSE294772,SAM1213,MM_1077_1_2_3_MM_1068_1_2,Mus musculus,GSM8958061,Frontal Cortex (FC),frontal cortex,UBERON:0001870,0,0,notAvailable,notAvailable,notAvailable,notAvailable,notAvailable,notAvailable,healthy,normal,PATO:0000461,notAvailable,WT,notAvailable,female,18_month,notAvailable,notAvailable
PROJ179,GSE294772,SAM1214,MM_1075_1_2_MM_1066_1_2,Mus musculus,GSM8958067,Anterior hippocampus (AHC),hippocampal formation,UBERON:0002421,0,0,notAvailable,notAvailable,notAvailable,notAvailable,notAvailable,notAvailable,notAvailable,notAvailable,notAvailable,notAvailable,WT,notAvailable,female,18 month,notAvailable,notAvailable
PROJ179,GSE294772,SAM1215,QY_1616_1_2_QY_1615_1_2,Mus musculus,GSM8958045,Amygdala (AMY),amygdala,UBERON:0001876,0,0,notAvailable,notAvailable,notAvailable,notAvailable,notAvailable,notAvailable,healthy,normal,PATO:0000461,notAvailable,WT,notAvailable,female,9_month,notAvailable,notAvailable
PROJ179,GSE294772,SAM1216,MM_1005_1_2_MM_1003_1_2,Mus musculus,GSM8958042,Amygdala (AMY),amygdala,UBERON:0001876,0,0,notAvailable,notAvailable,notAvailable,notAvailable,notAvailable,notAvailable,healthy,normal,PATO:0000461,notAvailable,WT,notAvailable,female,2_month,notAvailable,notAvailable
PROJ179,GSE294772,SAM1217,MM_1074_1_2_MM_1065_1_2,Mus musculus,GSM8958079,Nucleus Accumbens (ACB),nucleus accumbens,UBERON:0001882,0,0,notAvailable,notAvailable,notAvailable,notAvailable,notAvailable,notAvailable,healthy,normal,PATO:0000461,notAvailable,WT,notAvailable,female,18_month,notAvailable,notAvailable
PROJ180,GSE296091,SAM1218,ENT_WT_2mo,Mus musculus,GSM8964999,entorhinal cortex,entorhinal cortex,UBERON:0002728,0,0,notAvailable,notAvailable,notAvailable,notAvailable,notAvailable,notAvailable,healthy,normal,PATO:0000461,notAvailable,WT,notAvailable,notAvailable,2_month,notAvailable,notAvailable
PROJ180,GSE296091,SAM1219,ENT_WT_8mo,Mus musculus,GSM8965001,entorhinal cortex,entorhinal cortex,UBERON:0002728,0,0,notAvailable,notAvailable,notAvailable,notAvailable,notAvailable,notAvailable,Alzheimer's disease,Alzheimer's disease,DOID:10652,notAvailable,WT,notAvailable,notAvailable,8_month,notAvailable,notAvailable
PROJ180,GSE296091,SAM1220,ENT_5xFAD_2mo,Mus musculus,GSM8965000,entorhinal cortex,entorhinal cortex,UBERON:0002728,0,0,notAvailable,notAvailable,notAvailable,notAvailable,notAvailable,notAvailable,healthy,normal,PATO:0000461,notAvailable,WT,notAvailable,notAvailable,2_month,notAvailable,notAvailable
PROJ180,GSE296091,SAM1221,ENT_5xFAD_8mo,Mus musculus,GSM8965002,entorhinal cortex,entorhinal cortex,UBERON:0002728,0,0,notAvailable,notAvailable,notAvailable,notAvailable,notAvailable,notAvailable,Alzheimer's disease,Alzheimer's disease,DOID:10652,notAvailable,WT,notAvailable,notAvailable,8_month,notAvailable,notAvailable
PROJ181,GSE296599,SAM1222,GSM8973261,Homo sapiens,GSM8973261,ovary,ovary,UBERON:0000992,0,0,notAvailable,notAvailable,notAvailable,notAvailable,notAvailable,notAvailable,High grade serous ovarian cancer,ovarian serous carcinoma,DOID:0050933,pre_chemotherapy,notAvailable,notAvailable,notAvailable,notAvailable,notAvailable,notAvailable
PROJ182,GSE296943,SAM1223,Hand1,Homo sapiens,GSM8980134,"Brain, prefrontal cortex",prefrontal cortex,UBERON:0000451,0,0,notAvailable,notAvailable,notAvailable,notAvailable,notAvailable,notAvailable,HIV,human immunodeficiency virus infectious disease,DOID:526,notAvailable,notAvailable,sample1,notAvailable,notAvailable,notAvailable,"HIV-associated neurocognitive disorders,HAND"
PROJ182,GSE296943,SAM1224,Hand2,Homo sapiens,GSM8980135,"Brain, prefrontal cortex",prefrontal cortex,UBERON:0000451,0,0,notAvailable,notAvailable,notAvailable,notAvailable,notAvailable,notAvailable,HIV,human immunodeficiency virus infectious disease,DOID:526,notAvailable,notAvailable,sample2,notAvailable,notAvailable,notAvailable,"HIV-associated neurocognitive disorders,HAND"
PROJ182,GSE296943,SAM1225,Control2,Homo sapiens,GSM8980137,"Brain, prefrontal cortex",prefrontal cortex,UBERON:0000451,0,0,notAvailable,notAvailable,notAvailable,notAvailable,notAvailable,notAvailable,HIV,human immunodeficiency virus infectious disease,DOID:526,notAvailable,notAvailable,sample4,notAvailable,notAvailable,notAvailable,Non-HAND
PROJ182,GSE296943,SAM1226,Control1,Homo sapiens,GSM8980136,"Brain, prefrontal cortex",prefrontal cortex,UBERON:0000451,0,0,notAvailable,notAvailable,notAvailable,notAvailable,notAvailable,notAvailable,HIV,human immunodeficiency virus infectious disease,DOID:526,notAvailable,notAvailable,sample3,notAvailable,notAvailable,notAvailable,Non-HAND
PROJ183,GSE297350,SAM1227,GSM8989065,Homo sapiens,GSM8989065,ovary,ovary,UBERON:0000992,0,0,notAvailable,notAvailable,notAvailable,notAvailable,notAvailable,notAvailable,High grade serous ovarian cancer,ovarian serous carcinoma,DOID:0050933,pre_chemotherapy,notAvailable,notAvailable,notAvailable,notAvailable,notAvailable,notAvailable
PROJ184,GSE297700,SAM1228,Colon_TCDD,Mus musculus,GSM8996812,Colon lamina propria,lamina propria of mucosa of colon,UBERON:0007177,0,0,notAvailable,notAvailable,notAvailable,CD45+ cells and dendritic cells,leukocyte,CL:0000738,Infected with C. rodentium,intestinal disease,DOID:5295,notAvailable,WT,notAvailable,notAvailable,notAvailable,notAvailable,notAvailable
PROJ184,GSE297700,SAM1229,MLN_CAIR,Mus musculus,GSM8996821,Colon-draining mensenteric lymph nodes,mesocolic lymph node,UBERON:0016402,0,0,notAvailable,notAvailable,notAvailable,CD45+ cells and dendritic cells,leukocyte,CL:0000738,Infected with C. rodentium,intestinal disease,DOID:5295,notAvailable,AHR_CAIR_MUT,notAvailable,notAvailable,notAvailable,notAvailable,notAvailable
PROJ184,GSE297700,SAM1230,Colon_AHR_KO,Mus musculus,GSM8996807,Colon lamina propria,lamina propria of mucosa of colon,UBERON:0007177,0,0,notAvailable,notAvailable,notAvailable,CD45+ cells and dendritic cells,leukocyte,CL:0000738,Infected with C. rodentium,intestinal disease,DOID:5295,notAvailable,AHR_KO,notAvailable,notAvailable,notAvailable,notAvailable,notAvailable
PROJ184,GSE297700,SAM1231,Colon_Vehicle,Mus musculus,GSM8996815,Colon lamina propria,lamina propria of mucosa of colon,UBERON:0007177,0,0,notAvailable,notAvailable,notAvailable,CD45+ cells and dendritic cells,leukocyte,CL:0000738,Infected with C. rodentium,intestinal disease,DOID:5295,notAvailable,WT,notAvailable,notAvailable,notAvailable,notAvailable,notAvailable
PROJ184,GSE297700,SAM1232,Colon_CAIR,Mus musculus,GSM8996810,Colon lamina propria,lamina propria of mucosa of colon,UBERON:0007177,0,0,notAvailable,notAvailable,notAvailable,CD45+ cells and dendritic cells,leukocyte,CL:0000738,Infected with C. rodentium,intestinal disease,DOID:5295,notAvailable,AHR_CAIR_MUT,notAvailable,notAvailable,notAvailable,notAvailable,notAvailable
PROJ184,GSE297700,SAM1233,MLN_TCDD,Mus musculus,GSM8996824,Colon-draining mensenteric lymph nodes,mesocolic lymph node,UBERON:0016402,0,0,notAvailable,notAvailable,notAvailable,CD45+ cells and dendritic cells,leukocyte,CL:0000738,Infected with C. rodentium,intestinal disease,DOID:5295,notAvailable,WT,notAvailable,notAvailable,notAvailable,notAvailable,notAvailable
PROJ184,GSE297700,SAM1234,MLN_Vehicle,Mus musculus,GSM8996827,Colon-draining mensenteric lymph nodes,mesocolic lymph node,UBERON:0016402,0,0,notAvailable,notAvailable,notAvailable,CD45+ cells and dendritic cells,leukocyte,CL:0000738,Infected with C. rodentium,intestinal disease,DOID:5295,notAvailable,WT,notAvailable,notAvailable,notAvailable,notAvailable,notAvailable
PROJ184,GSE297700,SAM1235,MLN_AHR_KO,Mus musculus,GSM8996818,Colon-draining mensenteric lymph nodes,mesocolic lymph node,UBERON:0016402,0,0,notAvailable,notAvailable,notAvailable,CD45+ cells and dendritic cells,leukocyte,CL:0000738,Infected with C. rodentium,intestinal disease,DOID:5295,notAvailable,AHR_KO,notAvailable,notAvailable,notAvailable,notAvailable,notAvailable
PROJ185,GSE298184,SAM1236,Den_Maf1,Mus musculus,GSM9009636,Gastrocnemius Skeletal muscle,gastrocnemius,UBERON:0001388,0,0,notAvailable,notAvailable,notAvailable,Skeletal muscle myofibers,skeletal muscle fiber,CL:0008002,healthy,normal,PATO:0000461,notAvailable,MAF_OE,notAvailable,notAvailable,notAvailable,notAvailable,notAvailable
PROJ185,GSE298184,SAM1237,Den_GFP1,Mus musculus,GSM9009632,Gastrocnemius Skeletal muscle,gastrocnemius,UBERON:0001388,0,0,notAvailable,notAvailable,notAvailable,Skeletal muscle myofibers,skeletal muscle fiber,CL:0008002,healthy,normal,PATO:0000461,notAvailable,GFP_OE,notAvailable,notAvailable,notAvailable,notAvailable,notAvailable
PROJ185,GSE298184,SAM1238,Den_Maf2,Mus musculus,GSM9009638,Gastrocnemius Skeletal muscle,gastrocnemius,UBERON:0001388,0,0,notAvailable,notAvailable,notAvailable,Skeletal muscle myofibers,skeletal muscle fiber,CL:0008002,healthy,normal,PATO:0000461,notAvailable,MAF_OE,notAvailable,notAvailable,notAvailable,notAvailable,notAvailable
PROJ185,GSE298184,SAM1239,Den_GFP2,Mus musculus,GSM9009634,Gastrocnemius Skeletal muscle,gastrocnemius,UBERON:0001388,0,0,notAvailable,notAvailable,notAvailable,Skeletal muscle myofibers,skeletal muscle fiber,CL:0008002,healthy,normal,PATO:0000461,notAvailable,GFP_OE,notAvailable,notAvailable,notAvailable,notAvailable,notAvailable
PROJ185,GSE298184,SAM1240,WT2,Mus musculus,GSM9009630,Gastrocnemius Skeletal muscle,gastrocnemius,UBERON:0001388,0,0,notAvailable,notAvailable,notAvailable,Skeletal muscle myofibers,skeletal muscle fiber,CL:0008002,healthy,normal,PATO:0000461,notAvailable,WT,notAvailable,notAvailable,notAvailable,notAvailable,notAvailable
PROJ185,GSE298184,SAM1241,WT1,Mus musculus,GSM9009628,Gastrocnemius Skeletal muscle,gastrocnemius,UBERON:0001388,0,0,notAvailable,notAvailable,notAvailable,Skeletal muscle myofibers,skeletal muscle fiber,CL:0008002,healthy,normal,PATO:0000461,notAvailable,WT,notAvailable,notAvailable,notAvailable,notAvailable,notAvailable
PROJ186,GSE298342,SAM1242,LSP2,Homo sapiens,GSM9012187,NSCs,central nervous system,UBERON:0001017,1,1,IPSC-derived,human induced pluripotent stem cell line cell,CLO:0037308,Neural Stem Cells (NSCs),neural stem cell,CL:0000047,oculocerebrorenal syndrome,oculocerebrorenal syndrome,DOID:1056,notAvailable,OCRL_MUT,notAvailable,notAvailable,notAvailable,notAvailable,notAvailable
PROJ186,GSE298342,SAM1243,LSP3,Homo sapiens,GSM9012188,NSCs,central nervous system,UBERON:0001017,1,1,IPSC-derived,human induced pluripotent stem cell line cell,CLO:0037308,Neural Stem Cells (NSCs),neural stem cell,CL:0000047,oculocerebrorenal syndrome,oculocerebrorenal syndrome,DOID:1056,notAvailable,OCRL_MUT,notAvailable,notAvailable,notAvailable,notAvailable,notAvailable
PROJ186,GSE298342,SAM1244,WT1,Homo sapiens,GSM9012186,NSCs,central nervous system,UBERON:0001017,1,1,IPSC-derived,human induced pluripotent stem cell line cell,CLO:0037308,Neural Stem Cells (NSCs),neural stem cell,CL:0000047,healthy,normal,PATO:0000461,notAvailable,OCRL_WT,notAvailable,notAvailable,notAvailable,notAvailable,notAvailable
PROJ187,GSE299481,SAM1245,My,Mus musculus,GSM9039659,ventricles,cardiac ventricle,UBERON:0002082,0,0,notAvailable,notAvailable,notAvailable,mixed,notAvailable,notAvailable,healthy,normal,PATO:0000461,4_hydroxytamoxifen,MYCN_cKO_Myh6_MerCreMer,notAvailable,notAvailable,4_day,neonatal,Mycn conditional knockout
PROJ187,GSE299481,SAM1246,Ctrl,Mus musculus,GSM9039658,ventricles,cardiac ventricle,UBERON:0002082,0,0,notAvailable,notAvailable,notAvailable,mixed,notAvailable,notAvailable,healthy,normal,PATO:0000461,corn_oil_vehicle,MYCN_cKO_Myh6_MerCreMer,notAvailable,notAvailable,4_day,neonatal,Control
PROJ188,GSE300730,SAM1247,QCKG1,Mus musculus,GSM9067435,embryonic,blastocyst,UBERON:0000358,1,1,E14TG2a,mouse embryonic stem cell line cell,CLO:0037317,embryonic,embryonic stem cell,CL:0002322,healthy,normal,PATO:0000461,notAvailable,WT,notAvailable,notAvailable,notAvailable,notAvailable,notAvailable
PROJ188,GSE300730,SAM1248,QCKG2,Mus musculus,GSM9067436,embryonic,blastocyst,UBERON:0000358,1,1,E14TG2a,mouse embryonic stem cell line cell,CLO:0037317,embryonic,embryonic stem cell,CL:0002322,healthy,normal,PATO:0000461,notAvailable,WT,notAvailable,notAvailable,notAvailable,notAvailable,notAvailable
PROJ189,GSE302266,SAM1249,Day25,Homo sapiens,GSM9100659,Kidney organoid,kidney,UBERON:0002113,1,1,iPSC,human induced pluripotent stem cell line cell,CLO:0037308,iPSC,pluripotent stem cell,CL:0002248,healthy,normal,PATO:0000461,notAvailable,notAvailable,notAvailable,notAvailable,25_day,notAvailable,notAvailable
PROJ189,GSE302266,SAM1250,Day7,Homo sapiens,GSM9100653,Kidney organoid,kidney,UBERON:0002113,1,1,iPSC,human induced pluripotent stem cell line cell,CLO:0037308,iPSC,pluripotent stem cell,CL:0002248,healthy,normal,PATO:0000461,notAvailable,notAvailable,notAvailable,notAvailable,7_day,notAvailable,notAvailable
PROJ189,GSE302266,SAM1251,Day19,Homo sapiens,GSM9100657,Kidney organoid,kidney,UBERON:0002113,1,1,iPSC,human induced pluripotent stem cell line cell,CLO:0037308,iPSC,pluripotent stem cell,CL:0002248,healthy,normal,PATO:0000461,notAvailable,notAvailable,notAvailable,notAvailable,19_day,notAvailable,notAvailable
PROJ189,GSE302266,SAM1252,Day12,Homo sapiens,GSM9100655,Kidney organoid,kidney,UBERON:0002113,1,1,iPSC,human induced pluripotent stem cell line cell,CLO:0037308,iPSC,pluripotent stem cell,CL:0002248,healthy,normal,PATO:0000461,notAvailable,notAvailable,notAvailable,notAvailable,12_day,notAvailable,notAvailable
PROJ190,10x_human_brain_1,SAM1253,10x_human_brain_1,Homo sapiens,10x_human_brain_1,brain,brain,UBERON:0000955,0,0,notAvailable,notAvailable,notAvailable,notAvailable,notAvailable,notAvailable,healthy,normal,PATO:0000461,notAvailable,notAvailable,notAvailable,notAvailable,notAvailable,notAvailable,notAvailable
PROJ191,10x_human_brain_2,SAM1254,10x_human_brain_2,Homo sapiens,10x_human_brain_2,brain,brain,UBERON:0000955,0,0,notAvailable,notAvailable,notAvailable,notAvailable,notAvailable,notAvailable,healthy,normal,PATO:0000461,notAvailable,notAvailable,notAvailable,notAvailable,notAvailable,notAvailable,notAvailable
PROJ192,10x_human_Jejunum,SAM1255,10x_human_Jejunum,Homo sapiens,10x_human_Jejunum,jejunum,jejunum,UBERON:0002115,0,0,notAvailable,notAvailable,notAvailable,notAvailable,notAvailable,notAvailable,healthy,normal,PATO:0000461,notAvailable,notAvailable,notAvailable,notAvailable,notAvailable,notAvailable,notAvailable
PROJ193,10x_human_kidney,SAM1256,10x_human_kidney,Homo sapiens,10x_human_kidney,kidney,kidney,UBERON:0002113,0,0,notAvailable,notAvailable,notAvailable,notAvailable,notAvailable,notAvailable,healthy,normal,PATO:0000461,notAvailable,notAvailable,notAvailable,notAvailable,notAvailable,notAvailable,notAvailable
PROJ194,10x_human_lymph_1,SAM1257,10x_human_lymph_1,Homo sapiens,10x_human_lymph_1,lymph-node,lymph node,UBERON:0000029,0,0,notAvailable,notAvailable,notAvailable,notAvailable,notAvailable,notAvailable,healthy,normal,PATO:0000461,notAvailable,notAvailable,notAvailable,notAvailable,notAvailable,notAvailable,notAvailable
PROJ195,10x_human_lymph_2,SAM1258,10x_human_lymph_2,Homo sapiens,10x_human_lymph_2,lymph-node,lymph node,UBERON:0000029,0,0,notAvailable,notAvailable,notAvailable,notAvailable,notAvailable,notAvailable,healthy,normal,PATO:0000461,notAvailable,notAvailable,notAvailable,notAvailable,notAvailable,notAvailable,notAvailable
PROJ196,10x_human_PBMC_1,SAM1259,10x_human_PBMC_1,Homo sapiens,10x_human_PBMC_1,Peripheral blood,blood,UBERON:0000178,0,0,notAvailable,notAvailable,notAvailable,PBMC,peripheral blood mononuclear cell,CL:2000001,healthy,normal,PATO:0000461,notAvailable,notAvailable,notAvailable,notAvailable,notAvailable,notAvailable,notAvailable
PROJ197,10x_human_PBMC_2,SAM1260,10x_human_PBMC_2,Homo sapiens,10x_human_PBMC_2,Peripheral blood,blood,UBERON:0000178,0,0,notAvailable,notAvailable,notAvailable,PBMC,peripheral blood mononuclear cell,CL:2000001,healthy,normal,PATO:0000461,notAvailable,notAvailable,notAvailable,notAvailable,notAvailable,notAvailable,notAvailable
PROJ198,10x_human_PBMC_3,SAM1261,10x_human_PBMC_3,Homo sapiens,10x_human_PBMC_3,Peripheral blood,blood,UBERON:0000178,0,0,notAvailable,notAvailable,notAvailable,PBMC,peripheral blood mononuclear cell,CL:2000001,healthy,normal,PATO:0000461,notAvailable,notAvailable,notAvailable,notAvailable,notAvailable,notAvailable,notAvailable
PROJ199,10x_human_PBMC_4,SAM1262,10x_human_PBMC_4,Homo sapiens,10x_human_PBMC_4,Peripheral blood,blood,UBERON:0000178,0,0,notAvailable,notAvailable,notAvailable,PBMC,peripheral blood mononuclear cell,CL:2000001,healthy,normal,PATO:0000461,notAvailable,notAvailable,notAvailable,notAvailable,notAvailable,notAvailable,notAvailable
PROJ200,10x_human_PBMC_5,SAM1263,10x_human_PBMC_5,Homo sapiens,10x_human_PBMC_5,Peripheral blood,blood,UBERON:0000178,0,0,notAvailable,notAvailable,notAvailable,PBMC,peripheral blood mononuclear cell,CL:2000001,healthy,normal,PATO:0000461,notAvailable,notAvailable,notAvailable,notAvailable,notAvailable,notAvailable,notAvailable
PROJ201,10x_human_PBMC_6,SAM1264,10x_human_PBMC_6,Homo sapiens,10x_human_PBMC_6,Peripheral blood,blood,UBERON:0000178,0,0,notAvailable,notAvailable,notAvailable,PBMC,peripheral blood mononuclear cell,CL:2000001,healthy,normal,PATO:0000461,notAvailable,notAvailable,notAvailable,notAvailable,notAvailable,notAvailable,notAvailable
PROJ202,10x_human_PBMC_7,SAM1265,10x_human_PBMC_7,Homo sapiens,10x_human_PBMC_7,Peripheral blood,blood,UBERON:0000178,0,0,notAvailable,notAvailable,notAvailable,PBMC,peripheral blood mononuclear cell,CL:2000001,healthy,normal,PATO:0000461,notAvailable,notAvailable,notAvailable,notAvailable,notAvailable,notAvailable,notAvailable
PROJ203,10x_human_PBMC_8,SAM1266,10x_human_PBMC_8,Homo sapiens,10x_human_PBMC_8,Peripheral blood,blood,UBERON:0000178,0,0,notAvailable,notAvailable,notAvailable,PBMC,peripheral blood mononuclear cell,CL:2000001,healthy,normal,PATO:0000461,notAvailable,notAvailable,notAvailable,notAvailable,notAvailable,notAvailable,notAvailable
PROJ204,10x_human_PBMC_9,SAM1267,10x_human_PBMC_9,Homo sapiens,10x_human_PBMC_9,Peripheral blood,blood,UBERON:0000178,0,0,notAvailable,notAvailable,notAvailable,PBMC,peripheral blood mononuclear cell,CL:2000001,healthy,normal,PATO:0000461,notAvailable,notAvailable,notAvailable,notAvailable,notAvailable,notAvailable,notAvailable
PROJ205,10x_human_PBMC_10,SAM1268,10x_human_PBMC_10,Homo sapiens,10x_human_PBMC_10,Peripheral blood,blood,UBERON:0000178,0,0,notAvailable,notAvailable,notAvailable,PBMC,peripheral blood mononuclear cell,CL:2000001,healthy,normal,PATO:0000461,notAvailable,notAvailable,notAvailable,notAvailable,notAvailable,notAvailable,notAvailable
PROJ206,10x_mouse_brain_1,SAM1269,10x_mouse_brain_1,Mus musculus,10x_mouse_brain_1,brain,brain,UBERON:0000955,0,0,notAvailable,notAvailable,notAvailable,notAvailable,notAvailable,notAvailable,healthy,normal,PATO:0000461,notAvailable,WT,notAvailable,notAvailable,notAvailable,notAvailable,notAvailable
PROJ207,10x_mouse_brain_2,SAM1270,10x_mouse_brain_2,Mus musculus,10x_mouse_brain_2,brain,brain,UBERON:0000955,0,0,notAvailable,notAvailable,notAvailable,notAvailable,notAvailable,notAvailable,healthy,normal,PATO:0000461,notAvailable,WT,notAvailable,notAvailable,notAvailable,notAvailable,notAvailable
PROJ208,"10x_mouse_cortex, hippocampus, ventricular zone, brain_1",SAM1271,"10x_mouse_cortex, hippocampus, ventricular zone, brain_1",Mus musculus,"10x_mouse_cortex, hippocampus, ventricular zone, brain_1",brain,brain,UBERON:0000955,0,0,notAvailable,notAvailable,notAvailable,notAvailable,notAvailable,notAvailable,healthy,normal,PATO:0000461,notAvailable,WT,notAvailable,notAvailable,notAvailable,notAvailable,notAvailable
PROJ209,"10x_mouse_cortex, hippocampus, ventricular zone, brain_2",SAM1272,"10x_mouse_cortex, hippocampus, ventricular zone, brain_2",Mus musculus,"10x_mouse_cortex, hippocampus, ventricular zone, brain_2",brain,brain,UBERON:0000955,0,0,notAvailable,notAvailable,notAvailable,notAvailable,notAvailable,notAvailable,healthy,normal,PATO:0000461,notAvailable,WT,notAvailable,notAvailable,notAvailable,notAvailable,notAvailable
PROJ210,10x_mouse_kidney,SAM1273,10x_mouse_kidney,Mus musculus,10x_mouse_kidney,kidney,kidney,UBERON:0002113,0,0,notAvailable,notAvailable,notAvailable,notAvailable,notAvailable,notAvailable,healthy,normal,PATO:0000461,notAvailable,WT,notAvailable,notAvailable,notAvailable,notAvailable,notAvailable
